-- phpMyAdmin SQL Dump
-- version 5.0.4
-- https://www.phpmyadmin.net/
--
-- Host: localhost:3306
-- Generation Time: Feb 21, 2021 at 08:51 AM
-- Server version: 5.7.24
-- PHP Version: 7.4.12

SET SQL_MODE = "NO_AUTO_VALUE_ON_ZERO";
START TRANSACTION;
SET time_zone = "+00:00";


/*!40101 SET @OLD_CHARACTER_SET_CLIENT=@@CHARACTER_SET_CLIENT */;
/*!40101 SET @OLD_CHARACTER_SET_RESULTS=@@CHARACTER_SET_RESULTS */;
/*!40101 SET @OLD_COLLATION_CONNECTION=@@COLLATION_CONNECTION */;
/*!40101 SET NAMES utf8mb4 */;

--
-- Database: `inventory`
--

-- --------------------------------------------------------

--
-- Table structure for table `accounts`
--

CREATE TABLE `accounts` (
  `id` bigint(20) UNSIGNED NOT NULL,
  `account_no` varchar(255) COLLATE utf8mb4_unicode_ci NOT NULL,
  `name` varchar(255) COLLATE utf8mb4_unicode_ci NOT NULL,
  `initial_balance` double DEFAULT NULL,
  `note` text COLLATE utf8mb4_unicode_ci,
  `status` enum('1','2') COLLATE utf8mb4_unicode_ci NOT NULL DEFAULT '1' COMMENT '1=active,2=inactive',
  `created_by` varchar(255) COLLATE utf8mb4_unicode_ci DEFAULT NULL,
  `updated_by` varchar(255) COLLATE utf8mb4_unicode_ci DEFAULT NULL,
  `created_at` timestamp NULL DEFAULT NULL,
  `updated_at` timestamp NULL DEFAULT NULL
) ENGINE=InnoDB DEFAULT CHARSET=utf8mb4 COLLATE=utf8mb4_unicode_ci;

--
-- Dumping data for table `accounts`
--

INSERT INTO `accounts` (`id`, `account_no`, `name`, `initial_balance`, `note`, `status`, `created_by`, `updated_by`, `created_at`, `updated_at`) VALUES
(1, '11122233', 'Cash', 5000, 'Lorem ipsum dollar', '1', 'Super Admin', NULL, '2021-01-21 09:35:16', '2021-01-21 09:35:16'),
(2, '5555555', 'SCB', 30000, NULL, '1', 'Super Admin', 'Super Admin', '2021-01-21 09:35:37', '2021-01-21 09:36:02');

-- --------------------------------------------------------

--
-- Table structure for table `attendances`
--

CREATE TABLE `attendances` (
  `id` bigint(20) UNSIGNED NOT NULL,
  `employee_id` bigint(20) UNSIGNED NOT NULL,
  `check_in` varchar(255) COLLATE utf8mb4_unicode_ci NOT NULL,
  `check_out` varchar(255) COLLATE utf8mb4_unicode_ci DEFAULT NULL,
  `date` date NOT NULL,
  `status` enum('1','2') COLLATE utf8mb4_unicode_ci NOT NULL DEFAULT '1' COMMENT '1=,2=inactive',
  `created_by` varchar(255) COLLATE utf8mb4_unicode_ci DEFAULT NULL,
  `updated_by` varchar(255) COLLATE utf8mb4_unicode_ci DEFAULT NULL,
  `created_at` timestamp NULL DEFAULT NULL,
  `updated_at` timestamp NULL DEFAULT NULL
) ENGINE=InnoDB DEFAULT CHARSET=utf8mb4 COLLATE=utf8mb4_unicode_ci;

-- --------------------------------------------------------

--
-- Table structure for table `brands`
--

CREATE TABLE `brands` (
  `id` bigint(20) UNSIGNED NOT NULL,
  `title` varchar(255) COLLATE utf8mb4_unicode_ci NOT NULL,
  `image` varchar(255) COLLATE utf8mb4_unicode_ci DEFAULT NULL,
  `status` enum('1','2') COLLATE utf8mb4_unicode_ci NOT NULL DEFAULT '1' COMMENT '1=active,2=inactive',
  `created_by` varchar(255) COLLATE utf8mb4_unicode_ci DEFAULT NULL,
  `updated_by` varchar(255) COLLATE utf8mb4_unicode_ci DEFAULT NULL,
  `created_at` timestamp NULL DEFAULT NULL,
  `updated_at` timestamp NULL DEFAULT NULL
) ENGINE=InnoDB DEFAULT CHARSET=utf8mb4 COLLATE=utf8mb4_unicode_ci;

--
-- Dumping data for table `brands`
--

INSERT INTO `brands` (`id`, `title`, `image`, `status`, `created_by`, `updated_by`, `created_at`, `updated_at`) VALUES
(1, 'Apple', 'Apple-logo-265979.png', '1', 'Super Admin', NULL, '2020-12-26 10:08:14', '2020-12-26 10:08:14'),
(2, 'Samsung', 'dc36c1d02dfe2ec192b7ec6d2289cb2d-690974.png', '1', 'Super Admin', NULL, '2020-12-26 10:08:28', '2020-12-26 10:08:28'),
(3, 'Xiaomi', '1024px-Xiaomi_logo.svg-547529.png', '1', 'Super Admin', NULL, '2020-12-26 10:08:49', '2020-12-26 10:08:49'),
(4, 'Huawei', '58ac4d880aaa10546adf2711-140854.png', '1', 'Super Admin', NULL, '2020-12-26 10:09:07', '2020-12-26 10:09:07'),
(5, 'HP', 'HP_logo_630x630-669201.png', '1', 'Super Admin', NULL, '2020-12-26 10:09:20', '2020-12-26 10:09:20'),
(6, 'Dell', '1024px-Dell_Logo.svg-238989.png', '1', 'Super Admin', NULL, '2020-12-26 10:09:33', '2020-12-26 10:09:33');

-- --------------------------------------------------------

--
-- Table structure for table `cache`
--

CREATE TABLE `cache` (
  `key` varchar(255) COLLATE utf8mb4_unicode_ci NOT NULL,
  `value` mediumtext COLLATE utf8mb4_unicode_ci NOT NULL,
  `expiration` int(11) NOT NULL
) ENGINE=InnoDB DEFAULT CHARSET=utf8mb4 COLLATE=utf8mb4_unicode_ci;

--
-- Dumping data for table `cache`
--

INSERT INTO `cache` (`key`, `value`, `expiration`) VALUES
('laravel_cache_active_customer_groups', 'O:29:\"Illuminate\\Support\\Collection\":1:{s:8:\"\0*\0items\";a:3:{i:0;O:8:\"stdClass\":8:{s:2:\"id\";i:1;s:10:\"group_name\";s:7:\"General\";s:10:\"percentage\";N;s:6:\"status\";s:1:\"1\";s:10:\"created_by\";s:11:\"Super Admin\";s:10:\"updated_by\";N;s:10:\"created_at\";s:19:\"2020-12-26 16:11:04\";s:10:\"updated_at\";s:19:\"2020-12-26 16:11:04\";}i:1;O:8:\"stdClass\":8:{s:2:\"id\";i:2;s:10:\"group_name\";s:11:\"Distributor\";s:10:\"percentage\";d:3;s:6:\"status\";s:1:\"1\";s:10:\"created_by\";s:11:\"Super Admin\";s:10:\"updated_by\";N;s:10:\"created_at\";s:19:\"2020-12-26 16:11:19\";s:10:\"updated_at\";s:19:\"2020-12-26 16:11:19\";}i:2;O:8:\"stdClass\":8:{s:2:\"id\";i:3;s:10:\"group_name\";s:8:\"Retailer\";s:10:\"percentage\";d:1.5;s:6:\"status\";s:1:\"1\";s:10:\"created_by\";s:11:\"Super Admin\";s:10:\"updated_by\";N;s:10:\"created_at\";s:19:\"2020-12-26 16:11:39\";s:10:\"updated_at\";s:19:\"2020-12-26 16:11:39\";}}}', 1924359263),
('laravel_cacheadmin@admin.com|127.0.0.1', 'i:1;', 1611671130),
('laravel_cacheadmin@admin.com|127.0.0.1:timer', 'i:1611671130;', 1611671130),
('laravel_cachearman@mail.com|127.0.0.1', 'i:1;', 1611671414),
('laravel_cachearman@mail.com|127.0.0.1:timer', 'i:1611671414;', 1611671414);

-- --------------------------------------------------------

--
-- Table structure for table `categories`
--

CREATE TABLE `categories` (
  `id` bigint(20) UNSIGNED NOT NULL,
  `name` varchar(255) COLLATE utf8mb4_unicode_ci NOT NULL,
  `status` enum('1','2') COLLATE utf8mb4_unicode_ci NOT NULL DEFAULT '1' COMMENT '1=active,2=inactive',
  `created_by` varchar(255) COLLATE utf8mb4_unicode_ci DEFAULT NULL,
  `updated_by` varchar(255) COLLATE utf8mb4_unicode_ci DEFAULT NULL,
  `created_at` timestamp NULL DEFAULT NULL,
  `updated_at` timestamp NULL DEFAULT NULL
) ENGINE=InnoDB DEFAULT CHARSET=utf8mb4 COLLATE=utf8mb4_unicode_ci;

--
-- Dumping data for table `categories`
--

INSERT INTO `categories` (`id`, `name`, `status`, `created_by`, `updated_by`, `created_at`, `updated_at`) VALUES
(1, 'Mobile', '1', 'Super Admin', NULL, '2020-12-26 10:06:40', '2020-12-26 10:06:40'),
(2, 'Laptop', '1', 'Super Admin', NULL, '2020-12-26 10:06:49', '2020-12-26 10:06:49'),
(3, 'Headphone', '1', 'Super Admin', NULL, '2020-12-26 10:07:08', '2020-12-26 10:07:08'),
(4, 'Watch', '1', 'Super Admin', NULL, '2020-12-26 10:07:29', '2020-12-26 10:07:29');

-- --------------------------------------------------------

--
-- Table structure for table `customers`
--

CREATE TABLE `customers` (
  `id` bigint(20) UNSIGNED NOT NULL,
  `customer_group_id` bigint(20) UNSIGNED NOT NULL,
  `name` varchar(255) COLLATE utf8mb4_unicode_ci NOT NULL,
  `company_name` varchar(255) COLLATE utf8mb4_unicode_ci DEFAULT NULL,
  `tax_number` varchar(255) COLLATE utf8mb4_unicode_ci DEFAULT NULL,
  `email` varchar(255) COLLATE utf8mb4_unicode_ci DEFAULT NULL,
  `phone` varchar(255) COLLATE utf8mb4_unicode_ci DEFAULT NULL,
  `address` varchar(255) COLLATE utf8mb4_unicode_ci DEFAULT NULL,
  `city` varchar(255) COLLATE utf8mb4_unicode_ci DEFAULT NULL,
  `state` varchar(255) COLLATE utf8mb4_unicode_ci DEFAULT NULL,
  `postal_code` varchar(255) COLLATE utf8mb4_unicode_ci DEFAULT NULL,
  `country` varchar(255) COLLATE utf8mb4_unicode_ci DEFAULT NULL,
  `status` enum('1','2') COLLATE utf8mb4_unicode_ci NOT NULL DEFAULT '1' COMMENT '1=active,2=inactive',
  `created_by` varchar(255) COLLATE utf8mb4_unicode_ci DEFAULT NULL,
  `updated_by` varchar(255) COLLATE utf8mb4_unicode_ci DEFAULT NULL,
  `created_at` timestamp NULL DEFAULT NULL,
  `updated_at` timestamp NULL DEFAULT NULL
) ENGINE=InnoDB DEFAULT CHARSET=utf8mb4 COLLATE=utf8mb4_unicode_ci;

--
-- Dumping data for table `customers`
--

INSERT INTO `customers` (`id`, `customer_group_id`, `name`, `company_name`, `tax_number`, `email`, `phone`, `address`, `city`, `state`, `postal_code`, `country`, `status`, `created_by`, `updated_by`, `created_at`, `updated_at`) VALUES
(1, 1, 'Mr. AAA', 'AAA Electronics', '46485464', NULL, '01521225698', NULL, NULL, NULL, NULL, NULL, '1', 'Super Admin', NULL, '2020-12-26 10:14:57', '2020-12-26 10:14:57'),
(2, 1, 'Mr. BBB', 'BBB ELoctronics & Gadget', '454654564', NULL, '01521225632', NULL, NULL, NULL, NULL, NULL, '1', 'Super Admin', NULL, '2020-12-26 10:15:26', '2020-12-26 10:15:26'),
(3, 2, 'Mr. CCC', 'CCC Electronics', '4645644', NULL, '01521225634', NULL, NULL, NULL, NULL, NULL, '1', 'Super Admin', NULL, '2020-12-26 10:15:52', '2020-12-26 10:15:52'),
(4, 3, 'Mr. DDD', 'DDD Electronics', '46546554', NULL, '01521222532', NULL, NULL, NULL, NULL, NULL, '1', 'Super Admin', NULL, '2020-12-26 10:16:17', '2020-12-26 10:16:17');

-- --------------------------------------------------------

--
-- Table structure for table `customer_groups`
--

CREATE TABLE `customer_groups` (
  `id` bigint(20) UNSIGNED NOT NULL,
  `group_name` varchar(255) COLLATE utf8mb4_unicode_ci NOT NULL,
  `percentage` double(8,2) DEFAULT NULL,
  `status` enum('1','2') COLLATE utf8mb4_unicode_ci NOT NULL DEFAULT '1' COMMENT '1=active,2=inactive',
  `created_by` varchar(255) COLLATE utf8mb4_unicode_ci DEFAULT NULL,
  `updated_by` varchar(255) COLLATE utf8mb4_unicode_ci DEFAULT NULL,
  `created_at` timestamp NULL DEFAULT NULL,
  `updated_at` timestamp NULL DEFAULT NULL
) ENGINE=InnoDB DEFAULT CHARSET=utf8mb4 COLLATE=utf8mb4_unicode_ci;

--
-- Dumping data for table `customer_groups`
--

INSERT INTO `customer_groups` (`id`, `group_name`, `percentage`, `status`, `created_by`, `updated_by`, `created_at`, `updated_at`) VALUES
(1, 'General', NULL, '1', 'Super Admin', NULL, '2020-12-26 10:11:04', '2020-12-26 10:11:04'),
(2, 'Distributor', 3.00, '1', 'Super Admin', NULL, '2020-12-26 10:11:19', '2020-12-26 10:11:19'),
(3, 'Retailer', 1.50, '1', 'Super Admin', NULL, '2020-12-26 10:11:39', '2020-12-26 10:11:39');

-- --------------------------------------------------------

--
-- Table structure for table `departments`
--

CREATE TABLE `departments` (
  `id` bigint(20) UNSIGNED NOT NULL,
  `name` varchar(255) COLLATE utf8mb4_unicode_ci NOT NULL,
  `status` enum('1','2') COLLATE utf8mb4_unicode_ci NOT NULL DEFAULT '1' COMMENT '1=active,2=inactive',
  `created_by` varchar(255) COLLATE utf8mb4_unicode_ci DEFAULT NULL,
  `updated_by` varchar(255) COLLATE utf8mb4_unicode_ci DEFAULT NULL,
  `created_at` timestamp NULL DEFAULT NULL,
  `updated_at` timestamp NULL DEFAULT NULL
) ENGINE=InnoDB DEFAULT CHARSET=utf8mb4 COLLATE=utf8mb4_unicode_ci;

--
-- Dumping data for table `departments`
--

INSERT INTO `departments` (`id`, `name`, `status`, `created_by`, `updated_by`, `created_at`, `updated_at`) VALUES
(1, 'HR', '1', 'Super Admin', NULL, '2021-02-02 08:47:34', '2021-02-02 08:47:34'),
(2, 'IT', '1', 'Super Admin', NULL, '2021-02-02 08:47:46', '2021-02-02 08:47:46'),
(3, 'Accounts', '1', 'Super Admin', NULL, '2021-02-02 08:47:56', '2021-02-02 08:49:18');

-- --------------------------------------------------------

--
-- Table structure for table `employees`
--

CREATE TABLE `employees` (
  `id` bigint(20) UNSIGNED NOT NULL,
  `name` varchar(255) COLLATE utf8mb4_unicode_ci NOT NULL,
  `phone` varchar(255) COLLATE utf8mb4_unicode_ci NOT NULL,
  `image` varchar(255) COLLATE utf8mb4_unicode_ci DEFAULT NULL,
  `address` varchar(255) COLLATE utf8mb4_unicode_ci NOT NULL,
  `city` varchar(255) COLLATE utf8mb4_unicode_ci NOT NULL,
  `state` varchar(255) COLLATE utf8mb4_unicode_ci NOT NULL,
  `postal_code` varchar(255) COLLATE utf8mb4_unicode_ci DEFAULT NULL,
  `country` varchar(255) COLLATE utf8mb4_unicode_ci NOT NULL,
  `department_id` bigint(20) UNSIGNED NOT NULL,
  `status` enum('1','2') COLLATE utf8mb4_unicode_ci NOT NULL DEFAULT '1' COMMENT '1=active,2=inactive',
  `created_by` varchar(255) COLLATE utf8mb4_unicode_ci DEFAULT NULL,
  `updated_by` varchar(255) COLLATE utf8mb4_unicode_ci DEFAULT NULL,
  `created_at` timestamp NULL DEFAULT NULL,
  `updated_at` timestamp NULL DEFAULT NULL
) ENGINE=InnoDB DEFAULT CHARSET=utf8mb4 COLLATE=utf8mb4_unicode_ci;

--
-- Dumping data for table `employees`
--

INSERT INTO `employees` (`id`, `name`, `phone`, `image`, `address`, `city`, `state`, `postal_code`, `country`, `department_id`, `status`, `created_by`, `updated_by`, `created_at`, `updated_at`) VALUES
(1, 'Mr. Arman', '01521225987', NULL, 'Lorem ipsum dollar', 'Dhaka', 'Dhaka', '1321', 'Bangladesh', 2, '1', 'Super Admin', NULL, '2021-02-05 12:12:09', '2021-02-05 12:12:09'),
(2, 'Mr. AAA', '01521225988', NULL, 'Lorem ipsum dollar', 'Feni', 'Dagonbhuiyhan', '1200', 'Bangladesh', 1, '1', 'Super Admin', NULL, '2021-02-05 12:12:56', '2021-02-05 12:12:56');

-- --------------------------------------------------------

--
-- Table structure for table `expenses`
--

CREATE TABLE `expenses` (
  `id` bigint(20) UNSIGNED NOT NULL,
  `expense_category_id` bigint(20) UNSIGNED DEFAULT NULL,
  `warehouse_id` bigint(20) UNSIGNED DEFAULT NULL,
  `account_id` bigint(20) UNSIGNED DEFAULT NULL,
  `amount` double NOT NULL,
  `note` text COLLATE utf8mb4_unicode_ci,
  `status` enum('1','2') COLLATE utf8mb4_unicode_ci NOT NULL DEFAULT '1' COMMENT '1=active,2=inactive',
  `created_by` varchar(255) COLLATE utf8mb4_unicode_ci DEFAULT NULL,
  `updated_by` varchar(255) COLLATE utf8mb4_unicode_ci DEFAULT NULL,
  `created_at` timestamp NULL DEFAULT NULL,
  `updated_at` timestamp NULL DEFAULT NULL
) ENGINE=InnoDB DEFAULT CHARSET=utf8mb4 COLLATE=utf8mb4_unicode_ci;

--
-- Dumping data for table `expenses`
--

INSERT INTO `expenses` (`id`, `expense_category_id`, `warehouse_id`, `account_id`, `amount`, `note`, `status`, `created_by`, `updated_by`, `created_at`, `updated_at`) VALUES
(1, 1, 1, 1, 1000, NULL, '1', 'Super Admin', NULL, '2021-01-22 13:35:24', '2021-01-22 13:35:24'),
(2, 3, 2, 1, 500, NULL, '1', 'Super Admin', NULL, '2021-02-08 08:25:02', '2021-02-08 08:25:02');

-- --------------------------------------------------------

--
-- Table structure for table `expense_categories`
--

CREATE TABLE `expense_categories` (
  `id` bigint(20) UNSIGNED NOT NULL,
  `name` varchar(255) COLLATE utf8mb4_unicode_ci NOT NULL,
  `status` enum('1','2') COLLATE utf8mb4_unicode_ci NOT NULL DEFAULT '1' COMMENT '1=active,2=inactive',
  `created_by` varchar(255) COLLATE utf8mb4_unicode_ci DEFAULT NULL,
  `updated_by` varchar(255) COLLATE utf8mb4_unicode_ci DEFAULT NULL,
  `created_at` timestamp NULL DEFAULT NULL,
  `updated_at` timestamp NULL DEFAULT NULL
) ENGINE=InnoDB DEFAULT CHARSET=utf8mb4 COLLATE=utf8mb4_unicode_ci;

--
-- Dumping data for table `expense_categories`
--

INSERT INTO `expense_categories` (`id`, `name`, `status`, `created_by`, `updated_by`, `created_at`, `updated_at`) VALUES
(1, 'Electricity', '1', 'Super Admin', NULL, '2021-01-22 13:01:15', '2021-01-22 13:01:15'),
(2, 'Snacks', '1', 'Super Admin', NULL, '2021-01-22 13:01:24', '2021-01-22 13:01:24'),
(3, 'Washing', '1', 'Super Admin', NULL, '2021-01-22 13:02:16', '2021-01-22 13:02:16');

-- --------------------------------------------------------

--
-- Table structure for table `failed_jobs`
--

CREATE TABLE `failed_jobs` (
  `id` bigint(20) UNSIGNED NOT NULL,
  `connection` text COLLATE utf8mb4_unicode_ci NOT NULL,
  `queue` text COLLATE utf8mb4_unicode_ci NOT NULL,
  `payload` longtext COLLATE utf8mb4_unicode_ci NOT NULL,
  `exception` longtext COLLATE utf8mb4_unicode_ci NOT NULL,
  `failed_at` timestamp NOT NULL DEFAULT CURRENT_TIMESTAMP
) ENGINE=InnoDB DEFAULT CHARSET=utf8mb4 COLLATE=utf8mb4_unicode_ci;

-- --------------------------------------------------------

--
-- Table structure for table `hrm_settings`
--

CREATE TABLE `hrm_settings` (
  `id` bigint(20) UNSIGNED NOT NULL,
  `check_in` varchar(255) COLLATE utf8mb4_unicode_ci NOT NULL,
  `check_out` varchar(255) COLLATE utf8mb4_unicode_ci NOT NULL,
  `created_by` varchar(255) COLLATE utf8mb4_unicode_ci NOT NULL,
  `updated_by` varchar(255) COLLATE utf8mb4_unicode_ci DEFAULT NULL,
  `created_at` timestamp NULL DEFAULT NULL,
  `updated_at` timestamp NULL DEFAULT NULL
) ENGINE=InnoDB DEFAULT CHARSET=utf8mb4 COLLATE=utf8mb4_unicode_ci;

--
-- Dumping data for table `hrm_settings`
--

INSERT INTO `hrm_settings` (`id`, `check_in`, `check_out`, `created_by`, `updated_by`, `created_at`, `updated_at`) VALUES
(1, '09:00 AM', '06:00 PM', 'Super Admin', 'Super Admin', '2021-02-05 08:59:30', '2021-02-05 09:00:00');

-- --------------------------------------------------------

--
-- Table structure for table `menus`
--

CREATE TABLE `menus` (
  `id` bigint(20) UNSIGNED NOT NULL,
  `menu_name` varchar(100) COLLATE utf8mb4_unicode_ci NOT NULL,
  `deletable` enum('1','2') COLLATE utf8mb4_unicode_ci NOT NULL DEFAULT '2' COMMENT '1=No,2=Yes',
  `created_at` timestamp NULL DEFAULT NULL,
  `updated_at` timestamp NULL DEFAULT NULL
) ENGINE=InnoDB DEFAULT CHARSET=utf8mb4 COLLATE=utf8mb4_unicode_ci;

--
-- Dumping data for table `menus`
--

INSERT INTO `menus` (`id`, `menu_name`, `deletable`, `created_at`, `updated_at`) VALUES
(1, 'Backend Menu', '2', '2020-11-14 11:29:00', '2020-11-14 11:29:00');

-- --------------------------------------------------------

--
-- Table structure for table `migrations`
--

CREATE TABLE `migrations` (
  `id` int(10) UNSIGNED NOT NULL,
  `migration` varchar(255) COLLATE utf8mb4_unicode_ci NOT NULL,
  `batch` int(11) NOT NULL
) ENGINE=InnoDB DEFAULT CHARSET=utf8mb4 COLLATE=utf8mb4_unicode_ci;

--
-- Dumping data for table `migrations`
--

INSERT INTO `migrations` (`id`, `migration`, `batch`) VALUES
(1, '2014_10_12_100000_create_password_resets_table', 1),
(2, '2019_08_19_000000_create_failed_jobs_table', 1),
(3, '2020_09_04_194947_create_roles_table', 1),
(4, '2020_09_04_194948_create_users_table', 1),
(5, '2020_09_04_195128_create_menus_table', 1),
(6, '2020_09_04_195217_create_modules_table', 1),
(7, '2020_09_04_195237_create_permissions_table', 1),
(8, '2020_09_04_195355_create_module_role_table', 1),
(21, '2020_09_04_195419_create_permission_role_table', 2),
(22, '2020_09_04_195512_create_settings_table', 2),
(23, '2020_12_06_170829_create_categories_table', 2),
(24, '2020_12_09_165229_create_brands_table', 2),
(25, '2020_12_10_172022_create_taxes_table', 2),
(36, '2020_12_21_161106_create_warehouses_table', 3),
(37, '2020_12_23_171925_create_suppliers_table', 3),
(38, '2020_12_24_143010_create_customer_groups_table', 3),
(39, '2020_12_24_160255_create_customers_table', 3),
(40, '2020_12_24_164025_create_cache_table', 3),
(41, '2020_12_24_164042_create_sessions_table', 3),
(43, '2020_12_25_180232_create_units_table', 4),
(45, '2020_12_26_154643_create_products_table', 5),
(46, '2021_01_09_163834_create_purchases_table', 6),
(47, '2021_01_09_163911_create_purchase_products_table', 6),
(48, '2021_01_09_164002_create_warehouse_products_table', 6),
(49, '2021_01_21_150140_create_accounts_table', 7),
(50, '2021_01_21_185906_create_payments_table', 8),
(51, '2021_01_22_184556_create_expense_categories_table', 9),
(52, '2021_01_22_184604_create_expenses_table', 9),
(53, '2021_01_23_175252_create_sales_table', 10),
(54, '2021_01_23_175329_create_sale_products_table', 10),
(55, '2021_02_02_142458_create_departments_table', 11),
(56, '2021_02_02_175251_create_employees_table', 12),
(57, '2021_02_02_181219_add_image_employee_table', 13),
(58, '2021_02_05_142300_create_hrm_settings_table', 14),
(59, '2021_02_05_150130_create_attendances_table', 15),
(60, '2021_02_06_154732_create_payrolls_table', 16);

-- --------------------------------------------------------

--
-- Table structure for table `modules`
--

CREATE TABLE `modules` (
  `id` bigint(20) UNSIGNED NOT NULL,
  `menu_id` bigint(20) UNSIGNED NOT NULL,
  `type` enum('1','2') COLLATE utf8mb4_unicode_ci NOT NULL COMMENT '1=divider,2=module',
  `module_name` varchar(255) COLLATE utf8mb4_unicode_ci DEFAULT NULL,
  `divider_title` varchar(255) COLLATE utf8mb4_unicode_ci DEFAULT NULL,
  `icon_class` varchar(255) COLLATE utf8mb4_unicode_ci DEFAULT NULL,
  `url` varchar(255) COLLATE utf8mb4_unicode_ci DEFAULT NULL,
  `order` int(11) DEFAULT NULL,
  `parent_id` int(10) UNSIGNED DEFAULT NULL,
  `target` enum('_self','_blank') COLLATE utf8mb4_unicode_ci NOT NULL DEFAULT '_self',
  `created_at` timestamp NULL DEFAULT NULL,
  `updated_at` timestamp NULL DEFAULT NULL
) ENGINE=InnoDB DEFAULT CHARSET=utf8mb4 COLLATE=utf8mb4_unicode_ci;

--
-- Dumping data for table `modules`
--

INSERT INTO `modules` (`id`, `menu_id`, `type`, `module_name`, `divider_title`, `icon_class`, `url`, `order`, `parent_id`, `target`, `created_at`, `updated_at`) VALUES
(1, 1, '2', 'Dashboard', NULL, 'fas fa-tachometer-alt', '/', 1, NULL, '_self', NULL, '2021-02-08 08:47:32'),
(2, 1, '1', NULL, 'Menus', NULL, NULL, 2, NULL, '_self', NULL, '2021-02-08 08:47:32'),
(3, 1, '1', NULL, 'Access Control', NULL, NULL, 12, NULL, '_self', NULL, '2021-02-08 08:47:20'),
(4, 1, '2', 'User', NULL, 'fas fa-users', 'user', 13, NULL, '_self', NULL, '2021-02-08 08:47:20'),
(5, 1, '2', 'Role', NULL, 'fas fa-user-tag', 'role', 14, NULL, '_self', NULL, '2021-02-08 08:47:20'),
(6, 1, '1', NULL, 'System', NULL, NULL, 15, NULL, '_self', NULL, '2021-02-08 08:47:20'),
(7, 1, '2', 'Menu', NULL, 'fas fa-th-list', 'menu', 18, NULL, '_self', NULL, '2021-02-08 08:47:20'),
(8, 1, '2', 'Setting', NULL, 'fas fa-cogs', 'setting', 16, NULL, '_self', NULL, '2021-02-08 08:47:20'),
(9, 1, '2', 'Permission', NULL, 'fas fa-tasks', 'menu/module/permission', 19, NULL, '_self', NULL, '2021-02-08 08:47:20'),
(10, 1, '2', 'Product', NULL, 'fab fa-product-hunt', NULL, 3, NULL, '_self', '2020-11-14 11:31:38', '2021-02-08 08:47:38'),
(11, 1, '2', 'Category', NULL, 'fas fa-list', 'category', 1, 10, '_self', '2020-11-14 11:33:04', '2020-12-26 10:19:44'),
(12, 1, '2', 'Brand', NULL, 'fab fa-bootstrap', 'brand', 23, NULL, '_self', '2020-12-10 10:21:43', '2021-02-08 08:47:20'),
(13, 1, '2', 'Tax', NULL, 'fas fa-percent', 'tax', 25, NULL, '_self', '2020-12-10 11:22:50', '2021-02-08 08:47:20'),
(14, 1, '2', 'Warehouse', NULL, 'fas fa-warehouse', 'warehouse', 21, NULL, '_self', '2020-12-21 10:07:05', '2021-02-08 08:47:20'),
(18, 1, '2', 'Supplier', NULL, 'fas fa-user-tie', 'supplier', 7, NULL, '_self', '2020-12-23 11:14:59', '2021-02-08 08:48:05'),
(19, 1, '2', 'Customer Group', NULL, 'fas fa-user-friends', 'customer-group', 20, NULL, '_self', '2020-12-24 08:25:55', '2021-02-08 08:47:20'),
(20, 1, '2', 'Customer', NULL, 'fas fa-user', 'customer', 6, NULL, '_self', '2020-12-24 08:26:52', '2021-02-08 08:47:56'),
(21, 1, '2', 'Unit', NULL, 'fas fa-weight-hanging', 'unit', 24, NULL, '_self', '2020-12-25 12:00:32', '2021-02-08 08:47:20'),
(22, 1, '2', 'Manage Product', NULL, 'fas fa-box', 'product', 2, 10, '_self', '2020-12-26 09:43:14', '2020-12-26 10:19:44'),
(23, 1, '2', 'Print Barcode', NULL, 'fas fa-barcode', 'print-barcode', 3, 10, '_self', '2021-01-06 08:49:03', '2021-01-06 08:49:20'),
(27, 1, '2', 'Purchase', NULL, 'fas fa-money-check', NULL, 5, NULL, '_self', '2021-01-09 10:28:51', '2021-02-08 08:47:56'),
(28, 1, '2', 'Add Purchase', NULL, 'far fa-plus-square', 'purchase/add', 1, 27, '_self', '2021-01-09 10:31:48', '2021-01-09 10:31:56'),
(29, 1, '2', 'Manage Purchase', NULL, 'fas fa-shopping-basket', 'purchase', 2, 27, '_self', '2021-01-09 10:32:29', '2021-01-09 10:32:36'),
(30, 1, '2', 'Accounting', NULL, 'fas fa-money-check-alt', NULL, 9, NULL, '_self', '2021-01-21 08:45:14', '2021-02-08 08:48:13'),
(31, 1, '2', 'Manage Account', NULL, 'fas fa-money-bill-alt', 'account', 1, 30, '_self', '2021-01-21 08:46:46', '2021-01-21 08:46:55'),
(32, 1, '2', 'Expense', NULL, 'fas fa-money-check-alt', NULL, 8, NULL, '_self', '2021-01-22 12:34:45', '2021-02-08 08:48:05'),
(33, 1, '2', 'Expense Category', NULL, 'fas fa-list', 'expense/category', 1, 32, '_self', '2021-01-22 12:36:28', '2021-01-22 12:39:27'),
(34, 1, '2', 'Manage Expense', NULL, 'fas fa-credit-card', 'expense', 2, 32, '_self', '2021-01-22 12:40:03', '2021-01-22 12:40:14'),
(35, 1, '2', 'Sale', NULL, 'fas fa-shopping-cart', NULL, 4, NULL, '_self', '2021-01-23 11:55:42', '2021-02-08 08:47:48'),
(36, 1, '2', 'Add Sale', NULL, 'fas fa-plus-square', 'sale/add', 1, 35, '_self', '2021-01-23 11:56:21', '2021-01-23 11:57:38'),
(37, 1, '2', 'Manage Sale', NULL, 'fab fa-opencart', 'sale', 2, 35, '_self', '2021-01-23 11:57:28', '2021-01-23 11:57:42'),
(38, 1, '2', 'HRM', NULL, 'fas fa-user-shield', NULL, 10, NULL, '_self', '2021-02-02 08:41:45', '2021-02-08 08:48:25'),
(39, 1, '2', 'Department', NULL, 'fas fa-network-wired', 'department', 1, 38, '_self', '2021-02-02 08:42:26', '2021-02-02 08:43:20'),
(40, 1, '2', 'Employee', NULL, 'fas fa-users', 'employee', 2, 38, '_self', '2021-02-02 08:51:06', '2021-02-02 08:57:50'),
(41, 1, '2', 'Attendance', NULL, 'fas fa-business-time', 'attendance', 3, 38, '_self', '2021-02-02 08:55:07', '2021-02-02 08:57:56'),
(42, 1, '2', 'Payroll', NULL, 'far fa-money-bill-alt', 'payroll', 4, 38, '_self', '2021-02-02 08:55:50', '2021-02-02 08:58:01'),
(43, 1, '2', 'Holiday', NULL, 'fas fa-file-alt', 'holiday', 22, NULL, '_self', '2021-02-02 08:56:34', '2021-02-08 08:47:20'),
(44, 1, '2', 'HRM Setting', NULL, 'fas fa-wrench', 'hrm-setting', 17, NULL, '_self', '2021-02-05 08:19:53', '2021-02-08 08:47:20'),
(45, 1, '2', 'Balance Sheet', NULL, 'fas fa-file-invoice-dollar', 'balance-sheet', 2, 30, '_self', '2021-02-07 10:16:33', '2021-02-07 10:17:13'),
(46, 1, '2', 'Report', NULL, 'fas fa-file-signature', NULL, 11, NULL, '_self', '2021-02-08 08:42:56', '2021-02-08 08:48:25'),
(47, 1, '2', 'Summary Report', NULL, 'fas fa-dot-circle', 'summary-report', 1, 46, '_self', '2021-02-08 08:43:53', '2021-02-08 08:45:01'),
(48, 1, '2', 'Product Report', NULL, 'fas fa-dot-circle', 'product-report', 2, 46, '_self', '2021-02-08 08:44:49', '2021-02-08 08:45:03'),
(49, 1, '2', 'Daily Sale', NULL, 'fas fa-dot-circle', 'daily-sale', 3, 46, '_self', '2021-02-08 08:45:27', '2021-02-19 11:29:50'),
(50, 1, '2', 'Monthly Sale', NULL, 'fas fa-dot-circle', 'monthly-sale', 4, 46, '_self', '2021-02-08 08:45:51', '2021-02-08 08:47:14'),
(51, 1, '2', 'Daily Purchase', NULL, 'fas fa-dot-circle', 'daily-purchase', 5, 46, '_self', '2021-02-08 08:46:34', '2021-02-08 08:47:17'),
(52, 1, '2', 'Monthly Purchase', NULL, 'fas fa-dot-circle', 'monthly-purchase', 6, 46, '_self', '2021-02-08 08:46:54', '2021-02-08 08:47:20');

-- --------------------------------------------------------

--
-- Table structure for table `module_role`
--

CREATE TABLE `module_role` (
  `id` bigint(20) UNSIGNED NOT NULL,
  `module_id` bigint(20) UNSIGNED NOT NULL,
  `role_id` bigint(20) UNSIGNED NOT NULL,
  `created_at` timestamp NULL DEFAULT NULL,
  `updated_at` timestamp NULL DEFAULT NULL
) ENGINE=InnoDB DEFAULT CHARSET=utf8mb4 COLLATE=utf8mb4_unicode_ci;

--
-- Dumping data for table `module_role`
--

INSERT INTO `module_role` (`id`, `module_id`, `role_id`, `created_at`, `updated_at`) VALUES
(1, 1, 2, '2020-11-14 11:40:41', '2020-11-14 11:40:41'),
(2, 2, 2, '2020-11-14 11:40:41', '2020-11-14 11:40:41'),
(3, 10, 2, '2020-11-14 11:40:41', '2020-11-14 11:40:41'),
(4, 11, 2, '2020-11-14 11:40:41', '2020-11-14 11:40:41');

-- --------------------------------------------------------

--
-- Table structure for table `password_resets`
--

CREATE TABLE `password_resets` (
  `email` varchar(255) COLLATE utf8mb4_unicode_ci NOT NULL,
  `token` varchar(255) COLLATE utf8mb4_unicode_ci NOT NULL,
  `created_at` timestamp NULL DEFAULT NULL
) ENGINE=InnoDB DEFAULT CHARSET=utf8mb4 COLLATE=utf8mb4_unicode_ci;

-- --------------------------------------------------------

--
-- Table structure for table `payments`
--

CREATE TABLE `payments` (
  `id` bigint(20) UNSIGNED NOT NULL,
  `account_id` bigint(20) UNSIGNED NOT NULL,
  `purchase_id` bigint(20) UNSIGNED DEFAULT NULL,
  `sale_id` int(11) DEFAULT NULL,
  `amount` double NOT NULL,
  `change` double DEFAULT NULL,
  `payment_method` enum('1','2','3') COLLATE utf8mb4_unicode_ci NOT NULL COMMENT '1=Cash,2=Cheque,3=Mobile',
  `payment_no` varchar(255) COLLATE utf8mb4_unicode_ci DEFAULT NULL,
  `payment_note` text COLLATE utf8mb4_unicode_ci,
  `created_by` varchar(255) COLLATE utf8mb4_unicode_ci DEFAULT NULL,
  `updated_by` varchar(255) COLLATE utf8mb4_unicode_ci DEFAULT NULL,
  `created_at` timestamp NULL DEFAULT NULL,
  `updated_at` timestamp NULL DEFAULT NULL
) ENGINE=InnoDB DEFAULT CHARSET=utf8mb4 COLLATE=utf8mb4_unicode_ci;

--
-- Dumping data for table `payments`
--

INSERT INTO `payments` (`id`, `account_id`, `purchase_id`, `sale_id`, `amount`, `change`, `payment_method`, `payment_no`, `payment_note`, `created_by`, `updated_by`, `created_at`, `updated_at`) VALUES
(1, 2, NULL, 2, 35000, 11500, '2', '4565654564', NULL, 'Super Admin', NULL, '2021-01-31 03:44:56', '2021-01-31 04:03:35'),
(2, 2, NULL, 2, 1500, 10000, '2', '111111', NULL, 'Super Admin', 'Super Admin', '2021-01-31 04:31:13', '2021-01-31 04:31:39'),
(3, 2, NULL, 2, 10000, NULL, '2', '5456', NULL, NULL, 'Super Admin', '2021-02-08 08:22:51', '2021-02-08 08:22:51'),
(4, 1, NULL, 1, 51500, NULL, '1', NULL, NULL, NULL, 'Super Admin', '2021-02-08 08:23:10', '2021-02-08 08:23:10'),
(5, 1, 2, NULL, 815490, NULL, '1', NULL, NULL, NULL, 'Super Admin', '2021-02-08 08:23:50', '2021-02-08 08:23:50'),
(6, 2, 1, NULL, 1067347, NULL, '2', '566464', NULL, NULL, 'Super Admin', '2021-02-08 08:24:09', '2021-02-08 08:24:09');

-- --------------------------------------------------------

--
-- Table structure for table `payrolls`
--

CREATE TABLE `payrolls` (
  `id` bigint(20) UNSIGNED NOT NULL,
  `employee_id` bigint(20) UNSIGNED NOT NULL,
  `account_id` bigint(20) UNSIGNED NOT NULL,
  `amount` double NOT NULL,
  `payment_method` enum('1','2','3') COLLATE utf8mb4_unicode_ci NOT NULL COMMENT '1=Cash,2=Bank,3=Mobile',
  `created_by` varchar(255) COLLATE utf8mb4_unicode_ci DEFAULT NULL,
  `updated_by` varchar(255) COLLATE utf8mb4_unicode_ci DEFAULT NULL,
  `created_at` timestamp NULL DEFAULT NULL,
  `updated_at` timestamp NULL DEFAULT NULL
) ENGINE=InnoDB DEFAULT CHARSET=utf8mb4 COLLATE=utf8mb4_unicode_ci;

--
-- Dumping data for table `payrolls`
--

INSERT INTO `payrolls` (`id`, `employee_id`, `account_id`, `amount`, `payment_method`, `created_by`, `updated_by`, `created_at`, `updated_at`) VALUES
(1, 1, 2, 45000, '2', 'Super Admin', NULL, '2021-02-08 08:25:40', '2021-02-08 08:25:40'),
(2, 2, 1, 35000, '1', 'Super Admin', NULL, '2021-02-08 08:25:55', '2021-02-08 08:25:55');

-- --------------------------------------------------------

--
-- Table structure for table `permissions`
--

CREATE TABLE `permissions` (
  `id` bigint(20) UNSIGNED NOT NULL,
  `module_id` bigint(20) UNSIGNED NOT NULL,
  `name` varchar(255) COLLATE utf8mb4_unicode_ci NOT NULL,
  `slug` varchar(255) COLLATE utf8mb4_unicode_ci NOT NULL,
  `created_at` timestamp NULL DEFAULT NULL,
  `updated_at` timestamp NULL DEFAULT NULL
) ENGINE=InnoDB DEFAULT CHARSET=utf8mb4 COLLATE=utf8mb4_unicode_ci;

--
-- Dumping data for table `permissions`
--

INSERT INTO `permissions` (`id`, `module_id`, `name`, `slug`, `created_at`, `updated_at`) VALUES
(1, 1, 'Dashboard Access', 'dashboard-access', '2020-11-14 11:35:13', NULL),
(2, 11, 'Category Access', 'category-access', '2020-11-14 11:35:57', NULL),
(3, 11, 'Category Add', 'category-add', '2020-11-14 11:35:57', NULL),
(4, 11, 'Category Edit', 'category-edit', '2020-11-14 11:35:57', NULL),
(5, 11, 'Category Delete', 'category-delete', '2020-11-14 11:35:57', NULL),
(6, 11, 'Category Bulk Delete', 'category-bulk-delete', '2020-11-14 11:35:57', NULL),
(7, 11, 'Category Report', 'category-report', '2020-11-14 11:35:57', NULL),
(8, 4, 'User Access', 'user-access', '2020-11-14 11:36:47', NULL),
(9, 4, 'User Add', 'user-add', '2020-11-14 11:36:47', NULL),
(10, 4, 'User Edit', 'user-edit', '2020-11-14 11:36:47', NULL),
(11, 4, 'User View', 'user-view', '2020-11-14 11:36:47', NULL),
(12, 4, 'User Delete', 'user-delete', '2020-11-14 11:36:47', NULL),
(13, 4, 'User Bulk Delete', 'user-bulk-delete', '2020-11-14 11:36:47', NULL),
(14, 4, 'User Report', 'user-report', '2020-11-14 11:36:47', NULL),
(15, 5, 'Role Access', 'role-access', '2020-11-14 11:37:36', NULL),
(16, 5, 'Role Add', 'role-add', '2020-11-14 11:37:36', NULL),
(17, 5, 'Role Edit', 'role-edit', '2020-11-14 11:37:36', NULL),
(18, 5, 'Role View', 'role-view', '2020-11-14 11:37:36', NULL),
(19, 5, 'Role Delete', 'role-delete', '2020-11-14 11:37:36', NULL),
(20, 5, 'Role Bulk Delete', 'role-bulk-delete', '2020-11-14 11:37:36', NULL),
(21, 5, 'Role Report', 'role-report', '2020-11-14 11:37:36', NULL),
(22, 7, 'Menu Access', 'menu-access', '2020-11-14 11:38:52', NULL),
(23, 7, 'Menu Add', 'menu-add', '2020-11-14 11:38:52', NULL),
(24, 7, 'Menu Edit', 'menu-edit', '2020-11-14 11:38:52', NULL),
(25, 7, 'Menu Delete', 'menu-delete', '2020-11-14 11:38:52', NULL),
(26, 7, 'Menu Bulk Delete', 'menu-bulk-delete', '2020-11-14 11:38:52', NULL),
(27, 7, 'Menu Report', 'menu-report', '2020-11-14 11:38:52', NULL),
(28, 7, 'Menu Builder', 'menu-builder', '2020-11-14 11:38:52', NULL),
(29, 7, 'Menu Module Add', 'menu-module-add', '2020-11-14 11:38:52', NULL),
(30, 7, 'Menu Module Edit', 'menu-module-edit', '2020-11-14 11:38:52', NULL),
(31, 7, 'Menu Module Delete', 'menu-module-delete', '2020-11-14 11:38:52', NULL),
(32, 8, 'Setting Access', 'setting-access', '2020-11-14 11:39:09', NULL),
(33, 9, 'Permission Access', 'permission-access', '2020-11-14 11:39:51', NULL),
(34, 9, 'Permission Add', 'permission-add', '2020-11-14 11:39:51', NULL),
(35, 9, 'Permission Edit', 'permission-edit', '2020-11-14 11:39:51', NULL),
(36, 9, 'Permission Delete', 'permission-delete', '2020-11-14 11:39:51', NULL),
(37, 9, 'Permission Bulk Delete', 'permission-bulk-delete', '2020-11-14 11:39:51', NULL),
(38, 9, 'Permission Report', 'permission-report', '2020-11-14 11:39:51', NULL),
(39, 12, 'Brand Access', 'brand-access', '2020-12-10 10:23:40', NULL),
(40, 12, 'Brand Add', 'brand-add', '2020-12-10 10:23:40', NULL),
(41, 12, 'Brand Edit', 'brand-edit', '2020-12-10 10:23:40', NULL),
(42, 12, 'Brand Delete', 'brand-delete', '2020-12-10 10:23:40', NULL),
(43, 12, 'Brand Bulk Delete', 'brand-bulk-delete', '2020-12-10 10:23:40', NULL),
(45, 12, 'Brand Report', 'brand-report', '2020-12-10 10:30:14', NULL),
(46, 13, 'Tax Access', 'tax-access', '2020-12-10 11:24:13', NULL),
(47, 13, 'Tax Add', 'tax-add', '2020-12-10 11:24:13', NULL),
(48, 13, 'Tax Edit', 'tax-edit', '2020-12-10 11:24:13', NULL),
(49, 13, 'Tax Delete', 'tax-delete', '2020-12-10 11:24:13', NULL),
(50, 13, 'Tax Bulk Delete', 'tax-bulk-delete', '2020-12-10 11:24:13', NULL),
(51, 13, 'Tax Report', 'tax-report', '2020-12-10 11:24:13', NULL),
(52, 14, 'Warehouse Access', 'warehouse-access', '2020-12-21 10:09:53', NULL),
(53, 14, 'Warehouse Add', 'warehouse-add', '2020-12-21 10:09:53', NULL),
(54, 14, 'Warehouse Edit', 'warehouse-edit', '2020-12-21 10:09:53', NULL),
(55, 14, 'Warehouse Delete', 'warehouse-delete', '2020-12-21 10:09:53', NULL),
(56, 14, 'Warehouse Bulk Delete', 'warehouse-bulk-delete', '2020-12-21 10:09:53', NULL),
(57, 14, 'Warehouse Report', 'warehouse-report', '2020-12-21 10:09:53', NULL),
(78, 18, 'Supplier Access', 'supplier-access', '2020-12-23 11:16:09', NULL),
(79, 18, 'Supplier Add', 'supplier-add', '2020-12-23 11:16:09', NULL),
(80, 18, 'Supplier Edit', 'supplier-edit', '2020-12-23 11:16:09', NULL),
(81, 18, 'Supplier View', 'supplier-view', '2020-12-23 11:16:09', NULL),
(82, 18, 'Supplier Delete', 'supplier-delete', '2020-12-23 11:16:09', NULL),
(83, 18, 'Supplier Bulk Delete', 'supplier-bulk-delete', '2020-12-23 11:16:09', NULL),
(84, 18, 'Supplier Report', 'supplier-report', '2020-12-23 11:16:09', NULL),
(85, 19, 'Customer Group Access', 'customer-group-access', '2020-12-24 08:28:19', NULL),
(86, 19, 'Customer Group Add', 'customer-group-add', '2020-12-24 08:28:19', NULL),
(87, 19, 'Customer Group Edit', 'customer-group-edit', '2020-12-24 08:28:19', NULL),
(88, 19, 'Customer Group Delete', 'customer-group-delete', '2020-12-24 08:28:19', NULL),
(89, 19, 'Customer Group Bulk Delete', 'customer-group-bulk-delete', '2020-12-24 08:28:19', NULL),
(90, 19, 'Customer Group Report', 'customer-group-report', '2020-12-24 08:28:19', NULL),
(91, 20, 'Customer Access', 'customer-access', '2020-12-24 08:29:05', NULL),
(92, 20, 'Customer Add', 'customer-add', '2020-12-24 08:29:05', NULL),
(93, 20, 'Customer Edit', 'customer-edit', '2020-12-24 08:29:05', NULL),
(94, 20, 'Customer View', 'customer-view', '2020-12-24 08:29:05', NULL),
(95, 20, 'Customer Delete', 'customer-delete', '2020-12-24 08:29:05', NULL),
(96, 20, 'Customer Bulk Delete', 'customer-bulk-delete', '2020-12-24 08:29:05', NULL),
(97, 20, 'Customer Report', 'customer-report', '2020-12-24 08:29:05', NULL),
(98, 21, 'Unit Access', 'unit-access', '2020-12-25 12:01:44', NULL),
(99, 21, 'Unit Add', 'unit-add', '2020-12-25 12:01:44', NULL),
(100, 21, 'Unit Edit', 'unit-edit', '2020-12-25 12:01:44', NULL),
(101, 21, 'Unit Delete', 'unit-delete', '2020-12-25 12:01:44', NULL),
(102, 21, 'Unit Bulk Delete', 'unit-bulk-delete', '2020-12-25 12:01:44', NULL),
(103, 21, 'Unit Report', 'unit-report', '2020-12-25 12:01:44', NULL),
(104, 22, 'Product Access', 'product-access', '2020-12-26 09:44:41', NULL),
(105, 22, 'Product Add', 'product-add', '2020-12-26 09:44:41', NULL),
(106, 22, 'Product Edit', 'product-edit', '2020-12-26 09:44:41', NULL),
(107, 22, 'Product View', 'product-view', '2020-12-26 09:44:41', NULL),
(108, 22, 'Product Delete', 'product-delete', '2020-12-26 09:44:41', NULL),
(109, 22, 'Product Bulk Delete', 'product-bulk-delete', '2020-12-26 09:44:41', NULL),
(110, 22, 'Product Report', 'product-report', '2020-12-26 09:44:41', NULL),
(111, 23, 'Print Barcode Access', 'print-barcode-access', '2021-01-06 08:50:07', NULL),
(112, 29, 'Purchase Access', 'purchase-access', '2021-01-09 10:37:18', NULL),
(113, 29, 'Purchase Add', 'purchase-add', '2021-01-09 10:37:18', NULL),
(114, 29, 'Purchase Edit', 'purchase-edit', '2021-01-09 10:37:18', NULL),
(115, 29, 'Purchase View', 'purchase-view', '2021-01-09 10:37:18', NULL),
(116, 29, 'Purchase Delete', 'purchase-delete', '2021-01-09 10:37:18', NULL),
(117, 29, 'Purchase Bulk Delete', 'purchase-bulk-delete', '2021-01-09 10:37:18', NULL),
(118, 29, 'Purchase Report', 'purchase-report', '2021-01-09 10:37:18', NULL),
(119, 29, 'Purchase Invoice', 'purchase-invoice', '2021-01-09 10:37:18', NULL),
(120, 29, 'Purchase Payment Add', 'purchase-payment-add', '2021-01-09 10:37:18', NULL),
(121, 29, 'Purchase Payment Edit', 'purchase-payment-edit', '2021-01-09 10:37:18', NULL),
(122, 29, 'Purchase Payment View', 'purchase-payment-view', '2021-01-09 10:37:18', NULL),
(123, 29, 'Purchase Payment Delete', 'purchase-payment-delete', '2021-01-09 10:37:18', NULL),
(124, 31, 'Account Access', 'account-access', '2021-01-21 09:00:55', NULL),
(125, 31, 'Account Add', 'account-add', '2021-01-21 09:00:55', NULL),
(126, 31, 'Account Edit', 'account-edit', '2021-01-21 09:00:55', NULL),
(127, 31, 'Account Delete', 'account-delete', '2021-01-21 09:00:55', NULL),
(128, 31, 'Account Bulk Delete', 'account-bulk-delete', '2021-01-21 09:00:55', NULL),
(129, 31, 'Account Report', 'account-report', '2021-01-21 09:00:55', NULL),
(130, 33, 'Expense Category Access', 'expense-category-access', '2021-01-22 12:42:07', NULL),
(131, 33, 'Expense Category Add', 'expense-category-add', '2021-01-22 12:42:07', NULL),
(132, 33, 'Expense Category Edit', 'expense-category-edit', '2021-01-22 12:42:07', NULL),
(133, 33, 'Expense Category Delete', 'expense-category-delete', '2021-01-22 12:42:07', NULL),
(134, 33, 'Expense Category Bulk Delete', 'expense-category-bulk-delete', '2021-01-22 12:42:07', NULL),
(135, 33, 'Expense Category Report', 'expense-category-report', '2021-01-22 12:42:07', NULL),
(136, 34, 'Expense Access', 'expense-access', '2021-01-22 12:43:08', NULL),
(137, 34, 'Expense Add', 'expense-add', '2021-01-22 12:43:08', NULL),
(138, 34, 'Expense Edit', 'expense-edit', '2021-01-22 12:43:08', NULL),
(139, 34, 'Expense Delete', 'expense-delete', '2021-01-22 12:43:08', NULL),
(140, 34, 'Expense Bulk Delete', 'expense-bulk-delete', '2021-01-22 12:43:08', NULL),
(141, 34, 'Expense Report', 'expense-report', '2021-01-22 12:43:08', NULL),
(142, 29, 'Sale Access', 'sale-access', '2021-01-23 12:00:16', NULL),
(143, 29, 'Sale Add', 'sale-add', '2021-01-23 12:00:16', NULL),
(144, 29, 'Sale Edit', 'sale-edit', '2021-01-23 12:00:16', NULL),
(145, 29, 'Sale View', 'sale-view', '2021-01-23 12:00:16', NULL),
(146, 29, 'Sale Delete', 'sale-delete', '2021-01-23 12:00:16', NULL),
(147, 29, 'Sale Bulk Delete', 'sale-bulk-delete', '2021-01-23 12:00:16', NULL),
(148, 29, 'Sale Report', 'sale-report', '2021-01-23 12:00:16', NULL),
(149, 29, 'Sale Payment Add', 'sale-payment-add', '2021-01-23 12:00:16', NULL),
(150, 29, 'Sale Payment Edit', 'sale-payment-edit', '2021-01-23 12:00:16', NULL),
(151, 29, 'Sale Payment View', 'sale-payment-view', '2021-01-23 12:00:16', NULL),
(152, 29, 'Sale Payment Delete', 'sale-payment-delete', '2021-01-23 12:00:16', NULL),
(153, 39, 'Department Access', 'department-access', '2021-02-02 08:44:45', NULL),
(154, 39, 'Department Add', 'department-add', '2021-02-02 08:44:45', NULL),
(155, 39, 'Department Edit', 'department-edit', '2021-02-02 08:44:45', NULL),
(156, 39, 'Department Delete', 'department-delete', '2021-02-02 08:44:45', NULL),
(157, 39, 'Department Bulk Delete', 'department-bulk-delete', '2021-02-02 08:44:45', NULL),
(158, 39, 'Department Report', 'department-report', '2021-02-02 08:44:45', NULL),
(159, 40, 'Employee Access', 'employee-access', '2021-02-02 08:59:26', NULL),
(160, 40, 'Employee Add', 'employee-add', '2021-02-02 08:59:26', NULL),
(161, 40, 'Employee Edit', 'employee-edit', '2021-02-02 08:59:26', NULL),
(162, 40, 'Employee View', 'employee-view', '2021-02-02 08:59:26', NULL),
(163, 40, 'Employee Delete', 'employee-delete', '2021-02-02 08:59:26', NULL),
(164, 40, 'Employee Bulk Delete', 'employee-bulk-delete', '2021-02-02 08:59:26', NULL),
(165, 40, 'Employee Report', 'employee-report', '2021-02-02 08:59:26', NULL),
(166, 41, 'Attendance Access', 'attendance-access', '2021-02-02 09:00:17', NULL),
(167, 41, 'Attendance Add', 'attendance-add', '2021-02-02 09:00:17', NULL),
(168, 41, 'Attendance Edit', 'attendance-edit', '2021-02-02 09:00:17', NULL),
(169, 41, 'Attendance Delete', 'attendance-delete', '2021-02-02 09:00:17', NULL),
(170, 41, 'Attendance Bulk Delete', 'attendance-bulk-delete', '2021-02-02 09:00:17', NULL),
(171, 41, 'Attendance Report', 'attendance-report', '2021-02-02 09:00:17', NULL),
(172, 42, 'Payroll Access', 'payroll-access', '2021-02-02 09:01:51', NULL),
(173, 42, 'Payroll Add', 'payroll-add', '2021-02-02 09:01:51', NULL),
(174, 42, 'Payroll Edit', 'payroll-edit', '2021-02-02 09:01:51', NULL),
(175, 42, 'Payroll Delete', 'payroll-delete', '2021-02-02 09:01:51', NULL),
(176, 42, 'Payroll Bulk Delete', 'payroll-bulk-delete', '2021-02-02 09:01:51', NULL),
(177, 42, 'Payroll Report', 'payroll-report', '2021-02-02 09:01:51', NULL),
(178, 43, 'Holiday Access', 'holiday-access', '2021-02-02 09:02:31', NULL),
(179, 43, 'Holiday Add', 'holiday-add', '2021-02-02 09:02:31', NULL),
(180, 43, 'Holiday Edit', 'holiday-edit', '2021-02-02 09:02:31', NULL),
(181, 43, 'Holiday Delete', 'holiday-delete', '2021-02-02 09:02:31', NULL),
(182, 43, 'Holiday Bulk Delete', 'holiday-bulk-delete', '2021-02-02 09:02:31', NULL),
(183, 43, 'Holiday Report', 'holiday-report', '2021-02-02 09:02:31', NULL),
(184, 44, 'HRM Setting Access', 'hrm-setting-access', '2021-02-05 08:22:00', NULL),
(185, 45, 'Balance Sheet Access', 'balance-sheet-access', '2021-02-07 10:18:04', NULL),
(186, 47, 'Summary Report Access', 'summary-report-access', '2021-02-08 08:57:36', NULL),
(187, 48, 'Product Report Access', 'product-report-access', '2021-02-08 08:57:56', NULL),
(188, 49, 'Daily Sale Access', 'daily-sale-access', '2021-02-08 08:58:13', NULL),
(189, 50, 'Monthly Sale Access', 'monthly-sale-access', '2021-02-08 08:58:32', NULL),
(190, 51, 'Daily Purchase Access', 'daily-purchase-access', '2021-02-08 08:58:50', '2021-02-08 08:59:24'),
(191, 52, 'Monthly Purchase Access', 'monthly-purchase-access', '2021-02-08 08:59:11', NULL);

-- --------------------------------------------------------

--
-- Table structure for table `permission_role`
--

CREATE TABLE `permission_role` (
  `id` bigint(20) UNSIGNED NOT NULL,
  `permission_id` bigint(20) UNSIGNED NOT NULL,
  `role_id` bigint(20) UNSIGNED NOT NULL,
  `created_at` timestamp NULL DEFAULT NULL,
  `updated_at` timestamp NULL DEFAULT NULL
) ENGINE=InnoDB DEFAULT CHARSET=utf8mb4 COLLATE=utf8mb4_unicode_ci;

-- --------------------------------------------------------

--
-- Table structure for table `products`
--

CREATE TABLE `products` (
  `id` bigint(20) UNSIGNED NOT NULL,
  `name` varchar(255) COLLATE utf8mb4_unicode_ci NOT NULL,
  `code` varchar(255) COLLATE utf8mb4_unicode_ci NOT NULL,
  `barcode_symbology` varchar(255) COLLATE utf8mb4_unicode_ci NOT NULL,
  `image` varchar(255) COLLATE utf8mb4_unicode_ci DEFAULT NULL,
  `brand_id` bigint(20) UNSIGNED DEFAULT NULL,
  `category_id` bigint(20) UNSIGNED NOT NULL,
  `unit_id` bigint(20) UNSIGNED NOT NULL,
  `purchase_unit_id` bigint(20) UNSIGNED NOT NULL,
  `sale_unit_id` bigint(20) UNSIGNED NOT NULL,
  `cost` double NOT NULL,
  `price` double NOT NULL,
  `qty` double DEFAULT NULL,
  `alert_qty` double DEFAULT NULL,
  `tax_id` bigint(20) UNSIGNED DEFAULT NULL,
  `tax_method` enum('1','2') COLLATE utf8mb4_unicode_ci NOT NULL COMMENT '1=Exclusive,2=Inclusive',
  `description` text COLLATE utf8mb4_unicode_ci,
  `status` enum('1','2') COLLATE utf8mb4_unicode_ci NOT NULL DEFAULT '1' COMMENT '1=Active,2=Inactive',
  `created_by` varchar(255) COLLATE utf8mb4_unicode_ci DEFAULT NULL,
  `updated_by` varchar(255) COLLATE utf8mb4_unicode_ci DEFAULT NULL,
  `created_at` timestamp NULL DEFAULT NULL,
  `updated_at` timestamp NULL DEFAULT NULL
) ENGINE=InnoDB DEFAULT CHARSET=utf8mb4 COLLATE=utf8mb4_unicode_ci;

--
-- Dumping data for table `products`
--

INSERT INTO `products` (`id`, `name`, `code`, `barcode_symbology`, `image`, `brand_id`, `category_id`, `unit_id`, `purchase_unit_id`, `sale_unit_id`, `cost`, `price`, `qty`, `alert_qty`, `tax_id`, `tax_method`, `description`, `status`, `created_by`, `updated_by`, `created_at`, `updated_at`) VALUES
(1, 'Huawei P30 Pro', '41973691', 'EAN13', 'Huawei-P30-Pro-new-627383.jpg', 4, 1, 1, 1, 1, 80999, 89999, 5, 3, 1, '2', NULL, '1', 'Super Admin', NULL, '2021-01-06 08:01:02', '2021-01-14 13:16:52'),
(2, 'Xiaomi Mi Note 10 Pro', '50107685', 'EAN13', 'xiaomi-mi-10-pro-5g-368136.jpg', 3, 1, 1, 1, 1, 40500, 45500, 3, 4, NULL, '1', NULL, '1', 'Super Admin', NULL, '2021-01-06 08:04:57', '2021-01-31 03:44:56'),
(3, 'Xiaomi A1608 Watch', '09106255', 'EAN13', 'amazfit-228x228-940161.jpg', 3, 4, 1, 1, 1, 3500, 4500, 14, 5, NULL, '1', NULL, '1', 'Super Admin', NULL, '2021-01-06 08:06:59', '2021-01-31 03:43:19'),
(4, 'Apple Watch Series 4 (MU6C2LL/A)', '30349838', 'EAN13', 'mu6c2ll-1-500x500-610329.jpg', 1, 4, 1, 1, 1, 39500, 45500, NULL, 2, 2, '2', 'Apple Watch Series 4 (MU6C2LL/A) GPS 44mm Silver Aluminum Seashell Sport Loop', '1', 'Super Admin', NULL, '2021-01-06 08:12:24', '2021-01-06 08:12:24'),
(5, 'HP SPECTRE X360 Convertible 13-ap0075TU Core i7 8th Gen 13.3\"', '25911703', 'EAN13', 'ap0075tu-2-500x500-217594.jpg', 5, 2, 1, 1, 1, 125000, 130000, NULL, 3, 2, '1', NULL, '1', 'Super Admin', NULL, '2021-01-06 08:16:14', '2021-01-06 08:16:14'),
(6, 'Apple MacBook Air', '10953917', 'EAN13', 'macbook-air-01-500x500-776419.jpg', 1, 2, 1, 1, 1, 92000, 98000, NULL, 3, NULL, '2', NULL, '1', 'Super Admin', 'Super Admin', '2021-01-06 08:18:49', '2021-01-06 08:19:03'),
(7, 'Test', '06073864', 'EAN13', NULL, 1, 1, 6, 8, 8, 100, 120, NULL, 5, 1, '1', NULL, '1', 'Super Admin', 'Super Admin', '2021-01-12 10:51:25', '2021-01-19 05:24:04');

-- --------------------------------------------------------

--
-- Table structure for table `purchases`
--

CREATE TABLE `purchases` (
  `id` bigint(20) UNSIGNED NOT NULL,
  `purchase_no` varchar(255) COLLATE utf8mb4_unicode_ci NOT NULL,
  `supplier_id` bigint(20) UNSIGNED DEFAULT NULL,
  `warehouse_id` bigint(20) UNSIGNED DEFAULT NULL,
  `item` double(8,2) NOT NULL,
  `total_qty` double(8,2) NOT NULL,
  `total_discount` double NOT NULL,
  `total_tax` double NOT NULL,
  `total_cost` double NOT NULL,
  `order_tax_rate` double DEFAULT NULL,
  `order_tax` double DEFAULT NULL,
  `order_discount` double DEFAULT NULL,
  `shipping_cost` double DEFAULT NULL,
  `grand_total` double NOT NULL,
  `paid_amount` double NOT NULL,
  `purchase_status` enum('1','2','3','4') COLLATE utf8mb4_unicode_ci NOT NULL COMMENT '1=Received,2=Partial,3=Pending,4=Ordered',
  `payment_status` enum('1','2') COLLATE utf8mb4_unicode_ci NOT NULL COMMENT '1=Paid,2=Due',
  `document` varchar(255) COLLATE utf8mb4_unicode_ci DEFAULT NULL,
  `note` text COLLATE utf8mb4_unicode_ci,
  `status` enum('1','2') COLLATE utf8mb4_unicode_ci NOT NULL DEFAULT '1' COMMENT '1=Active,2=Inactive',
  `created_by` varchar(255) COLLATE utf8mb4_unicode_ci DEFAULT NULL,
  `updated_by` varchar(255) COLLATE utf8mb4_unicode_ci DEFAULT NULL,
  `created_at` timestamp NULL DEFAULT NULL,
  `updated_at` timestamp NULL DEFAULT NULL
) ENGINE=InnoDB DEFAULT CHARSET=utf8mb4 COLLATE=utf8mb4_unicode_ci;

--
-- Dumping data for table `purchases`
--

INSERT INTO `purchases` (`id`, `purchase_no`, `supplier_id`, `warehouse_id`, `item`, `total_qty`, `total_discount`, `total_tax`, `total_cost`, `order_tax_rate`, `order_tax`, `order_discount`, `shipping_cost`, `grand_total`, `paid_amount`, `purchase_status`, `payment_status`, `document`, `note`, `status`, `created_by`, `updated_by`, `created_at`, `updated_at`) VALUES
(1, 'PINV-2021JanThu-191431', 3, 1, 2.00, 30.00, 200, 80980, 925780, 15, 138567, 2000, 5000, 1067347, 1067347, '1', '1', 'Application-388331.pdf', NULL, '1', 'Super Admin', 'Super Admin', '2021-01-14 13:14:31', '2021-02-08 08:24:09'),
(2, 'PINV-20210114-191652', 4, 2, 1.00, 10.00, 0, 73635.45, 809990, 0, 0, NULL, 5500, 815490, 815490, '2', '1', NULL, NULL, '1', 'Super Admin', 'Super Admin', '2021-01-14 13:16:52', '2021-02-08 08:23:50');

-- --------------------------------------------------------

--
-- Table structure for table `purchase_products`
--

CREATE TABLE `purchase_products` (
  `id` bigint(20) UNSIGNED NOT NULL,
  `purchase_id` bigint(20) UNSIGNED DEFAULT NULL,
  `product_id` bigint(20) UNSIGNED DEFAULT NULL,
  `qty` double NOT NULL,
  `received` double NOT NULL,
  `unit_id` bigint(20) UNSIGNED DEFAULT NULL,
  `net_unit_cost` double NOT NULL,
  `discount` double NOT NULL,
  `tax_rate` double NOT NULL,
  `tax` double NOT NULL,
  `total` double NOT NULL,
  `created_at` timestamp NULL DEFAULT NULL,
  `updated_at` timestamp NULL DEFAULT NULL
) ENGINE=InnoDB DEFAULT CHARSET=utf8mb4 COLLATE=utf8mb4_unicode_ci;

--
-- Dumping data for table `purchase_products`
--

INSERT INTO `purchase_products` (`id`, `purchase_id`, `product_id`, `qty`, `received`, `unit_id`, `net_unit_cost`, `discount`, `tax_rate`, `tax`, `total`, `created_at`, `updated_at`) VALUES
(1, 1, 2, 20, 20, 1, 40490, 200, 10, 80980, 890780, '2021-01-14 13:14:31', '2021-01-19 12:43:26'),
(2, 1, 3, 10, 10, 1, 3500, 0, 0, 0, 35000, '2021-01-14 13:14:31', '2021-01-19 12:43:26'),
(3, 2, 1, 10, 5, 1, 73635.45, 0, 10, 73635.45, 809990, '2021-01-14 13:16:52', '2021-01-14 13:16:52');

-- --------------------------------------------------------

--
-- Table structure for table `roles`
--

CREATE TABLE `roles` (
  `id` bigint(20) UNSIGNED NOT NULL,
  `role_name` varchar(255) COLLATE utf8mb4_unicode_ci NOT NULL,
  `deletable` enum('1','2') COLLATE utf8mb4_unicode_ci NOT NULL DEFAULT '2' COMMENT '1=No,2=Yes',
  `created_at` timestamp NULL DEFAULT NULL,
  `updated_at` timestamp NULL DEFAULT NULL
) ENGINE=InnoDB DEFAULT CHARSET=utf8mb4 COLLATE=utf8mb4_unicode_ci;

--
-- Dumping data for table `roles`
--

INSERT INTO `roles` (`id`, `role_name`, `deletable`, `created_at`, `updated_at`) VALUES
(1, 'Super Admin', '2', NULL, NULL),
(2, 'Admin', '2', NULL, NULL);

-- --------------------------------------------------------

--
-- Table structure for table `sales`
--

CREATE TABLE `sales` (
  `id` bigint(20) UNSIGNED NOT NULL,
  `sale_no` varchar(255) COLLATE utf8mb4_unicode_ci NOT NULL,
  `customer_id` bigint(20) UNSIGNED DEFAULT NULL,
  `warehouse_id` bigint(20) UNSIGNED DEFAULT NULL,
  `item` double(8,2) NOT NULL,
  `total_qty` double(8,2) NOT NULL,
  `total_discount` double NOT NULL,
  `total_tax` double NOT NULL,
  `total_price` double NOT NULL,
  `order_tax_rate` double DEFAULT NULL,
  `order_tax` double DEFAULT NULL,
  `order_discount` double DEFAULT NULL,
  `shipping_cost` double DEFAULT NULL,
  `grand_total` double NOT NULL,
  `paid_amount` double NOT NULL,
  `sale_status` enum('1','2') COLLATE utf8mb4_unicode_ci NOT NULL COMMENT '1=Completed,2=Pending',
  `payment_status` enum('1','2','3') COLLATE utf8mb4_unicode_ci NOT NULL COMMENT '1=Paid,2=Partial,3=Due',
  `document` varchar(255) COLLATE utf8mb4_unicode_ci DEFAULT NULL,
  `note` text COLLATE utf8mb4_unicode_ci,
  `status` enum('1','2') COLLATE utf8mb4_unicode_ci NOT NULL DEFAULT '1' COMMENT '1=Active,2=Inactive',
  `created_by` varchar(255) COLLATE utf8mb4_unicode_ci DEFAULT NULL,
  `updated_by` varchar(255) COLLATE utf8mb4_unicode_ci DEFAULT NULL,
  `created_at` timestamp NULL DEFAULT NULL,
  `updated_at` timestamp NULL DEFAULT NULL
) ENGINE=InnoDB DEFAULT CHARSET=utf8mb4 COLLATE=utf8mb4_unicode_ci;

--
-- Dumping data for table `sales`
--

INSERT INTO `sales` (`id`, `sale_no`, `customer_id`, `warehouse_id`, `item`, `total_qty`, `total_discount`, `total_tax`, `total_price`, `order_tax_rate`, `order_tax`, `order_discount`, `shipping_cost`, `grand_total`, `paid_amount`, `sale_status`, `payment_status`, `document`, `note`, `status`, `created_by`, `updated_by`, `created_at`, `updated_at`) VALUES
(1, 'SINV-20210131-094319', 3, 1, 2.00, 2.00, 0, 0, 51500, 0, 0, 0, 0, 51500, 51500, '1', '1', NULL, NULL, '1', 'Super Admin', 'Super Admin', '2021-01-31 03:43:19', '2021-02-08 08:23:10'),
(2, 'SINV-20210131-094456', 2, 1, 1.00, 1.00, 0, 0, 45500, 0, 0, 0, 1000, 46500, 46500, '1', '1', NULL, NULL, '1', 'Super Admin', 'Super Admin', '2021-01-31 03:44:56', '2021-02-08 08:22:51');

-- --------------------------------------------------------

--
-- Table structure for table `sale_products`
--

CREATE TABLE `sale_products` (
  `id` bigint(20) UNSIGNED NOT NULL,
  `sale_id` bigint(20) UNSIGNED DEFAULT NULL,
  `product_id` bigint(20) UNSIGNED DEFAULT NULL,
  `qty` double NOT NULL,
  `sale_unit_id` bigint(20) UNSIGNED DEFAULT NULL,
  `net_unit_price` double NOT NULL,
  `discount` double NOT NULL,
  `tax_rate` double NOT NULL,
  `tax` double NOT NULL,
  `total` double NOT NULL,
  `created_at` timestamp NULL DEFAULT NULL,
  `updated_at` timestamp NULL DEFAULT NULL
) ENGINE=InnoDB DEFAULT CHARSET=utf8mb4 COLLATE=utf8mb4_unicode_ci;

--
-- Dumping data for table `sale_products`
--

INSERT INTO `sale_products` (`id`, `sale_id`, `product_id`, `qty`, `sale_unit_id`, `net_unit_price`, `discount`, `tax_rate`, `tax`, `total`, `created_at`, `updated_at`) VALUES
(1, 1, 2, 1, 1, 46865, 0, 0, 0, 46865, '2021-01-31 03:43:19', '2021-01-31 03:43:19'),
(2, 1, 3, 1, 1, 4635, 0, 0, 0, 4635, '2021-01-31 03:43:19', '2021-01-31 03:43:19'),
(3, 2, 2, 1, 1, 45500, 0, 0, 0, 45500, '2021-01-31 03:44:56', '2021-01-31 03:44:56');

-- --------------------------------------------------------

--
-- Table structure for table `sessions`
--

CREATE TABLE `sessions` (
  `id` varchar(255) COLLATE utf8mb4_unicode_ci NOT NULL,
  `user_id` bigint(20) UNSIGNED DEFAULT NULL,
  `ip_address` varchar(45) COLLATE utf8mb4_unicode_ci DEFAULT NULL,
  `user_agent` text COLLATE utf8mb4_unicode_ci,
  `payload` longtext COLLATE utf8mb4_unicode_ci NOT NULL,
  `last_activity` int(11) NOT NULL
) ENGINE=InnoDB DEFAULT CHARSET=utf8mb4 COLLATE=utf8mb4_unicode_ci;

--
-- Dumping data for table `sessions`
--

INSERT INTO `sessions` (`id`, `user_id`, `ip_address`, `user_agent`, `payload`, `last_activity`) VALUES
('JndSpwlxaFiYbT0EEkHJhDPAseSliPUY1HtzZF3U', 1, '127.0.0.1', 'Mozilla/5.0 (Windows NT 10.0; Win64; x64) AppleWebKit/537.36 (KHTML, like Gecko) Chrome/88.0.4324.182 Safari/537.36', 'YTo3OntzOjY6Il90b2tlbiI7czo0MDoiOXpUUVVhSTc1b1oyd2tuYjNxSTQzT1pkRFJINDBaV1ZlTUZzQ2ZhTyI7czozOiJ1cmwiO2E6MDp7fXM6OToiX3ByZXZpb3VzIjthOjE6e3M6MzoidXJsIjtzOjUxOiJodHRwOi8vaW52ZW50b3J5LW1hbmFnZW1lbnQudGVzdC9wdXJjaGFzZS9kZXRhaWxzLzEiO31zOjY6Il9mbGFzaCI7YToyOntzOjM6Im9sZCI7YTowOnt9czozOiJuZXciO2E6MDp7fX1zOjUwOiJsb2dpbl93ZWJfNTliYTM2YWRkYzJiMmY5NDAxNTgwZjAxNGM3ZjU4ZWE0ZTMwOTg5ZCI7aToxO3M6NDoibWVudSI7TzoyNjoiVHlwaUNNU1xOZXN0YWJsZUNvbGxlY3Rpb24iOjc6e3M6ODoiACoAdG90YWwiO2k6MjU7czoxNToiACoAcGFyZW50Q29sdW1uIjtzOjk6InBhcmVudF9pZCI7czozMzoiACoAcmVtb3ZlSXRlbXNXaXRoTWlzc2luZ0FuY2VzdG9yIjtiOjE7czoxNDoiACoAaW5kZW50Q2hhcnMiO3M6ODoiwqDCoMKgwqAiO3M6MTU6IgAqAGNoaWxkcmVuTmFtZSI7czo1OiJpdGVtcyI7czoxNzoiACoAcGFyZW50UmVsYXRpb24iO3M6NjoicGFyZW50IjtzOjg6IgAqAGl0ZW1zIjthOjI1OntpOjA7TzoxNzoiQXBwXE1vZGVsc1xNb2R1bGUiOjI3OntzOjExOiIAKgBmaWxsYWJsZSI7YTo5OntpOjA7czo3OiJtZW51X2lkIjtpOjE7czo0OiJ0eXBlIjtpOjI7czoxMToibW9kdWxlX25hbWUiO2k6MztzOjEzOiJkaXZpZGVyX3RpdGxlIjtpOjQ7czoxMDoiaWNvbl9jbGFzcyI7aTo1O3M6MzoidXJsIjtpOjY7czo1OiJvcmRlciI7aTo3O3M6OToicGFyZW50X2lkIjtpOjg7czo2OiJ0YXJnZXQiO31zOjEzOiIAKgBjb25uZWN0aW9uIjtzOjU6Im15c3FsIjtzOjg6IgAqAHRhYmxlIjtzOjc6Im1vZHVsZXMiO3M6MTM6IgAqAHByaW1hcnlLZXkiO3M6MjoiaWQiO3M6MTA6IgAqAGtleVR5cGUiO3M6MzoiaW50IjtzOjEyOiJpbmNyZW1lbnRpbmciO2I6MTtzOjc6IgAqAHdpdGgiO2E6MDp7fXM6MTI6IgAqAHdpdGhDb3VudCI7YTowOnt9czoxMDoiACoAcGVyUGFnZSI7aToxNTtzOjY6ImV4aXN0cyI7YjoxO3M6MTg6Indhc1JlY2VudGx5Q3JlYXRlZCI7YjowO3M6MTM6IgAqAGF0dHJpYnV0ZXMiO2E6MTI6e3M6MjoiaWQiO2k6MTtzOjc6Im1lbnVfaWQiO2k6MTtzOjQ6InR5cGUiO3M6MToiMiI7czoxMToibW9kdWxlX25hbWUiO3M6OToiRGFzaGJvYXJkIjtzOjEzOiJkaXZpZGVyX3RpdGxlIjtOO3M6MTA6Imljb25fY2xhc3MiO3M6MjE6ImZhcyBmYS10YWNob21ldGVyLWFsdCI7czozOiJ1cmwiO3M6MToiLyI7czo1OiJvcmRlciI7aToxO3M6OToicGFyZW50X2lkIjtOO3M6NjoidGFyZ2V0IjtzOjU6Il9zZWxmIjtzOjEwOiJjcmVhdGVkX2F0IjtOO3M6MTA6InVwZGF0ZWRfYXQiO3M6MTk6IjIwMjEtMDItMDggMTQ6NDc6MzIiO31zOjExOiIAKgBvcmlnaW5hbCI7YToxMjp7czoyOiJpZCI7aToxO3M6NzoibWVudV9pZCI7aToxO3M6NDoidHlwZSI7czoxOiIyIjtzOjExOiJtb2R1bGVfbmFtZSI7czo5OiJEYXNoYm9hcmQiO3M6MTM6ImRpdmlkZXJfdGl0bGUiO047czoxMDoiaWNvbl9jbGFzcyI7czoyMToiZmFzIGZhLXRhY2hvbWV0ZXItYWx0IjtzOjM6InVybCI7czoxOiIvIjtzOjU6Im9yZGVyIjtpOjE7czo5OiJwYXJlbnRfaWQiO047czo2OiJ0YXJnZXQiO3M6NToiX3NlbGYiO3M6MTA6ImNyZWF0ZWRfYXQiO047czoxMDoidXBkYXRlZF9hdCI7czoxOToiMjAyMS0wMi0wOCAxNDo0NzozMiI7fXM6MTA6IgAqAGNoYW5nZXMiO2E6MDp7fXM6ODoiACoAY2FzdHMiO2E6MDp7fXM6MTc6IgAqAGNsYXNzQ2FzdENhY2hlIjthOjA6e31zOjg6IgAqAGRhdGVzIjthOjA6e31zOjEzOiIAKgBkYXRlRm9ybWF0IjtOO3M6MTA6IgAqAGFwcGVuZHMiO2E6MDp7fXM6MTk6IgAqAGRpc3BhdGNoZXNFdmVudHMiO2E6MDp7fXM6MTQ6IgAqAG9ic2VydmFibGVzIjthOjA6e31zOjEyOiIAKgByZWxhdGlvbnMiO2E6MTp7czo4OiJjaGlsZHJlbiI7TzoyNjoiVHlwaUNNU1xOZXN0YWJsZUNvbGxlY3Rpb24iOjc6e3M6ODoiACoAdG90YWwiO2k6MDtzOjE1OiIAKgBwYXJlbnRDb2x1bW4iO3M6OToicGFyZW50X2lkIjtzOjMzOiIAKgByZW1vdmVJdGVtc1dpdGhNaXNzaW5nQW5jZXN0b3IiO2I6MTtzOjE0OiIAKgBpbmRlbnRDaGFycyI7czo4OiLCoMKgwqDCoCI7czoxNToiACoAY2hpbGRyZW5OYW1lIjtzOjU6Iml0ZW1zIjtzOjE3OiIAKgBwYXJlbnRSZWxhdGlvbiI7czo2OiJwYXJlbnQiO3M6ODoiACoAaXRlbXMiO2E6MDp7fX19czoxMDoiACoAdG91Y2hlcyI7YTowOnt9czoxMDoidGltZXN0YW1wcyI7YjoxO3M6OToiACoAaGlkZGVuIjthOjA6e31zOjEwOiIAKgB2aXNpYmxlIjthOjA6e31zOjEwOiIAKgBndWFyZGVkIjthOjE6e2k6MDtzOjE6IioiO319aToxO086MTc6IkFwcFxNb2RlbHNcTW9kdWxlIjoyNzp7czoxMToiACoAZmlsbGFibGUiO2E6OTp7aTowO3M6NzoibWVudV9pZCI7aToxO3M6NDoidHlwZSI7aToyO3M6MTE6Im1vZHVsZV9uYW1lIjtpOjM7czoxMzoiZGl2aWRlcl90aXRsZSI7aTo0O3M6MTA6Imljb25fY2xhc3MiO2k6NTtzOjM6InVybCI7aTo2O3M6NToib3JkZXIiO2k6NztzOjk6InBhcmVudF9pZCI7aTo4O3M6NjoidGFyZ2V0Ijt9czoxMzoiACoAY29ubmVjdGlvbiI7czo1OiJteXNxbCI7czo4OiIAKgB0YWJsZSI7czo3OiJtb2R1bGVzIjtzOjEzOiIAKgBwcmltYXJ5S2V5IjtzOjI6ImlkIjtzOjEwOiIAKgBrZXlUeXBlIjtzOjM6ImludCI7czoxMjoiaW5jcmVtZW50aW5nIjtiOjE7czo3OiIAKgB3aXRoIjthOjA6e31zOjEyOiIAKgB3aXRoQ291bnQiO2E6MDp7fXM6MTA6IgAqAHBlclBhZ2UiO2k6MTU7czo2OiJleGlzdHMiO2I6MTtzOjE4OiJ3YXNSZWNlbnRseUNyZWF0ZWQiO2I6MDtzOjEzOiIAKgBhdHRyaWJ1dGVzIjthOjEyOntzOjI6ImlkIjtpOjI7czo3OiJtZW51X2lkIjtpOjE7czo0OiJ0eXBlIjtzOjE6IjEiO3M6MTE6Im1vZHVsZV9uYW1lIjtOO3M6MTM6ImRpdmlkZXJfdGl0bGUiO3M6NToiTWVudXMiO3M6MTA6Imljb25fY2xhc3MiO047czozOiJ1cmwiO047czo1OiJvcmRlciI7aToyO3M6OToicGFyZW50X2lkIjtOO3M6NjoidGFyZ2V0IjtzOjU6Il9zZWxmIjtzOjEwOiJjcmVhdGVkX2F0IjtOO3M6MTA6InVwZGF0ZWRfYXQiO3M6MTk6IjIwMjEtMDItMDggMTQ6NDc6MzIiO31zOjExOiIAKgBvcmlnaW5hbCI7YToxMjp7czoyOiJpZCI7aToyO3M6NzoibWVudV9pZCI7aToxO3M6NDoidHlwZSI7czoxOiIxIjtzOjExOiJtb2R1bGVfbmFtZSI7TjtzOjEzOiJkaXZpZGVyX3RpdGxlIjtzOjU6Ik1lbnVzIjtzOjEwOiJpY29uX2NsYXNzIjtOO3M6MzoidXJsIjtOO3M6NToib3JkZXIiO2k6MjtzOjk6InBhcmVudF9pZCI7TjtzOjY6InRhcmdldCI7czo1OiJfc2VsZiI7czoxMDoiY3JlYXRlZF9hdCI7TjtzOjEwOiJ1cGRhdGVkX2F0IjtzOjE5OiIyMDIxLTAyLTA4IDE0OjQ3OjMyIjt9czoxMDoiACoAY2hhbmdlcyI7YTowOnt9czo4OiIAKgBjYXN0cyI7YTowOnt9czoxNzoiACoAY2xhc3NDYXN0Q2FjaGUiO2E6MDp7fXM6ODoiACoAZGF0ZXMiO2E6MDp7fXM6MTM6IgAqAGRhdGVGb3JtYXQiO047czoxMDoiACoAYXBwZW5kcyI7YTowOnt9czoxOToiACoAZGlzcGF0Y2hlc0V2ZW50cyI7YTowOnt9czoxNDoiACoAb2JzZXJ2YWJsZXMiO2E6MDp7fXM6MTI6IgAqAHJlbGF0aW9ucyI7YToxOntzOjg6ImNoaWxkcmVuIjtPOjI2OiJUeXBpQ01TXE5lc3RhYmxlQ29sbGVjdGlvbiI6Nzp7czo4OiIAKgB0b3RhbCI7aTowO3M6MTU6IgAqAHBhcmVudENvbHVtbiI7czo5OiJwYXJlbnRfaWQiO3M6MzM6IgAqAHJlbW92ZUl0ZW1zV2l0aE1pc3NpbmdBbmNlc3RvciI7YjoxO3M6MTQ6IgAqAGluZGVudENoYXJzIjtzOjg6IsKgwqDCoMKgIjtzOjE1OiIAKgBjaGlsZHJlbk5hbWUiO3M6NToiaXRlbXMiO3M6MTc6IgAqAHBhcmVudFJlbGF0aW9uIjtzOjY6InBhcmVudCI7czo4OiIAKgBpdGVtcyI7YTowOnt9fX1zOjEwOiIAKgB0b3VjaGVzIjthOjA6e31zOjEwOiJ0aW1lc3RhbXBzIjtiOjE7czo5OiIAKgBoaWRkZW4iO2E6MDp7fXM6MTA6IgAqAHZpc2libGUiO2E6MDp7fXM6MTA6IgAqAGd1YXJkZWQiO2E6MTp7aTowO3M6MToiKiI7fX1pOjI7TzoxNzoiQXBwXE1vZGVsc1xNb2R1bGUiOjI3OntzOjExOiIAKgBmaWxsYWJsZSI7YTo5OntpOjA7czo3OiJtZW51X2lkIjtpOjE7czo0OiJ0eXBlIjtpOjI7czoxMToibW9kdWxlX25hbWUiO2k6MztzOjEzOiJkaXZpZGVyX3RpdGxlIjtpOjQ7czoxMDoiaWNvbl9jbGFzcyI7aTo1O3M6MzoidXJsIjtpOjY7czo1OiJvcmRlciI7aTo3O3M6OToicGFyZW50X2lkIjtpOjg7czo2OiJ0YXJnZXQiO31zOjEzOiIAKgBjb25uZWN0aW9uIjtzOjU6Im15c3FsIjtzOjg6IgAqAHRhYmxlIjtzOjc6Im1vZHVsZXMiO3M6MTM6IgAqAHByaW1hcnlLZXkiO3M6MjoiaWQiO3M6MTA6IgAqAGtleVR5cGUiO3M6MzoiaW50IjtzOjEyOiJpbmNyZW1lbnRpbmciO2I6MTtzOjc6IgAqAHdpdGgiO2E6MDp7fXM6MTI6IgAqAHdpdGhDb3VudCI7YTowOnt9czoxMDoiACoAcGVyUGFnZSI7aToxNTtzOjY6ImV4aXN0cyI7YjoxO3M6MTg6Indhc1JlY2VudGx5Q3JlYXRlZCI7YjowO3M6MTM6IgAqAGF0dHJpYnV0ZXMiO2E6MTI6e3M6MjoiaWQiO2k6MTA7czo3OiJtZW51X2lkIjtpOjE7czo0OiJ0eXBlIjtzOjE6IjIiO3M6MTE6Im1vZHVsZV9uYW1lIjtzOjc6IlByb2R1Y3QiO3M6MTM6ImRpdmlkZXJfdGl0bGUiO047czoxMDoiaWNvbl9jbGFzcyI7czoxOToiZmFiIGZhLXByb2R1Y3QtaHVudCI7czozOiJ1cmwiO047czo1OiJvcmRlciI7aTozO3M6OToicGFyZW50X2lkIjtOO3M6NjoidGFyZ2V0IjtzOjU6Il9zZWxmIjtzOjEwOiJjcmVhdGVkX2F0IjtzOjE5OiIyMDIwLTExLTE0IDE3OjMxOjM4IjtzOjEwOiJ1cGRhdGVkX2F0IjtzOjE5OiIyMDIxLTAyLTA4IDE0OjQ3OjM4Ijt9czoxMToiACoAb3JpZ2luYWwiO2E6MTI6e3M6MjoiaWQiO2k6MTA7czo3OiJtZW51X2lkIjtpOjE7czo0OiJ0eXBlIjtzOjE6IjIiO3M6MTE6Im1vZHVsZV9uYW1lIjtzOjc6IlByb2R1Y3QiO3M6MTM6ImRpdmlkZXJfdGl0bGUiO047czoxMDoiaWNvbl9jbGFzcyI7czoxOToiZmFiIGZhLXByb2R1Y3QtaHVudCI7czozOiJ1cmwiO047czo1OiJvcmRlciI7aTozO3M6OToicGFyZW50X2lkIjtOO3M6NjoidGFyZ2V0IjtzOjU6Il9zZWxmIjtzOjEwOiJjcmVhdGVkX2F0IjtzOjE5OiIyMDIwLTExLTE0IDE3OjMxOjM4IjtzOjEwOiJ1cGRhdGVkX2F0IjtzOjE5OiIyMDIxLTAyLTA4IDE0OjQ3OjM4Ijt9czoxMDoiACoAY2hhbmdlcyI7YTowOnt9czo4OiIAKgBjYXN0cyI7YTowOnt9czoxNzoiACoAY2xhc3NDYXN0Q2FjaGUiO2E6MDp7fXM6ODoiACoAZGF0ZXMiO2E6MDp7fXM6MTM6IgAqAGRhdGVGb3JtYXQiO047czoxMDoiACoAYXBwZW5kcyI7YTowOnt9czoxOToiACoAZGlzcGF0Y2hlc0V2ZW50cyI7YTowOnt9czoxNDoiACoAb2JzZXJ2YWJsZXMiO2E6MDp7fXM6MTI6IgAqAHJlbGF0aW9ucyI7YToxOntzOjg6ImNoaWxkcmVuIjtPOjI2OiJUeXBpQ01TXE5lc3RhYmxlQ29sbGVjdGlvbiI6Nzp7czo4OiIAKgB0b3RhbCI7aTozO3M6MTU6IgAqAHBhcmVudENvbHVtbiI7czo5OiJwYXJlbnRfaWQiO3M6MzM6IgAqAHJlbW92ZUl0ZW1zV2l0aE1pc3NpbmdBbmNlc3RvciI7YjoxO3M6MTQ6IgAqAGluZGVudENoYXJzIjtzOjg6IsKgwqDCoMKgIjtzOjE1OiIAKgBjaGlsZHJlbk5hbWUiO3M6NToiaXRlbXMiO3M6MTc6IgAqAHBhcmVudFJlbGF0aW9uIjtzOjY6InBhcmVudCI7czo4OiIAKgBpdGVtcyI7YTozOntpOjA7TzoxNzoiQXBwXE1vZGVsc1xNb2R1bGUiOjI3OntzOjExOiIAKgBmaWxsYWJsZSI7YTo5OntpOjA7czo3OiJtZW51X2lkIjtpOjE7czo0OiJ0eXBlIjtpOjI7czoxMToibW9kdWxlX25hbWUiO2k6MztzOjEzOiJkaXZpZGVyX3RpdGxlIjtpOjQ7czoxMDoiaWNvbl9jbGFzcyI7aTo1O3M6MzoidXJsIjtpOjY7czo1OiJvcmRlciI7aTo3O3M6OToicGFyZW50X2lkIjtpOjg7czo2OiJ0YXJnZXQiO31zOjEzOiIAKgBjb25uZWN0aW9uIjtzOjU6Im15c3FsIjtzOjg6IgAqAHRhYmxlIjtzOjc6Im1vZHVsZXMiO3M6MTM6IgAqAHByaW1hcnlLZXkiO3M6MjoiaWQiO3M6MTA6IgAqAGtleVR5cGUiO3M6MzoiaW50IjtzOjEyOiJpbmNyZW1lbnRpbmciO2I6MTtzOjc6IgAqAHdpdGgiO2E6MDp7fXM6MTI6IgAqAHdpdGhDb3VudCI7YTowOnt9czoxMDoiACoAcGVyUGFnZSI7aToxNTtzOjY6ImV4aXN0cyI7YjoxO3M6MTg6Indhc1JlY2VudGx5Q3JlYXRlZCI7YjowO3M6MTM6IgAqAGF0dHJpYnV0ZXMiO2E6MTI6e3M6MjoiaWQiO2k6MTE7czo3OiJtZW51X2lkIjtpOjE7czo0OiJ0eXBlIjtzOjE6IjIiO3M6MTE6Im1vZHVsZV9uYW1lIjtzOjg6IkNhdGVnb3J5IjtzOjEzOiJkaXZpZGVyX3RpdGxlIjtOO3M6MTA6Imljb25fY2xhc3MiO3M6MTE6ImZhcyBmYS1saXN0IjtzOjM6InVybCI7czo4OiJjYXRlZ29yeSI7czo1OiJvcmRlciI7aToxO3M6OToicGFyZW50X2lkIjtpOjEwO3M6NjoidGFyZ2V0IjtzOjU6Il9zZWxmIjtzOjEwOiJjcmVhdGVkX2F0IjtzOjE5OiIyMDIwLTExLTE0IDE3OjMzOjA0IjtzOjEwOiJ1cGRhdGVkX2F0IjtzOjE5OiIyMDIwLTEyLTI2IDE2OjE5OjQ0Ijt9czoxMToiACoAb3JpZ2luYWwiO2E6MTI6e3M6MjoiaWQiO2k6MTE7czo3OiJtZW51X2lkIjtpOjE7czo0OiJ0eXBlIjtzOjE6IjIiO3M6MTE6Im1vZHVsZV9uYW1lIjtzOjg6IkNhdGVnb3J5IjtzOjEzOiJkaXZpZGVyX3RpdGxlIjtOO3M6MTA6Imljb25fY2xhc3MiO3M6MTE6ImZhcyBmYS1saXN0IjtzOjM6InVybCI7czo4OiJjYXRlZ29yeSI7czo1OiJvcmRlciI7aToxO3M6OToicGFyZW50X2lkIjtpOjEwO3M6NjoidGFyZ2V0IjtzOjU6Il9zZWxmIjtzOjEwOiJjcmVhdGVkX2F0IjtzOjE5OiIyMDIwLTExLTE0IDE3OjMzOjA0IjtzOjEwOiJ1cGRhdGVkX2F0IjtzOjE5OiIyMDIwLTEyLTI2IDE2OjE5OjQ0Ijt9czoxMDoiACoAY2hhbmdlcyI7YTowOnt9czo4OiIAKgBjYXN0cyI7YTowOnt9czoxNzoiACoAY2xhc3NDYXN0Q2FjaGUiO2E6MDp7fXM6ODoiACoAZGF0ZXMiO2E6MDp7fXM6MTM6IgAqAGRhdGVGb3JtYXQiO047czoxMDoiACoAYXBwZW5kcyI7YTowOnt9czoxOToiACoAZGlzcGF0Y2hlc0V2ZW50cyI7YTowOnt9czoxNDoiACoAb2JzZXJ2YWJsZXMiO2E6MDp7fXM6MTI6IgAqAHJlbGF0aW9ucyI7YTowOnt9czoxMDoiACoAdG91Y2hlcyI7YTowOnt9czoxMDoidGltZXN0YW1wcyI7YjoxO3M6OToiACoAaGlkZGVuIjthOjA6e31zOjEwOiIAKgB2aXNpYmxlIjthOjA6e31zOjEwOiIAKgBndWFyZGVkIjthOjE6e2k6MDtzOjE6IioiO319aToxO086MTc6IkFwcFxNb2RlbHNcTW9kdWxlIjoyNzp7czoxMToiACoAZmlsbGFibGUiO2E6OTp7aTowO3M6NzoibWVudV9pZCI7aToxO3M6NDoidHlwZSI7aToyO3M6MTE6Im1vZHVsZV9uYW1lIjtpOjM7czoxMzoiZGl2aWRlcl90aXRsZSI7aTo0O3M6MTA6Imljb25fY2xhc3MiO2k6NTtzOjM6InVybCI7aTo2O3M6NToib3JkZXIiO2k6NztzOjk6InBhcmVudF9pZCI7aTo4O3M6NjoidGFyZ2V0Ijt9czoxMzoiACoAY29ubmVjdGlvbiI7czo1OiJteXNxbCI7czo4OiIAKgB0YWJsZSI7czo3OiJtb2R1bGVzIjtzOjEzOiIAKgBwcmltYXJ5S2V5IjtzOjI6ImlkIjtzOjEwOiIAKgBrZXlUeXBlIjtzOjM6ImludCI7czoxMjoiaW5jcmVtZW50aW5nIjtiOjE7czo3OiIAKgB3aXRoIjthOjA6e31zOjEyOiIAKgB3aXRoQ291bnQiO2E6MDp7fXM6MTA6IgAqAHBlclBhZ2UiO2k6MTU7czo2OiJleGlzdHMiO2I6MTtzOjE4OiJ3YXNSZWNlbnRseUNyZWF0ZWQiO2I6MDtzOjEzOiIAKgBhdHRyaWJ1dGVzIjthOjEyOntzOjI6ImlkIjtpOjIyO3M6NzoibWVudV9pZCI7aToxO3M6NDoidHlwZSI7czoxOiIyIjtzOjExOiJtb2R1bGVfbmFtZSI7czoxNDoiTWFuYWdlIFByb2R1Y3QiO3M6MTM6ImRpdmlkZXJfdGl0bGUiO047czoxMDoiaWNvbl9jbGFzcyI7czoxMDoiZmFzIGZhLWJveCI7czozOiJ1cmwiO3M6NzoicHJvZHVjdCI7czo1OiJvcmRlciI7aToyO3M6OToicGFyZW50X2lkIjtpOjEwO3M6NjoidGFyZ2V0IjtzOjU6Il9zZWxmIjtzOjEwOiJjcmVhdGVkX2F0IjtzOjE5OiIyMDIwLTEyLTI2IDE1OjQzOjE0IjtzOjEwOiJ1cGRhdGVkX2F0IjtzOjE5OiIyMDIwLTEyLTI2IDE2OjE5OjQ0Ijt9czoxMToiACoAb3JpZ2luYWwiO2E6MTI6e3M6MjoiaWQiO2k6MjI7czo3OiJtZW51X2lkIjtpOjE7czo0OiJ0eXBlIjtzOjE6IjIiO3M6MTE6Im1vZHVsZV9uYW1lIjtzOjE0OiJNYW5hZ2UgUHJvZHVjdCI7czoxMzoiZGl2aWRlcl90aXRsZSI7TjtzOjEwOiJpY29uX2NsYXNzIjtzOjEwOiJmYXMgZmEtYm94IjtzOjM6InVybCI7czo3OiJwcm9kdWN0IjtzOjU6Im9yZGVyIjtpOjI7czo5OiJwYXJlbnRfaWQiO2k6MTA7czo2OiJ0YXJnZXQiO3M6NToiX3NlbGYiO3M6MTA6ImNyZWF0ZWRfYXQiO3M6MTk6IjIwMjAtMTItMjYgMTU6NDM6MTQiO3M6MTA6InVwZGF0ZWRfYXQiO3M6MTk6IjIwMjAtMTItMjYgMTY6MTk6NDQiO31zOjEwOiIAKgBjaGFuZ2VzIjthOjA6e31zOjg6IgAqAGNhc3RzIjthOjA6e31zOjE3OiIAKgBjbGFzc0Nhc3RDYWNoZSI7YTowOnt9czo4OiIAKgBkYXRlcyI7YTowOnt9czoxMzoiACoAZGF0ZUZvcm1hdCI7TjtzOjEwOiIAKgBhcHBlbmRzIjthOjA6e31zOjE5OiIAKgBkaXNwYXRjaGVzRXZlbnRzIjthOjA6e31zOjE0OiIAKgBvYnNlcnZhYmxlcyI7YTowOnt9czoxMjoiACoAcmVsYXRpb25zIjthOjA6e31zOjEwOiIAKgB0b3VjaGVzIjthOjA6e31zOjEwOiJ0aW1lc3RhbXBzIjtiOjE7czo5OiIAKgBoaWRkZW4iO2E6MDp7fXM6MTA6IgAqAHZpc2libGUiO2E6MDp7fXM6MTA6IgAqAGd1YXJkZWQiO2E6MTp7aTowO3M6MToiKiI7fX1pOjI7TzoxNzoiQXBwXE1vZGVsc1xNb2R1bGUiOjI3OntzOjExOiIAKgBmaWxsYWJsZSI7YTo5OntpOjA7czo3OiJtZW51X2lkIjtpOjE7czo0OiJ0eXBlIjtpOjI7czoxMToibW9kdWxlX25hbWUiO2k6MztzOjEzOiJkaXZpZGVyX3RpdGxlIjtpOjQ7czoxMDoiaWNvbl9jbGFzcyI7aTo1O3M6MzoidXJsIjtpOjY7czo1OiJvcmRlciI7aTo3O3M6OToicGFyZW50X2lkIjtpOjg7czo2OiJ0YXJnZXQiO31zOjEzOiIAKgBjb25uZWN0aW9uIjtzOjU6Im15c3FsIjtzOjg6IgAqAHRhYmxlIjtzOjc6Im1vZHVsZXMiO3M6MTM6IgAqAHByaW1hcnlLZXkiO3M6MjoiaWQiO3M6MTA6IgAqAGtleVR5cGUiO3M6MzoiaW50IjtzOjEyOiJpbmNyZW1lbnRpbmciO2I6MTtzOjc6IgAqAHdpdGgiO2E6MDp7fXM6MTI6IgAqAHdpdGhDb3VudCI7YTowOnt9czoxMDoiACoAcGVyUGFnZSI7aToxNTtzOjY6ImV4aXN0cyI7YjoxO3M6MTg6Indhc1JlY2VudGx5Q3JlYXRlZCI7YjowO3M6MTM6IgAqAGF0dHJpYnV0ZXMiO2E6MTI6e3M6MjoiaWQiO2k6MjM7czo3OiJtZW51X2lkIjtpOjE7czo0OiJ0eXBlIjtzOjE6IjIiO3M6MTE6Im1vZHVsZV9uYW1lIjtzOjEzOiJQcmludCBCYXJjb2RlIjtzOjEzOiJkaXZpZGVyX3RpdGxlIjtOO3M6MTA6Imljb25fY2xhc3MiO3M6MTQ6ImZhcyBmYS1iYXJjb2RlIjtzOjM6InVybCI7czoxMzoicHJpbnQtYmFyY29kZSI7czo1OiJvcmRlciI7aTozO3M6OToicGFyZW50X2lkIjtpOjEwO3M6NjoidGFyZ2V0IjtzOjU6Il9zZWxmIjtzOjEwOiJjcmVhdGVkX2F0IjtzOjE5OiIyMDIxLTAxLTA2IDE0OjQ5OjAzIjtzOjEwOiJ1cGRhdGVkX2F0IjtzOjE5OiIyMDIxLTAxLTA2IDE0OjQ5OjIwIjt9czoxMToiACoAb3JpZ2luYWwiO2E6MTI6e3M6MjoiaWQiO2k6MjM7czo3OiJtZW51X2lkIjtpOjE7czo0OiJ0eXBlIjtzOjE6IjIiO3M6MTE6Im1vZHVsZV9uYW1lIjtzOjEzOiJQcmludCBCYXJjb2RlIjtzOjEzOiJkaXZpZGVyX3RpdGxlIjtOO3M6MTA6Imljb25fY2xhc3MiO3M6MTQ6ImZhcyBmYS1iYXJjb2RlIjtzOjM6InVybCI7czoxMzoicHJpbnQtYmFyY29kZSI7czo1OiJvcmRlciI7aTozO3M6OToicGFyZW50X2lkIjtpOjEwO3M6NjoidGFyZ2V0IjtzOjU6Il9zZWxmIjtzOjEwOiJjcmVhdGVkX2F0IjtzOjE5OiIyMDIxLTAxLTA2IDE0OjQ5OjAzIjtzOjEwOiJ1cGRhdGVkX2F0IjtzOjE5OiIyMDIxLTAxLTA2IDE0OjQ5OjIwIjt9czoxMDoiACoAY2hhbmdlcyI7YTowOnt9czo4OiIAKgBjYXN0cyI7YTowOnt9czoxNzoiACoAY2xhc3NDYXN0Q2FjaGUiO2E6MDp7fXM6ODoiACoAZGF0ZXMiO2E6MDp7fXM6MTM6IgAqAGRhdGVGb3JtYXQiO047czoxMDoiACoAYXBwZW5kcyI7YTowOnt9czoxOToiACoAZGlzcGF0Y2hlc0V2ZW50cyI7YTowOnt9czoxNDoiACoAb2JzZXJ2YWJsZXMiO2E6MDp7fXM6MTI6IgAqAHJlbGF0aW9ucyI7YTowOnt9czoxMDoiACoAdG91Y2hlcyI7YTowOnt9czoxMDoidGltZXN0YW1wcyI7YjoxO3M6OToiACoAaGlkZGVuIjthOjA6e31zOjEwOiIAKgB2aXNpYmxlIjthOjA6e31zOjEwOiIAKgBndWFyZGVkIjthOjE6e2k6MDtzOjE6IioiO319fX19czoxMDoiACoAdG91Y2hlcyI7YTowOnt9czoxMDoidGltZXN0YW1wcyI7YjoxO3M6OToiACoAaGlkZGVuIjthOjA6e31zOjEwOiIAKgB2aXNpYmxlIjthOjA6e31zOjEwOiIAKgBndWFyZGVkIjthOjE6e2k6MDtzOjE6IioiO319aTozO086MTc6IkFwcFxNb2RlbHNcTW9kdWxlIjoyNzp7czoxMToiACoAZmlsbGFibGUiO2E6OTp7aTowO3M6NzoibWVudV9pZCI7aToxO3M6NDoidHlwZSI7aToyO3M6MTE6Im1vZHVsZV9uYW1lIjtpOjM7czoxMzoiZGl2aWRlcl90aXRsZSI7aTo0O3M6MTA6Imljb25fY2xhc3MiO2k6NTtzOjM6InVybCI7aTo2O3M6NToib3JkZXIiO2k6NztzOjk6InBhcmVudF9pZCI7aTo4O3M6NjoidGFyZ2V0Ijt9czoxMzoiACoAY29ubmVjdGlvbiI7czo1OiJteXNxbCI7czo4OiIAKgB0YWJsZSI7czo3OiJtb2R1bGVzIjtzOjEzOiIAKgBwcmltYXJ5S2V5IjtzOjI6ImlkIjtzOjEwOiIAKgBrZXlUeXBlIjtzOjM6ImludCI7czoxMjoiaW5jcmVtZW50aW5nIjtiOjE7czo3OiIAKgB3aXRoIjthOjA6e31zOjEyOiIAKgB3aXRoQ291bnQiO2E6MDp7fXM6MTA6IgAqAHBlclBhZ2UiO2k6MTU7czo2OiJleGlzdHMiO2I6MTtzOjE4OiJ3YXNSZWNlbnRseUNyZWF0ZWQiO2I6MDtzOjEzOiIAKgBhdHRyaWJ1dGVzIjthOjEyOntzOjI6ImlkIjtpOjM1O3M6NzoibWVudV9pZCI7aToxO3M6NDoidHlwZSI7czoxOiIyIjtzOjExOiJtb2R1bGVfbmFtZSI7czo0OiJTYWxlIjtzOjEzOiJkaXZpZGVyX3RpdGxlIjtOO3M6MTA6Imljb25fY2xhc3MiO3M6MjA6ImZhcyBmYS1zaG9wcGluZy1jYXJ0IjtzOjM6InVybCI7TjtzOjU6Im9yZGVyIjtpOjQ7czo5OiJwYXJlbnRfaWQiO047czo2OiJ0YXJnZXQiO3M6NToiX3NlbGYiO3M6MTA6ImNyZWF0ZWRfYXQiO3M6MTk6IjIwMjEtMDEtMjMgMTc6NTU6NDIiO3M6MTA6InVwZGF0ZWRfYXQiO3M6MTk6IjIwMjEtMDItMDggMTQ6NDc6NDgiO31zOjExOiIAKgBvcmlnaW5hbCI7YToxMjp7czoyOiJpZCI7aTozNTtzOjc6Im1lbnVfaWQiO2k6MTtzOjQ6InR5cGUiO3M6MToiMiI7czoxMToibW9kdWxlX25hbWUiO3M6NDoiU2FsZSI7czoxMzoiZGl2aWRlcl90aXRsZSI7TjtzOjEwOiJpY29uX2NsYXNzIjtzOjIwOiJmYXMgZmEtc2hvcHBpbmctY2FydCI7czozOiJ1cmwiO047czo1OiJvcmRlciI7aTo0O3M6OToicGFyZW50X2lkIjtOO3M6NjoidGFyZ2V0IjtzOjU6Il9zZWxmIjtzOjEwOiJjcmVhdGVkX2F0IjtzOjE5OiIyMDIxLTAxLTIzIDE3OjU1OjQyIjtzOjEwOiJ1cGRhdGVkX2F0IjtzOjE5OiIyMDIxLTAyLTA4IDE0OjQ3OjQ4Ijt9czoxMDoiACoAY2hhbmdlcyI7YTowOnt9czo4OiIAKgBjYXN0cyI7YTowOnt9czoxNzoiACoAY2xhc3NDYXN0Q2FjaGUiO2E6MDp7fXM6ODoiACoAZGF0ZXMiO2E6MDp7fXM6MTM6IgAqAGRhdGVGb3JtYXQiO047czoxMDoiACoAYXBwZW5kcyI7YTowOnt9czoxOToiACoAZGlzcGF0Y2hlc0V2ZW50cyI7YTowOnt9czoxNDoiACoAb2JzZXJ2YWJsZXMiO2E6MDp7fXM6MTI6IgAqAHJlbGF0aW9ucyI7YToxOntzOjg6ImNoaWxkcmVuIjtPOjI2OiJUeXBpQ01TXE5lc3RhYmxlQ29sbGVjdGlvbiI6Nzp7czo4OiIAKgB0b3RhbCI7aToyO3M6MTU6IgAqAHBhcmVudENvbHVtbiI7czo5OiJwYXJlbnRfaWQiO3M6MzM6IgAqAHJlbW92ZUl0ZW1zV2l0aE1pc3NpbmdBbmNlc3RvciI7YjoxO3M6MTQ6IgAqAGluZGVudENoYXJzIjtzOjg6IsKgwqDCoMKgIjtzOjE1OiIAKgBjaGlsZHJlbk5hbWUiO3M6NToiaXRlbXMiO3M6MTc6IgAqAHBhcmVudFJlbGF0aW9uIjtzOjY6InBhcmVudCI7czo4OiIAKgBpdGVtcyI7YToyOntpOjA7TzoxNzoiQXBwXE1vZGVsc1xNb2R1bGUiOjI3OntzOjExOiIAKgBmaWxsYWJsZSI7YTo5OntpOjA7czo3OiJtZW51X2lkIjtpOjE7czo0OiJ0eXBlIjtpOjI7czoxMToibW9kdWxlX25hbWUiO2k6MztzOjEzOiJkaXZpZGVyX3RpdGxlIjtpOjQ7czoxMDoiaWNvbl9jbGFzcyI7aTo1O3M6MzoidXJsIjtpOjY7czo1OiJvcmRlciI7aTo3O3M6OToicGFyZW50X2lkIjtpOjg7czo2OiJ0YXJnZXQiO31zOjEzOiIAKgBjb25uZWN0aW9uIjtzOjU6Im15c3FsIjtzOjg6IgAqAHRhYmxlIjtzOjc6Im1vZHVsZXMiO3M6MTM6IgAqAHByaW1hcnlLZXkiO3M6MjoiaWQiO3M6MTA6IgAqAGtleVR5cGUiO3M6MzoiaW50IjtzOjEyOiJpbmNyZW1lbnRpbmciO2I6MTtzOjc6IgAqAHdpdGgiO2E6MDp7fXM6MTI6IgAqAHdpdGhDb3VudCI7YTowOnt9czoxMDoiACoAcGVyUGFnZSI7aToxNTtzOjY6ImV4aXN0cyI7YjoxO3M6MTg6Indhc1JlY2VudGx5Q3JlYXRlZCI7YjowO3M6MTM6IgAqAGF0dHJpYnV0ZXMiO2E6MTI6e3M6MjoiaWQiO2k6MzY7czo3OiJtZW51X2lkIjtpOjE7czo0OiJ0eXBlIjtzOjE6IjIiO3M6MTE6Im1vZHVsZV9uYW1lIjtzOjg6IkFkZCBTYWxlIjtzOjEzOiJkaXZpZGVyX3RpdGxlIjtOO3M6MTA6Imljb25fY2xhc3MiO3M6MTg6ImZhcyBmYS1wbHVzLXNxdWFyZSI7czozOiJ1cmwiO3M6ODoic2FsZS9hZGQiO3M6NToib3JkZXIiO2k6MTtzOjk6InBhcmVudF9pZCI7aTozNTtzOjY6InRhcmdldCI7czo1OiJfc2VsZiI7czoxMDoiY3JlYXRlZF9hdCI7czoxOToiMjAyMS0wMS0yMyAxNzo1NjoyMSI7czoxMDoidXBkYXRlZF9hdCI7czoxOToiMjAyMS0wMS0yMyAxNzo1NzozOCI7fXM6MTE6IgAqAG9yaWdpbmFsIjthOjEyOntzOjI6ImlkIjtpOjM2O3M6NzoibWVudV9pZCI7aToxO3M6NDoidHlwZSI7czoxOiIyIjtzOjExOiJtb2R1bGVfbmFtZSI7czo4OiJBZGQgU2FsZSI7czoxMzoiZGl2aWRlcl90aXRsZSI7TjtzOjEwOiJpY29uX2NsYXNzIjtzOjE4OiJmYXMgZmEtcGx1cy1zcXVhcmUiO3M6MzoidXJsIjtzOjg6InNhbGUvYWRkIjtzOjU6Im9yZGVyIjtpOjE7czo5OiJwYXJlbnRfaWQiO2k6MzU7czo2OiJ0YXJnZXQiO3M6NToiX3NlbGYiO3M6MTA6ImNyZWF0ZWRfYXQiO3M6MTk6IjIwMjEtMDEtMjMgMTc6NTY6MjEiO3M6MTA6InVwZGF0ZWRfYXQiO3M6MTk6IjIwMjEtMDEtMjMgMTc6NTc6MzgiO31zOjEwOiIAKgBjaGFuZ2VzIjthOjA6e31zOjg6IgAqAGNhc3RzIjthOjA6e31zOjE3OiIAKgBjbGFzc0Nhc3RDYWNoZSI7YTowOnt9czo4OiIAKgBkYXRlcyI7YTowOnt9czoxMzoiACoAZGF0ZUZvcm1hdCI7TjtzOjEwOiIAKgBhcHBlbmRzIjthOjA6e31zOjE5OiIAKgBkaXNwYXRjaGVzRXZlbnRzIjthOjA6e31zOjE0OiIAKgBvYnNlcnZhYmxlcyI7YTowOnt9czoxMjoiACoAcmVsYXRpb25zIjthOjA6e31zOjEwOiIAKgB0b3VjaGVzIjthOjA6e31zOjEwOiJ0aW1lc3RhbXBzIjtiOjE7czo5OiIAKgBoaWRkZW4iO2E6MDp7fXM6MTA6IgAqAHZpc2libGUiO2E6MDp7fXM6MTA6IgAqAGd1YXJkZWQiO2E6MTp7aTowO3M6MToiKiI7fX1pOjE7TzoxNzoiQXBwXE1vZGVsc1xNb2R1bGUiOjI3OntzOjExOiIAKgBmaWxsYWJsZSI7YTo5OntpOjA7czo3OiJtZW51X2lkIjtpOjE7czo0OiJ0eXBlIjtpOjI7czoxMToibW9kdWxlX25hbWUiO2k6MztzOjEzOiJkaXZpZGVyX3RpdGxlIjtpOjQ7czoxMDoiaWNvbl9jbGFzcyI7aTo1O3M6MzoidXJsIjtpOjY7czo1OiJvcmRlciI7aTo3O3M6OToicGFyZW50X2lkIjtpOjg7czo2OiJ0YXJnZXQiO31zOjEzOiIAKgBjb25uZWN0aW9uIjtzOjU6Im15c3FsIjtzOjg6IgAqAHRhYmxlIjtzOjc6Im1vZHVsZXMiO3M6MTM6IgAqAHByaW1hcnlLZXkiO3M6MjoiaWQiO3M6MTA6IgAqAGtleVR5cGUiO3M6MzoiaW50IjtzOjEyOiJpbmNyZW1lbnRpbmciO2I6MTtzOjc6IgAqAHdpdGgiO2E6MDp7fXM6MTI6IgAqAHdpdGhDb3VudCI7YTowOnt9czoxMDoiACoAcGVyUGFnZSI7aToxNTtzOjY6ImV4aXN0cyI7YjoxO3M6MTg6Indhc1JlY2VudGx5Q3JlYXRlZCI7YjowO3M6MTM6IgAqAGF0dHJpYnV0ZXMiO2E6MTI6e3M6MjoiaWQiO2k6Mzc7czo3OiJtZW51X2lkIjtpOjE7czo0OiJ0eXBlIjtzOjE6IjIiO3M6MTE6Im1vZHVsZV9uYW1lIjtzOjExOiJNYW5hZ2UgU2FsZSI7czoxMzoiZGl2aWRlcl90aXRsZSI7TjtzOjEwOiJpY29uX2NsYXNzIjtzOjE1OiJmYWIgZmEtb3BlbmNhcnQiO3M6MzoidXJsIjtzOjQ6InNhbGUiO3M6NToib3JkZXIiO2k6MjtzOjk6InBhcmVudF9pZCI7aTozNTtzOjY6InRhcmdldCI7czo1OiJfc2VsZiI7czoxMDoiY3JlYXRlZF9hdCI7czoxOToiMjAyMS0wMS0yMyAxNzo1NzoyOCI7czoxMDoidXBkYXRlZF9hdCI7czoxOToiMjAyMS0wMS0yMyAxNzo1Nzo0MiI7fXM6MTE6IgAqAG9yaWdpbmFsIjthOjEyOntzOjI6ImlkIjtpOjM3O3M6NzoibWVudV9pZCI7aToxO3M6NDoidHlwZSI7czoxOiIyIjtzOjExOiJtb2R1bGVfbmFtZSI7czoxMToiTWFuYWdlIFNhbGUiO3M6MTM6ImRpdmlkZXJfdGl0bGUiO047czoxMDoiaWNvbl9jbGFzcyI7czoxNToiZmFiIGZhLW9wZW5jYXJ0IjtzOjM6InVybCI7czo0OiJzYWxlIjtzOjU6Im9yZGVyIjtpOjI7czo5OiJwYXJlbnRfaWQiO2k6MzU7czo2OiJ0YXJnZXQiO3M6NToiX3NlbGYiO3M6MTA6ImNyZWF0ZWRfYXQiO3M6MTk6IjIwMjEtMDEtMjMgMTc6NTc6MjgiO3M6MTA6InVwZGF0ZWRfYXQiO3M6MTk6IjIwMjEtMDEtMjMgMTc6NTc6NDIiO31zOjEwOiIAKgBjaGFuZ2VzIjthOjA6e31zOjg6IgAqAGNhc3RzIjthOjA6e31zOjE3OiIAKgBjbGFzc0Nhc3RDYWNoZSI7YTowOnt9czo4OiIAKgBkYXRlcyI7YTowOnt9czoxMzoiACoAZGF0ZUZvcm1hdCI7TjtzOjEwOiIAKgBhcHBlbmRzIjthOjA6e31zOjE5OiIAKgBkaXNwYXRjaGVzRXZlbnRzIjthOjA6e31zOjE0OiIAKgBvYnNlcnZhYmxlcyI7YTowOnt9czoxMjoiACoAcmVsYXRpb25zIjthOjA6e31zOjEwOiIAKgB0b3VjaGVzIjthOjA6e31zOjEwOiJ0aW1lc3RhbXBzIjtiOjE7czo5OiIAKgBoaWRkZW4iO2E6MDp7fXM6MTA6IgAqAHZpc2libGUiO2E6MDp7fXM6MTA6IgAqAGd1YXJkZWQiO2E6MTp7aTowO3M6MToiKiI7fX19fX1zOjEwOiIAKgB0b3VjaGVzIjthOjA6e31zOjEwOiJ0aW1lc3RhbXBzIjtiOjE7czo5OiIAKgBoaWRkZW4iO2E6MDp7fXM6MTA6IgAqAHZpc2libGUiO2E6MDp7fXM6MTA6IgAqAGd1YXJkZWQiO2E6MTp7aTowO3M6MToiKiI7fX1pOjQ7TzoxNzoiQXBwXE1vZGVsc1xNb2R1bGUiOjI3OntzOjExOiIAKgBmaWxsYWJsZSI7YTo5OntpOjA7czo3OiJtZW51X2lkIjtpOjE7czo0OiJ0eXBlIjtpOjI7czoxMToibW9kdWxlX25hbWUiO2k6MztzOjEzOiJkaXZpZGVyX3RpdGxlIjtpOjQ7czoxMDoiaWNvbl9jbGFzcyI7aTo1O3M6MzoidXJsIjtpOjY7czo1OiJvcmRlciI7aTo3O3M6OToicGFyZW50X2lkIjtpOjg7czo2OiJ0YXJnZXQiO31zOjEzOiIAKgBjb25uZWN0aW9uIjtzOjU6Im15c3FsIjtzOjg6IgAqAHRhYmxlIjtzOjc6Im1vZHVsZXMiO3M6MTM6IgAqAHByaW1hcnlLZXkiO3M6MjoiaWQiO3M6MTA6IgAqAGtleVR5cGUiO3M6MzoiaW50IjtzOjEyOiJpbmNyZW1lbnRpbmciO2I6MTtzOjc6IgAqAHdpdGgiO2E6MDp7fXM6MTI6IgAqAHdpdGhDb3VudCI7YTowOnt9czoxMDoiACoAcGVyUGFnZSI7aToxNTtzOjY6ImV4aXN0cyI7YjoxO3M6MTg6Indhc1JlY2VudGx5Q3JlYXRlZCI7YjowO3M6MTM6IgAqAGF0dHJpYnV0ZXMiO2E6MTI6e3M6MjoiaWQiO2k6Mjc7czo3OiJtZW51X2lkIjtpOjE7czo0OiJ0eXBlIjtzOjE6IjIiO3M6MTE6Im1vZHVsZV9uYW1lIjtzOjg6IlB1cmNoYXNlIjtzOjEzOiJkaXZpZGVyX3RpdGxlIjtOO3M6MTA6Imljb25fY2xhc3MiO3M6MTg6ImZhcyBmYS1tb25leS1jaGVjayI7czozOiJ1cmwiO047czo1OiJvcmRlciI7aTo1O3M6OToicGFyZW50X2lkIjtOO3M6NjoidGFyZ2V0IjtzOjU6Il9zZWxmIjtzOjEwOiJjcmVhdGVkX2F0IjtzOjE5OiIyMDIxLTAxLTA5IDE2OjI4OjUxIjtzOjEwOiJ1cGRhdGVkX2F0IjtzOjE5OiIyMDIxLTAyLTA4IDE0OjQ3OjU2Ijt9czoxMToiACoAb3JpZ2luYWwiO2E6MTI6e3M6MjoiaWQiO2k6Mjc7czo3OiJtZW51X2lkIjtpOjE7czo0OiJ0eXBlIjtzOjE6IjIiO3M6MTE6Im1vZHVsZV9uYW1lIjtzOjg6IlB1cmNoYXNlIjtzOjEzOiJkaXZpZGVyX3RpdGxlIjtOO3M6MTA6Imljb25fY2xhc3MiO3M6MTg6ImZhcyBmYS1tb25leS1jaGVjayI7czozOiJ1cmwiO047czo1OiJvcmRlciI7aTo1O3M6OToicGFyZW50X2lkIjtOO3M6NjoidGFyZ2V0IjtzOjU6Il9zZWxmIjtzOjEwOiJjcmVhdGVkX2F0IjtzOjE5OiIyMDIxLTAxLTA5IDE2OjI4OjUxIjtzOjEwOiJ1cGRhdGVkX2F0IjtzOjE5OiIyMDIxLTAyLTA4IDE0OjQ3OjU2Ijt9czoxMDoiACoAY2hhbmdlcyI7YTowOnt9czo4OiIAKgBjYXN0cyI7YTowOnt9czoxNzoiACoAY2xhc3NDYXN0Q2FjaGUiO2E6MDp7fXM6ODoiACoAZGF0ZXMiO2E6MDp7fXM6MTM6IgAqAGRhdGVGb3JtYXQiO047czoxMDoiACoAYXBwZW5kcyI7YTowOnt9czoxOToiACoAZGlzcGF0Y2hlc0V2ZW50cyI7YTowOnt9czoxNDoiACoAb2JzZXJ2YWJsZXMiO2E6MDp7fXM6MTI6IgAqAHJlbGF0aW9ucyI7YToxOntzOjg6ImNoaWxkcmVuIjtPOjI2OiJUeXBpQ01TXE5lc3RhYmxlQ29sbGVjdGlvbiI6Nzp7czo4OiIAKgB0b3RhbCI7aToyO3M6MTU6IgAqAHBhcmVudENvbHVtbiI7czo5OiJwYXJlbnRfaWQiO3M6MzM6IgAqAHJlbW92ZUl0ZW1zV2l0aE1pc3NpbmdBbmNlc3RvciI7YjoxO3M6MTQ6IgAqAGluZGVudENoYXJzIjtzOjg6IsKgwqDCoMKgIjtzOjE1OiIAKgBjaGlsZHJlbk5hbWUiO3M6NToiaXRlbXMiO3M6MTc6IgAqAHBhcmVudFJlbGF0aW9uIjtzOjY6InBhcmVudCI7czo4OiIAKgBpdGVtcyI7YToyOntpOjA7TzoxNzoiQXBwXE1vZGVsc1xNb2R1bGUiOjI3OntzOjExOiIAKgBmaWxsYWJsZSI7YTo5OntpOjA7czo3OiJtZW51X2lkIjtpOjE7czo0OiJ0eXBlIjtpOjI7czoxMToibW9kdWxlX25hbWUiO2k6MztzOjEzOiJkaXZpZGVyX3RpdGxlIjtpOjQ7czoxMDoiaWNvbl9jbGFzcyI7aTo1O3M6MzoidXJsIjtpOjY7czo1OiJvcmRlciI7aTo3O3M6OToicGFyZW50X2lkIjtpOjg7czo2OiJ0YXJnZXQiO31zOjEzOiIAKgBjb25uZWN0aW9uIjtzOjU6Im15c3FsIjtzOjg6IgAqAHRhYmxlIjtzOjc6Im1vZHVsZXMiO3M6MTM6IgAqAHByaW1hcnlLZXkiO3M6MjoiaWQiO3M6MTA6IgAqAGtleVR5cGUiO3M6MzoiaW50IjtzOjEyOiJpbmNyZW1lbnRpbmciO2I6MTtzOjc6IgAqAHdpdGgiO2E6MDp7fXM6MTI6IgAqAHdpdGhDb3VudCI7YTowOnt9czoxMDoiACoAcGVyUGFnZSI7aToxNTtzOjY6ImV4aXN0cyI7YjoxO3M6MTg6Indhc1JlY2VudGx5Q3JlYXRlZCI7YjowO3M6MTM6IgAqAGF0dHJpYnV0ZXMiO2E6MTI6e3M6MjoiaWQiO2k6Mjg7czo3OiJtZW51X2lkIjtpOjE7czo0OiJ0eXBlIjtzOjE6IjIiO3M6MTE6Im1vZHVsZV9uYW1lIjtzOjEyOiJBZGQgUHVyY2hhc2UiO3M6MTM6ImRpdmlkZXJfdGl0bGUiO047czoxMDoiaWNvbl9jbGFzcyI7czoxODoiZmFyIGZhLXBsdXMtc3F1YXJlIjtzOjM6InVybCI7czoxMjoicHVyY2hhc2UvYWRkIjtzOjU6Im9yZGVyIjtpOjE7czo5OiJwYXJlbnRfaWQiO2k6Mjc7czo2OiJ0YXJnZXQiO3M6NToiX3NlbGYiO3M6MTA6ImNyZWF0ZWRfYXQiO3M6MTk6IjIwMjEtMDEtMDkgMTY6MzE6NDgiO3M6MTA6InVwZGF0ZWRfYXQiO3M6MTk6IjIwMjEtMDEtMDkgMTY6MzE6NTYiO31zOjExOiIAKgBvcmlnaW5hbCI7YToxMjp7czoyOiJpZCI7aToyODtzOjc6Im1lbnVfaWQiO2k6MTtzOjQ6InR5cGUiO3M6MToiMiI7czoxMToibW9kdWxlX25hbWUiO3M6MTI6IkFkZCBQdXJjaGFzZSI7czoxMzoiZGl2aWRlcl90aXRsZSI7TjtzOjEwOiJpY29uX2NsYXNzIjtzOjE4OiJmYXIgZmEtcGx1cy1zcXVhcmUiO3M6MzoidXJsIjtzOjEyOiJwdXJjaGFzZS9hZGQiO3M6NToib3JkZXIiO2k6MTtzOjk6InBhcmVudF9pZCI7aToyNztzOjY6InRhcmdldCI7czo1OiJfc2VsZiI7czoxMDoiY3JlYXRlZF9hdCI7czoxOToiMjAyMS0wMS0wOSAxNjozMTo0OCI7czoxMDoidXBkYXRlZF9hdCI7czoxOToiMjAyMS0wMS0wOSAxNjozMTo1NiI7fXM6MTA6IgAqAGNoYW5nZXMiO2E6MDp7fXM6ODoiACoAY2FzdHMiO2E6MDp7fXM6MTc6IgAqAGNsYXNzQ2FzdENhY2hlIjthOjA6e31zOjg6IgAqAGRhdGVzIjthOjA6e31zOjEzOiIAKgBkYXRlRm9ybWF0IjtOO3M6MTA6IgAqAGFwcGVuZHMiO2E6MDp7fXM6MTk6IgAqAGRpc3BhdGNoZXNFdmVudHMiO2E6MDp7fXM6MTQ6IgAqAG9ic2VydmFibGVzIjthOjA6e31zOjEyOiIAKgByZWxhdGlvbnMiO2E6MDp7fXM6MTA6IgAqAHRvdWNoZXMiO2E6MDp7fXM6MTA6InRpbWVzdGFtcHMiO2I6MTtzOjk6IgAqAGhpZGRlbiI7YTowOnt9czoxMDoiACoAdmlzaWJsZSI7YTowOnt9czoxMDoiACoAZ3VhcmRlZCI7YToxOntpOjA7czoxOiIqIjt9fWk6MTtPOjE3OiJBcHBcTW9kZWxzXE1vZHVsZSI6Mjc6e3M6MTE6IgAqAGZpbGxhYmxlIjthOjk6e2k6MDtzOjc6Im1lbnVfaWQiO2k6MTtzOjQ6InR5cGUiO2k6MjtzOjExOiJtb2R1bGVfbmFtZSI7aTozO3M6MTM6ImRpdmlkZXJfdGl0bGUiO2k6NDtzOjEwOiJpY29uX2NsYXNzIjtpOjU7czozOiJ1cmwiO2k6NjtzOjU6Im9yZGVyIjtpOjc7czo5OiJwYXJlbnRfaWQiO2k6ODtzOjY6InRhcmdldCI7fXM6MTM6IgAqAGNvbm5lY3Rpb24iO3M6NToibXlzcWwiO3M6ODoiACoAdGFibGUiO3M6NzoibW9kdWxlcyI7czoxMzoiACoAcHJpbWFyeUtleSI7czoyOiJpZCI7czoxMDoiACoAa2V5VHlwZSI7czozOiJpbnQiO3M6MTI6ImluY3JlbWVudGluZyI7YjoxO3M6NzoiACoAd2l0aCI7YTowOnt9czoxMjoiACoAd2l0aENvdW50IjthOjA6e31zOjEwOiIAKgBwZXJQYWdlIjtpOjE1O3M6NjoiZXhpc3RzIjtiOjE7czoxODoid2FzUmVjZW50bHlDcmVhdGVkIjtiOjA7czoxMzoiACoAYXR0cmlidXRlcyI7YToxMjp7czoyOiJpZCI7aToyOTtzOjc6Im1lbnVfaWQiO2k6MTtzOjQ6InR5cGUiO3M6MToiMiI7czoxMToibW9kdWxlX25hbWUiO3M6MTU6Ik1hbmFnZSBQdXJjaGFzZSI7czoxMzoiZGl2aWRlcl90aXRsZSI7TjtzOjEwOiJpY29uX2NsYXNzIjtzOjIyOiJmYXMgZmEtc2hvcHBpbmctYmFza2V0IjtzOjM6InVybCI7czo4OiJwdXJjaGFzZSI7czo1OiJvcmRlciI7aToyO3M6OToicGFyZW50X2lkIjtpOjI3O3M6NjoidGFyZ2V0IjtzOjU6Il9zZWxmIjtzOjEwOiJjcmVhdGVkX2F0IjtzOjE5OiIyMDIxLTAxLTA5IDE2OjMyOjI5IjtzOjEwOiJ1cGRhdGVkX2F0IjtzOjE5OiIyMDIxLTAxLTA5IDE2OjMyOjM2Ijt9czoxMToiACoAb3JpZ2luYWwiO2E6MTI6e3M6MjoiaWQiO2k6Mjk7czo3OiJtZW51X2lkIjtpOjE7czo0OiJ0eXBlIjtzOjE6IjIiO3M6MTE6Im1vZHVsZV9uYW1lIjtzOjE1OiJNYW5hZ2UgUHVyY2hhc2UiO3M6MTM6ImRpdmlkZXJfdGl0bGUiO047czoxMDoiaWNvbl9jbGFzcyI7czoyMjoiZmFzIGZhLXNob3BwaW5nLWJhc2tldCI7czozOiJ1cmwiO3M6ODoicHVyY2hhc2UiO3M6NToib3JkZXIiO2k6MjtzOjk6InBhcmVudF9pZCI7aToyNztzOjY6InRhcmdldCI7czo1OiJfc2VsZiI7czoxMDoiY3JlYXRlZF9hdCI7czoxOToiMjAyMS0wMS0wOSAxNjozMjoyOSI7czoxMDoidXBkYXRlZF9hdCI7czoxOToiMjAyMS0wMS0wOSAxNjozMjozNiI7fXM6MTA6IgAqAGNoYW5nZXMiO2E6MDp7fXM6ODoiACoAY2FzdHMiO2E6MDp7fXM6MTc6IgAqAGNsYXNzQ2FzdENhY2hlIjthOjA6e31zOjg6IgAqAGRhdGVzIjthOjA6e31zOjEzOiIAKgBkYXRlRm9ybWF0IjtOO3M6MTA6IgAqAGFwcGVuZHMiO2E6MDp7fXM6MTk6IgAqAGRpc3BhdGNoZXNFdmVudHMiO2E6MDp7fXM6MTQ6IgAqAG9ic2VydmFibGVzIjthOjA6e31zOjEyOiIAKgByZWxhdGlvbnMiO2E6MDp7fXM6MTA6IgAqAHRvdWNoZXMiO2E6MDp7fXM6MTA6InRpbWVzdGFtcHMiO2I6MTtzOjk6IgAqAGhpZGRlbiI7YTowOnt9czoxMDoiACoAdmlzaWJsZSI7YTowOnt9czoxMDoiACoAZ3VhcmRlZCI7YToxOntpOjA7czoxOiIqIjt9fX19fXM6MTA6IgAqAHRvdWNoZXMiO2E6MDp7fXM6MTA6InRpbWVzdGFtcHMiO2I6MTtzOjk6IgAqAGhpZGRlbiI7YTowOnt9czoxMDoiACoAdmlzaWJsZSI7YTowOnt9czoxMDoiACoAZ3VhcmRlZCI7YToxOntpOjA7czoxOiIqIjt9fWk6NTtPOjE3OiJBcHBcTW9kZWxzXE1vZHVsZSI6Mjc6e3M6MTE6IgAqAGZpbGxhYmxlIjthOjk6e2k6MDtzOjc6Im1lbnVfaWQiO2k6MTtzOjQ6InR5cGUiO2k6MjtzOjExOiJtb2R1bGVfbmFtZSI7aTozO3M6MTM6ImRpdmlkZXJfdGl0bGUiO2k6NDtzOjEwOiJpY29uX2NsYXNzIjtpOjU7czozOiJ1cmwiO2k6NjtzOjU6Im9yZGVyIjtpOjc7czo5OiJwYXJlbnRfaWQiO2k6ODtzOjY6InRhcmdldCI7fXM6MTM6IgAqAGNvbm5lY3Rpb24iO3M6NToibXlzcWwiO3M6ODoiACoAdGFibGUiO3M6NzoibW9kdWxlcyI7czoxMzoiACoAcHJpbWFyeUtleSI7czoyOiJpZCI7czoxMDoiACoAa2V5VHlwZSI7czozOiJpbnQiO3M6MTI6ImluY3JlbWVudGluZyI7YjoxO3M6NzoiACoAd2l0aCI7YTowOnt9czoxMjoiACoAd2l0aENvdW50IjthOjA6e31zOjEwOiIAKgBwZXJQYWdlIjtpOjE1O3M6NjoiZXhpc3RzIjtiOjE7czoxODoid2FzUmVjZW50bHlDcmVhdGVkIjtiOjA7czoxMzoiACoAYXR0cmlidXRlcyI7YToxMjp7czoyOiJpZCI7aToyMDtzOjc6Im1lbnVfaWQiO2k6MTtzOjQ6InR5cGUiO3M6MToiMiI7czoxMToibW9kdWxlX25hbWUiO3M6ODoiQ3VzdG9tZXIiO3M6MTM6ImRpdmlkZXJfdGl0bGUiO047czoxMDoiaWNvbl9jbGFzcyI7czoxMToiZmFzIGZhLXVzZXIiO3M6MzoidXJsIjtzOjg6ImN1c3RvbWVyIjtzOjU6Im9yZGVyIjtpOjY7czo5OiJwYXJlbnRfaWQiO047czo2OiJ0YXJnZXQiO3M6NToiX3NlbGYiO3M6MTA6ImNyZWF0ZWRfYXQiO3M6MTk6IjIwMjAtMTItMjQgMTQ6MjY6NTIiO3M6MTA6InVwZGF0ZWRfYXQiO3M6MTk6IjIwMjEtMDItMDggMTQ6NDc6NTYiO31zOjExOiIAKgBvcmlnaW5hbCI7YToxMjp7czoyOiJpZCI7aToyMDtzOjc6Im1lbnVfaWQiO2k6MTtzOjQ6InR5cGUiO3M6MToiMiI7czoxMToibW9kdWxlX25hbWUiO3M6ODoiQ3VzdG9tZXIiO3M6MTM6ImRpdmlkZXJfdGl0bGUiO047czoxMDoiaWNvbl9jbGFzcyI7czoxMToiZmFzIGZhLXVzZXIiO3M6MzoidXJsIjtzOjg6ImN1c3RvbWVyIjtzOjU6Im9yZGVyIjtpOjY7czo5OiJwYXJlbnRfaWQiO047czo2OiJ0YXJnZXQiO3M6NToiX3NlbGYiO3M6MTA6ImNyZWF0ZWRfYXQiO3M6MTk6IjIwMjAtMTItMjQgMTQ6MjY6NTIiO3M6MTA6InVwZGF0ZWRfYXQiO3M6MTk6IjIwMjEtMDItMDggMTQ6NDc6NTYiO31zOjEwOiIAKgBjaGFuZ2VzIjthOjA6e31zOjg6IgAqAGNhc3RzIjthOjA6e31zOjE3OiIAKgBjbGFzc0Nhc3RDYWNoZSI7YTowOnt9czo4OiIAKgBkYXRlcyI7YTowOnt9czoxMzoiACoAZGF0ZUZvcm1hdCI7TjtzOjEwOiIAKgBhcHBlbmRzIjthOjA6e31zOjE5OiIAKgBkaXNwYXRjaGVzRXZlbnRzIjthOjA6e31zOjE0OiIAKgBvYnNlcnZhYmxlcyI7YTowOnt9czoxMjoiACoAcmVsYXRpb25zIjthOjE6e3M6ODoiY2hpbGRyZW4iO086MjY6IlR5cGlDTVNcTmVzdGFibGVDb2xsZWN0aW9uIjo3OntzOjg6IgAqAHRvdGFsIjtpOjA7czoxNToiACoAcGFyZW50Q29sdW1uIjtzOjk6InBhcmVudF9pZCI7czozMzoiACoAcmVtb3ZlSXRlbXNXaXRoTWlzc2luZ0FuY2VzdG9yIjtiOjE7czoxNDoiACoAaW5kZW50Q2hhcnMiO3M6ODoiwqDCoMKgwqAiO3M6MTU6IgAqAGNoaWxkcmVuTmFtZSI7czo1OiJpdGVtcyI7czoxNzoiACoAcGFyZW50UmVsYXRpb24iO3M6NjoicGFyZW50IjtzOjg6IgAqAGl0ZW1zIjthOjA6e319fXM6MTA6IgAqAHRvdWNoZXMiO2E6MDp7fXM6MTA6InRpbWVzdGFtcHMiO2I6MTtzOjk6IgAqAGhpZGRlbiI7YTowOnt9czoxMDoiACoAdmlzaWJsZSI7YTowOnt9czoxMDoiACoAZ3VhcmRlZCI7YToxOntpOjA7czoxOiIqIjt9fWk6NjtPOjE3OiJBcHBcTW9kZWxzXE1vZHVsZSI6Mjc6e3M6MTE6IgAqAGZpbGxhYmxlIjthOjk6e2k6MDtzOjc6Im1lbnVfaWQiO2k6MTtzOjQ6InR5cGUiO2k6MjtzOjExOiJtb2R1bGVfbmFtZSI7aTozO3M6MTM6ImRpdmlkZXJfdGl0bGUiO2k6NDtzOjEwOiJpY29uX2NsYXNzIjtpOjU7czozOiJ1cmwiO2k6NjtzOjU6Im9yZGVyIjtpOjc7czo5OiJwYXJlbnRfaWQiO2k6ODtzOjY6InRhcmdldCI7fXM6MTM6IgAqAGNvbm5lY3Rpb24iO3M6NToibXlzcWwiO3M6ODoiACoAdGFibGUiO3M6NzoibW9kdWxlcyI7czoxMzoiACoAcHJpbWFyeUtleSI7czoyOiJpZCI7czoxMDoiACoAa2V5VHlwZSI7czozOiJpbnQiO3M6MTI6ImluY3JlbWVudGluZyI7YjoxO3M6NzoiACoAd2l0aCI7YTowOnt9czoxMjoiACoAd2l0aENvdW50IjthOjA6e31zOjEwOiIAKgBwZXJQYWdlIjtpOjE1O3M6NjoiZXhpc3RzIjtiOjE7czoxODoid2FzUmVjZW50bHlDcmVhdGVkIjtiOjA7czoxMzoiACoAYXR0cmlidXRlcyI7YToxMjp7czoyOiJpZCI7aToxODtzOjc6Im1lbnVfaWQiO2k6MTtzOjQ6InR5cGUiO3M6MToiMiI7czoxMToibW9kdWxlX25hbWUiO3M6ODoiU3VwcGxpZXIiO3M6MTM6ImRpdmlkZXJfdGl0bGUiO047czoxMDoiaWNvbl9jbGFzcyI7czoxNToiZmFzIGZhLXVzZXItdGllIjtzOjM6InVybCI7czo4OiJzdXBwbGllciI7czo1OiJvcmRlciI7aTo3O3M6OToicGFyZW50X2lkIjtOO3M6NjoidGFyZ2V0IjtzOjU6Il9zZWxmIjtzOjEwOiJjcmVhdGVkX2F0IjtzOjE5OiIyMDIwLTEyLTIzIDE3OjE0OjU5IjtzOjEwOiJ1cGRhdGVkX2F0IjtzOjE5OiIyMDIxLTAyLTA4IDE0OjQ4OjA1Ijt9czoxMToiACoAb3JpZ2luYWwiO2E6MTI6e3M6MjoiaWQiO2k6MTg7czo3OiJtZW51X2lkIjtpOjE7czo0OiJ0eXBlIjtzOjE6IjIiO3M6MTE6Im1vZHVsZV9uYW1lIjtzOjg6IlN1cHBsaWVyIjtzOjEzOiJkaXZpZGVyX3RpdGxlIjtOO3M6MTA6Imljb25fY2xhc3MiO3M6MTU6ImZhcyBmYS11c2VyLXRpZSI7czozOiJ1cmwiO3M6ODoic3VwcGxpZXIiO3M6NToib3JkZXIiO2k6NztzOjk6InBhcmVudF9pZCI7TjtzOjY6InRhcmdldCI7czo1OiJfc2VsZiI7czoxMDoiY3JlYXRlZF9hdCI7czoxOToiMjAyMC0xMi0yMyAxNzoxNDo1OSI7czoxMDoidXBkYXRlZF9hdCI7czoxOToiMjAyMS0wMi0wOCAxNDo0ODowNSI7fXM6MTA6IgAqAGNoYW5nZXMiO2E6MDp7fXM6ODoiACoAY2FzdHMiO2E6MDp7fXM6MTc6IgAqAGNsYXNzQ2FzdENhY2hlIjthOjA6e31zOjg6IgAqAGRhdGVzIjthOjA6e31zOjEzOiIAKgBkYXRlRm9ybWF0IjtOO3M6MTA6IgAqAGFwcGVuZHMiO2E6MDp7fXM6MTk6IgAqAGRpc3BhdGNoZXNFdmVudHMiO2E6MDp7fXM6MTQ6IgAqAG9ic2VydmFibGVzIjthOjA6e31zOjEyOiIAKgByZWxhdGlvbnMiO2E6MTp7czo4OiJjaGlsZHJlbiI7TzoyNjoiVHlwaUNNU1xOZXN0YWJsZUNvbGxlY3Rpb24iOjc6e3M6ODoiACoAdG90YWwiO2k6MDtzOjE1OiIAKgBwYXJlbnRDb2x1bW4iO3M6OToicGFyZW50X2lkIjtzOjMzOiIAKgByZW1vdmVJdGVtc1dpdGhNaXNzaW5nQW5jZXN0b3IiO2I6MTtzOjE0OiIAKgBpbmRlbnRDaGFycyI7czo4OiLCoMKgwqDCoCI7czoxNToiACoAY2hpbGRyZW5OYW1lIjtzOjU6Iml0ZW1zIjtzOjE3OiIAKgBwYXJlbnRSZWxhdGlvbiI7czo2OiJwYXJlbnQiO3M6ODoiACoAaXRlbXMiO2E6MDp7fX19czoxMDoiACoAdG91Y2hlcyI7YTowOnt9czoxMDoidGltZXN0YW1wcyI7YjoxO3M6OToiACoAaGlkZGVuIjthOjA6e31zOjEwOiIAKgB2aXNpYmxlIjthOjA6e31zOjEwOiIAKgBndWFyZGVkIjthOjE6e2k6MDtzOjE6IioiO319aTo3O086MTc6IkFwcFxNb2RlbHNcTW9kdWxlIjoyNzp7czoxMToiACoAZmlsbGFibGUiO2E6OTp7aTowO3M6NzoibWVudV9pZCI7aToxO3M6NDoidHlwZSI7aToyO3M6MTE6Im1vZHVsZV9uYW1lIjtpOjM7czoxMzoiZGl2aWRlcl90aXRsZSI7aTo0O3M6MTA6Imljb25fY2xhc3MiO2k6NTtzOjM6InVybCI7aTo2O3M6NToib3JkZXIiO2k6NztzOjk6InBhcmVudF9pZCI7aTo4O3M6NjoidGFyZ2V0Ijt9czoxMzoiACoAY29ubmVjdGlvbiI7czo1OiJteXNxbCI7czo4OiIAKgB0YWJsZSI7czo3OiJtb2R1bGVzIjtzOjEzOiIAKgBwcmltYXJ5S2V5IjtzOjI6ImlkIjtzOjEwOiIAKgBrZXlUeXBlIjtzOjM6ImludCI7czoxMjoiaW5jcmVtZW50aW5nIjtiOjE7czo3OiIAKgB3aXRoIjthOjA6e31zOjEyOiIAKgB3aXRoQ291bnQiO2E6MDp7fXM6MTA6IgAqAHBlclBhZ2UiO2k6MTU7czo2OiJleGlzdHMiO2I6MTtzOjE4OiJ3YXNSZWNlbnRseUNyZWF0ZWQiO2I6MDtzOjEzOiIAKgBhdHRyaWJ1dGVzIjthOjEyOntzOjI6ImlkIjtpOjMyO3M6NzoibWVudV9pZCI7aToxO3M6NDoidHlwZSI7czoxOiIyIjtzOjExOiJtb2R1bGVfbmFtZSI7czo3OiJFeHBlbnNlIjtzOjEzOiJkaXZpZGVyX3RpdGxlIjtOO3M6MTA6Imljb25fY2xhc3MiO3M6MjI6ImZhcyBmYS1tb25leS1jaGVjay1hbHQiO3M6MzoidXJsIjtOO3M6NToib3JkZXIiO2k6ODtzOjk6InBhcmVudF9pZCI7TjtzOjY6InRhcmdldCI7czo1OiJfc2VsZiI7czoxMDoiY3JlYXRlZF9hdCI7czoxOToiMjAyMS0wMS0yMiAxODozNDo0NSI7czoxMDoidXBkYXRlZF9hdCI7czoxOToiMjAyMS0wMi0wOCAxNDo0ODowNSI7fXM6MTE6IgAqAG9yaWdpbmFsIjthOjEyOntzOjI6ImlkIjtpOjMyO3M6NzoibWVudV9pZCI7aToxO3M6NDoidHlwZSI7czoxOiIyIjtzOjExOiJtb2R1bGVfbmFtZSI7czo3OiJFeHBlbnNlIjtzOjEzOiJkaXZpZGVyX3RpdGxlIjtOO3M6MTA6Imljb25fY2xhc3MiO3M6MjI6ImZhcyBmYS1tb25leS1jaGVjay1hbHQiO3M6MzoidXJsIjtOO3M6NToib3JkZXIiO2k6ODtzOjk6InBhcmVudF9pZCI7TjtzOjY6InRhcmdldCI7czo1OiJfc2VsZiI7czoxMDoiY3JlYXRlZF9hdCI7czoxOToiMjAyMS0wMS0yMiAxODozNDo0NSI7czoxMDoidXBkYXRlZF9hdCI7czoxOToiMjAyMS0wMi0wOCAxNDo0ODowNSI7fXM6MTA6IgAqAGNoYW5nZXMiO2E6MDp7fXM6ODoiACoAY2FzdHMiO2E6MDp7fXM6MTc6IgAqAGNsYXNzQ2FzdENhY2hlIjthOjA6e31zOjg6IgAqAGRhdGVzIjthOjA6e31zOjEzOiIAKgBkYXRlRm9ybWF0IjtOO3M6MTA6IgAqAGFwcGVuZHMiO2E6MDp7fXM6MTk6IgAqAGRpc3BhdGNoZXNFdmVudHMiO2E6MDp7fXM6MTQ6IgAqAG9ic2VydmFibGVzIjthOjA6e31zOjEyOiIAKgByZWxhdGlvbnMiO2E6MTp7czo4OiJjaGlsZHJlbiI7TzoyNjoiVHlwaUNNU1xOZXN0YWJsZUNvbGxlY3Rpb24iOjc6e3M6ODoiACoAdG90YWwiO2k6MjtzOjE1OiIAKgBwYXJlbnRDb2x1bW4iO3M6OToicGFyZW50X2lkIjtzOjMzOiIAKgByZW1vdmVJdGVtc1dpdGhNaXNzaW5nQW5jZXN0b3IiO2I6MTtzOjE0OiIAKgBpbmRlbnRDaGFycyI7czo4OiLCoMKgwqDCoCI7czoxNToiACoAY2hpbGRyZW5OYW1lIjtzOjU6Iml0ZW1zIjtzOjE3OiIAKgBwYXJlbnRSZWxhdGlvbiI7czo2OiJwYXJlbnQiO3M6ODoiACoAaXRlbXMiO2E6Mjp7aTowO086MTc6IkFwcFxNb2RlbHNcTW9kdWxlIjoyNzp7czoxMToiACoAZmlsbGFibGUiO2E6OTp7aTowO3M6NzoibWVudV9pZCI7aToxO3M6NDoidHlwZSI7aToyO3M6MTE6Im1vZHVsZV9uYW1lIjtpOjM7czoxMzoiZGl2aWRlcl90aXRsZSI7aTo0O3M6MTA6Imljb25fY2xhc3MiO2k6NTtzOjM6InVybCI7aTo2O3M6NToib3JkZXIiO2k6NztzOjk6InBhcmVudF9pZCI7aTo4O3M6NjoidGFyZ2V0Ijt9czoxMzoiACoAY29ubmVjdGlvbiI7czo1OiJteXNxbCI7czo4OiIAKgB0YWJsZSI7czo3OiJtb2R1bGVzIjtzOjEzOiIAKgBwcmltYXJ5S2V5IjtzOjI6ImlkIjtzOjEwOiIAKgBrZXlUeXBlIjtzOjM6ImludCI7czoxMjoiaW5jcmVtZW50aW5nIjtiOjE7czo3OiIAKgB3aXRoIjthOjA6e31zOjEyOiIAKgB3aXRoQ291bnQiO2E6MDp7fXM6MTA6IgAqAHBlclBhZ2UiO2k6MTU7czo2OiJleGlzdHMiO2I6MTtzOjE4OiJ3YXNSZWNlbnRseUNyZWF0ZWQiO2I6MDtzOjEzOiIAKgBhdHRyaWJ1dGVzIjthOjEyOntzOjI6ImlkIjtpOjMzO3M6NzoibWVudV9pZCI7aToxO3M6NDoidHlwZSI7czoxOiIyIjtzOjExOiJtb2R1bGVfbmFtZSI7czoxNjoiRXhwZW5zZSBDYXRlZ29yeSI7czoxMzoiZGl2aWRlcl90aXRsZSI7TjtzOjEwOiJpY29uX2NsYXNzIjtzOjExOiJmYXMgZmEtbGlzdCI7czozOiJ1cmwiO3M6MTY6ImV4cGVuc2UvY2F0ZWdvcnkiO3M6NToib3JkZXIiO2k6MTtzOjk6InBhcmVudF9pZCI7aTozMjtzOjY6InRhcmdldCI7czo1OiJfc2VsZiI7czoxMDoiY3JlYXRlZF9hdCI7czoxOToiMjAyMS0wMS0yMiAxODozNjoyOCI7czoxMDoidXBkYXRlZF9hdCI7czoxOToiMjAyMS0wMS0yMiAxODozOToyNyI7fXM6MTE6IgAqAG9yaWdpbmFsIjthOjEyOntzOjI6ImlkIjtpOjMzO3M6NzoibWVudV9pZCI7aToxO3M6NDoidHlwZSI7czoxOiIyIjtzOjExOiJtb2R1bGVfbmFtZSI7czoxNjoiRXhwZW5zZSBDYXRlZ29yeSI7czoxMzoiZGl2aWRlcl90aXRsZSI7TjtzOjEwOiJpY29uX2NsYXNzIjtzOjExOiJmYXMgZmEtbGlzdCI7czozOiJ1cmwiO3M6MTY6ImV4cGVuc2UvY2F0ZWdvcnkiO3M6NToib3JkZXIiO2k6MTtzOjk6InBhcmVudF9pZCI7aTozMjtzOjY6InRhcmdldCI7czo1OiJfc2VsZiI7czoxMDoiY3JlYXRlZF9hdCI7czoxOToiMjAyMS0wMS0yMiAxODozNjoyOCI7czoxMDoidXBkYXRlZF9hdCI7czoxOToiMjAyMS0wMS0yMiAxODozOToyNyI7fXM6MTA6IgAqAGNoYW5nZXMiO2E6MDp7fXM6ODoiACoAY2FzdHMiO2E6MDp7fXM6MTc6IgAqAGNsYXNzQ2FzdENhY2hlIjthOjA6e31zOjg6IgAqAGRhdGVzIjthOjA6e31zOjEzOiIAKgBkYXRlRm9ybWF0IjtOO3M6MTA6IgAqAGFwcGVuZHMiO2E6MDp7fXM6MTk6IgAqAGRpc3BhdGNoZXNFdmVudHMiO2E6MDp7fXM6MTQ6IgAqAG9ic2VydmFibGVzIjthOjA6e31zOjEyOiIAKgByZWxhdGlvbnMiO2E6MDp7fXM6MTA6IgAqAHRvdWNoZXMiO2E6MDp7fXM6MTA6InRpbWVzdGFtcHMiO2I6MTtzOjk6IgAqAGhpZGRlbiI7YTowOnt9czoxMDoiACoAdmlzaWJsZSI7YTowOnt9czoxMDoiACoAZ3VhcmRlZCI7YToxOntpOjA7czoxOiIqIjt9fWk6MTtPOjE3OiJBcHBcTW9kZWxzXE1vZHVsZSI6Mjc6e3M6MTE6IgAqAGZpbGxhYmxlIjthOjk6e2k6MDtzOjc6Im1lbnVfaWQiO2k6MTtzOjQ6InR5cGUiO2k6MjtzOjExOiJtb2R1bGVfbmFtZSI7aTozO3M6MTM6ImRpdmlkZXJfdGl0bGUiO2k6NDtzOjEwOiJpY29uX2NsYXNzIjtpOjU7czozOiJ1cmwiO2k6NjtzOjU6Im9yZGVyIjtpOjc7czo5OiJwYXJlbnRfaWQiO2k6ODtzOjY6InRhcmdldCI7fXM6MTM6IgAqAGNvbm5lY3Rpb24iO3M6NToibXlzcWwiO3M6ODoiACoAdGFibGUiO3M6NzoibW9kdWxlcyI7czoxMzoiACoAcHJpbWFyeUtleSI7czoyOiJpZCI7czoxMDoiACoAa2V5VHlwZSI7czozOiJpbnQiO3M6MTI6ImluY3JlbWVudGluZyI7YjoxO3M6NzoiACoAd2l0aCI7YTowOnt9czoxMjoiACoAd2l0aENvdW50IjthOjA6e31zOjEwOiIAKgBwZXJQYWdlIjtpOjE1O3M6NjoiZXhpc3RzIjtiOjE7czoxODoid2FzUmVjZW50bHlDcmVhdGVkIjtiOjA7czoxMzoiACoAYXR0cmlidXRlcyI7YToxMjp7czoyOiJpZCI7aTozNDtzOjc6Im1lbnVfaWQiO2k6MTtzOjQ6InR5cGUiO3M6MToiMiI7czoxMToibW9kdWxlX25hbWUiO3M6MTQ6Ik1hbmFnZSBFeHBlbnNlIjtzOjEzOiJkaXZpZGVyX3RpdGxlIjtOO3M6MTA6Imljb25fY2xhc3MiO3M6MTg6ImZhcyBmYS1jcmVkaXQtY2FyZCI7czozOiJ1cmwiO3M6NzoiZXhwZW5zZSI7czo1OiJvcmRlciI7aToyO3M6OToicGFyZW50X2lkIjtpOjMyO3M6NjoidGFyZ2V0IjtzOjU6Il9zZWxmIjtzOjEwOiJjcmVhdGVkX2F0IjtzOjE5OiIyMDIxLTAxLTIyIDE4OjQwOjAzIjtzOjEwOiJ1cGRhdGVkX2F0IjtzOjE5OiIyMDIxLTAxLTIyIDE4OjQwOjE0Ijt9czoxMToiACoAb3JpZ2luYWwiO2E6MTI6e3M6MjoiaWQiO2k6MzQ7czo3OiJtZW51X2lkIjtpOjE7czo0OiJ0eXBlIjtzOjE6IjIiO3M6MTE6Im1vZHVsZV9uYW1lIjtzOjE0OiJNYW5hZ2UgRXhwZW5zZSI7czoxMzoiZGl2aWRlcl90aXRsZSI7TjtzOjEwOiJpY29uX2NsYXNzIjtzOjE4OiJmYXMgZmEtY3JlZGl0LWNhcmQiO3M6MzoidXJsIjtzOjc6ImV4cGVuc2UiO3M6NToib3JkZXIiO2k6MjtzOjk6InBhcmVudF9pZCI7aTozMjtzOjY6InRhcmdldCI7czo1OiJfc2VsZiI7czoxMDoiY3JlYXRlZF9hdCI7czoxOToiMjAyMS0wMS0yMiAxODo0MDowMyI7czoxMDoidXBkYXRlZF9hdCI7czoxOToiMjAyMS0wMS0yMiAxODo0MDoxNCI7fXM6MTA6IgAqAGNoYW5nZXMiO2E6MDp7fXM6ODoiACoAY2FzdHMiO2E6MDp7fXM6MTc6IgAqAGNsYXNzQ2FzdENhY2hlIjthOjA6e31zOjg6IgAqAGRhdGVzIjthOjA6e31zOjEzOiIAKgBkYXRlRm9ybWF0IjtOO3M6MTA6IgAqAGFwcGVuZHMiO2E6MDp7fXM6MTk6IgAqAGRpc3BhdGNoZXNFdmVudHMiO2E6MDp7fXM6MTQ6IgAqAG9ic2VydmFibGVzIjthOjA6e31zOjEyOiIAKgByZWxhdGlvbnMiO2E6MDp7fXM6MTA6IgAqAHRvdWNoZXMiO2E6MDp7fXM6MTA6InRpbWVzdGFtcHMiO2I6MTtzOjk6IgAqAGhpZGRlbiI7YTowOnt9czoxMDoiACoAdmlzaWJsZSI7YTowOnt9czoxMDoiACoAZ3VhcmRlZCI7YToxOntpOjA7czoxOiIqIjt9fX19fXM6MTA6IgAqAHRvdWNoZXMiO2E6MDp7fXM6MTA6InRpbWVzdGFtcHMiO2I6MTtzOjk6IgAqAGhpZGRlbiI7YTowOnt9czoxMDoiACoAdmlzaWJsZSI7YTowOnt9czoxMDoiACoAZ3VhcmRlZCI7YToxOntpOjA7czoxOiIqIjt9fWk6ODtPOjE3OiJBcHBcTW9kZWxzXE1vZHVsZSI6Mjc6e3M6MTE6IgAqAGZpbGxhYmxlIjthOjk6e2k6MDtzOjc6Im1lbnVfaWQiO2k6MTtzOjQ6InR5cGUiO2k6MjtzOjExOiJtb2R1bGVfbmFtZSI7aTozO3M6MTM6ImRpdmlkZXJfdGl0bGUiO2k6NDtzOjEwOiJpY29uX2NsYXNzIjtpOjU7czozOiJ1cmwiO2k6NjtzOjU6Im9yZGVyIjtpOjc7czo5OiJwYXJlbnRfaWQiO2k6ODtzOjY6InRhcmdldCI7fXM6MTM6IgAqAGNvbm5lY3Rpb24iO3M6NToibXlzcWwiO3M6ODoiACoAdGFibGUiO3M6NzoibW9kdWxlcyI7czoxMzoiACoAcHJpbWFyeUtleSI7czoyOiJpZCI7czoxMDoiACoAa2V5VHlwZSI7czozOiJpbnQiO3M6MTI6ImluY3JlbWVudGluZyI7YjoxO3M6NzoiACoAd2l0aCI7YTowOnt9czoxMjoiACoAd2l0aENvdW50IjthOjA6e31zOjEwOiIAKgBwZXJQYWdlIjtpOjE1O3M6NjoiZXhpc3RzIjtiOjE7czoxODoid2FzUmVjZW50bHlDcmVhdGVkIjtiOjA7czoxMzoiACoAYXR0cmlidXRlcyI7YToxMjp7czoyOiJpZCI7aTozMDtzOjc6Im1lbnVfaWQiO2k6MTtzOjQ6InR5cGUiO3M6MToiMiI7czoxMToibW9kdWxlX25hbWUiO3M6MTA6IkFjY291bnRpbmciO3M6MTM6ImRpdmlkZXJfdGl0bGUiO047czoxMDoiaWNvbl9jbGFzcyI7czoyMjoiZmFzIGZhLW1vbmV5LWNoZWNrLWFsdCI7czozOiJ1cmwiO047czo1OiJvcmRlciI7aTo5O3M6OToicGFyZW50X2lkIjtOO3M6NjoidGFyZ2V0IjtzOjU6Il9zZWxmIjtzOjEwOiJjcmVhdGVkX2F0IjtzOjE5OiIyMDIxLTAxLTIxIDE0OjQ1OjE0IjtzOjEwOiJ1cGRhdGVkX2F0IjtzOjE5OiIyMDIxLTAyLTA4IDE0OjQ4OjEzIjt9czoxMToiACoAb3JpZ2luYWwiO2E6MTI6e3M6MjoiaWQiO2k6MzA7czo3OiJtZW51X2lkIjtpOjE7czo0OiJ0eXBlIjtzOjE6IjIiO3M6MTE6Im1vZHVsZV9uYW1lIjtzOjEwOiJBY2NvdW50aW5nIjtzOjEzOiJkaXZpZGVyX3RpdGxlIjtOO3M6MTA6Imljb25fY2xhc3MiO3M6MjI6ImZhcyBmYS1tb25leS1jaGVjay1hbHQiO3M6MzoidXJsIjtOO3M6NToib3JkZXIiO2k6OTtzOjk6InBhcmVudF9pZCI7TjtzOjY6InRhcmdldCI7czo1OiJfc2VsZiI7czoxMDoiY3JlYXRlZF9hdCI7czoxOToiMjAyMS0wMS0yMSAxNDo0NToxNCI7czoxMDoidXBkYXRlZF9hdCI7czoxOToiMjAyMS0wMi0wOCAxNDo0ODoxMyI7fXM6MTA6IgAqAGNoYW5nZXMiO2E6MDp7fXM6ODoiACoAY2FzdHMiO2E6MDp7fXM6MTc6IgAqAGNsYXNzQ2FzdENhY2hlIjthOjA6e31zOjg6IgAqAGRhdGVzIjthOjA6e31zOjEzOiIAKgBkYXRlRm9ybWF0IjtOO3M6MTA6IgAqAGFwcGVuZHMiO2E6MDp7fXM6MTk6IgAqAGRpc3BhdGNoZXNFdmVudHMiO2E6MDp7fXM6MTQ6IgAqAG9ic2VydmFibGVzIjthOjA6e31zOjEyOiIAKgByZWxhdGlvbnMiO2E6MTp7czo4OiJjaGlsZHJlbiI7TzoyNjoiVHlwaUNNU1xOZXN0YWJsZUNvbGxlY3Rpb24iOjc6e3M6ODoiACoAdG90YWwiO2k6MjtzOjE1OiIAKgBwYXJlbnRDb2x1bW4iO3M6OToicGFyZW50X2lkIjtzOjMzOiIAKgByZW1vdmVJdGVtc1dpdGhNaXNzaW5nQW5jZXN0b3IiO2I6MTtzOjE0OiIAKgBpbmRlbnRDaGFycyI7czo4OiLCoMKgwqDCoCI7czoxNToiACoAY2hpbGRyZW5OYW1lIjtzOjU6Iml0ZW1zIjtzOjE3OiIAKgBwYXJlbnRSZWxhdGlvbiI7czo2OiJwYXJlbnQiO3M6ODoiACoAaXRlbXMiO2E6Mjp7aTowO086MTc6IkFwcFxNb2RlbHNcTW9kdWxlIjoyNzp7czoxMToiACoAZmlsbGFibGUiO2E6OTp7aTowO3M6NzoibWVudV9pZCI7aToxO3M6NDoidHlwZSI7aToyO3M6MTE6Im1vZHVsZV9uYW1lIjtpOjM7czoxMzoiZGl2aWRlcl90aXRsZSI7aTo0O3M6MTA6Imljb25fY2xhc3MiO2k6NTtzOjM6InVybCI7aTo2O3M6NToib3JkZXIiO2k6NztzOjk6InBhcmVudF9pZCI7aTo4O3M6NjoidGFyZ2V0Ijt9czoxMzoiACoAY29ubmVjdGlvbiI7czo1OiJteXNxbCI7czo4OiIAKgB0YWJsZSI7czo3OiJtb2R1bGVzIjtzOjEzOiIAKgBwcmltYXJ5S2V5IjtzOjI6ImlkIjtzOjEwOiIAKgBrZXlUeXBlIjtzOjM6ImludCI7czoxMjoiaW5jcmVtZW50aW5nIjtiOjE7czo3OiIAKgB3aXRoIjthOjA6e31zOjEyOiIAKgB3aXRoQ291bnQiO2E6MDp7fXM6MTA6IgAqAHBlclBhZ2UiO2k6MTU7czo2OiJleGlzdHMiO2I6MTtzOjE4OiJ3YXNSZWNlbnRseUNyZWF0ZWQiO2I6MDtzOjEzOiIAKgBhdHRyaWJ1dGVzIjthOjEyOntzOjI6ImlkIjtpOjMxO3M6NzoibWVudV9pZCI7aToxO3M6NDoidHlwZSI7czoxOiIyIjtzOjExOiJtb2R1bGVfbmFtZSI7czoxNDoiTWFuYWdlIEFjY291bnQiO3M6MTM6ImRpdmlkZXJfdGl0bGUiO047czoxMDoiaWNvbl9jbGFzcyI7czoyMToiZmFzIGZhLW1vbmV5LWJpbGwtYWx0IjtzOjM6InVybCI7czo3OiJhY2NvdW50IjtzOjU6Im9yZGVyIjtpOjE7czo5OiJwYXJlbnRfaWQiO2k6MzA7czo2OiJ0YXJnZXQiO3M6NToiX3NlbGYiO3M6MTA6ImNyZWF0ZWRfYXQiO3M6MTk6IjIwMjEtMDEtMjEgMTQ6NDY6NDYiO3M6MTA6InVwZGF0ZWRfYXQiO3M6MTk6IjIwMjEtMDEtMjEgMTQ6NDY6NTUiO31zOjExOiIAKgBvcmlnaW5hbCI7YToxMjp7czoyOiJpZCI7aTozMTtzOjc6Im1lbnVfaWQiO2k6MTtzOjQ6InR5cGUiO3M6MToiMiI7czoxMToibW9kdWxlX25hbWUiO3M6MTQ6Ik1hbmFnZSBBY2NvdW50IjtzOjEzOiJkaXZpZGVyX3RpdGxlIjtOO3M6MTA6Imljb25fY2xhc3MiO3M6MjE6ImZhcyBmYS1tb25leS1iaWxsLWFsdCI7czozOiJ1cmwiO3M6NzoiYWNjb3VudCI7czo1OiJvcmRlciI7aToxO3M6OToicGFyZW50X2lkIjtpOjMwO3M6NjoidGFyZ2V0IjtzOjU6Il9zZWxmIjtzOjEwOiJjcmVhdGVkX2F0IjtzOjE5OiIyMDIxLTAxLTIxIDE0OjQ2OjQ2IjtzOjEwOiJ1cGRhdGVkX2F0IjtzOjE5OiIyMDIxLTAxLTIxIDE0OjQ2OjU1Ijt9czoxMDoiACoAY2hhbmdlcyI7YTowOnt9czo4OiIAKgBjYXN0cyI7YTowOnt9czoxNzoiACoAY2xhc3NDYXN0Q2FjaGUiO2E6MDp7fXM6ODoiACoAZGF0ZXMiO2E6MDp7fXM6MTM6IgAqAGRhdGVGb3JtYXQiO047czoxMDoiACoAYXBwZW5kcyI7YTowOnt9czoxOToiACoAZGlzcGF0Y2hlc0V2ZW50cyI7YTowOnt9czoxNDoiACoAb2JzZXJ2YWJsZXMiO2E6MDp7fXM6MTI6IgAqAHJlbGF0aW9ucyI7YTowOnt9czoxMDoiACoAdG91Y2hlcyI7YTowOnt9czoxMDoidGltZXN0YW1wcyI7YjoxO3M6OToiACoAaGlkZGVuIjthOjA6e31zOjEwOiIAKgB2aXNpYmxlIjthOjA6e31zOjEwOiIAKgBndWFyZGVkIjthOjE6e2k6MDtzOjE6IioiO319aToxO086MTc6IkFwcFxNb2RlbHNcTW9kdWxlIjoyNzp7czoxMToiACoAZmlsbGFibGUiO2E6OTp7aTowO3M6NzoibWVudV9pZCI7aToxO3M6NDoidHlwZSI7aToyO3M6MTE6Im1vZHVsZV9uYW1lIjtpOjM7czoxMzoiZGl2aWRlcl90aXRsZSI7aTo0O3M6MTA6Imljb25fY2xhc3MiO2k6NTtzOjM6InVybCI7aTo2O3M6NToib3JkZXIiO2k6NztzOjk6InBhcmVudF9pZCI7aTo4O3M6NjoidGFyZ2V0Ijt9czoxMzoiACoAY29ubmVjdGlvbiI7czo1OiJteXNxbCI7czo4OiIAKgB0YWJsZSI7czo3OiJtb2R1bGVzIjtzOjEzOiIAKgBwcmltYXJ5S2V5IjtzOjI6ImlkIjtzOjEwOiIAKgBrZXlUeXBlIjtzOjM6ImludCI7czoxMjoiaW5jcmVtZW50aW5nIjtiOjE7czo3OiIAKgB3aXRoIjthOjA6e31zOjEyOiIAKgB3aXRoQ291bnQiO2E6MDp7fXM6MTA6IgAqAHBlclBhZ2UiO2k6MTU7czo2OiJleGlzdHMiO2I6MTtzOjE4OiJ3YXNSZWNlbnRseUNyZWF0ZWQiO2I6MDtzOjEzOiIAKgBhdHRyaWJ1dGVzIjthOjEyOntzOjI6ImlkIjtpOjQ1O3M6NzoibWVudV9pZCI7aToxO3M6NDoidHlwZSI7czoxOiIyIjtzOjExOiJtb2R1bGVfbmFtZSI7czoxMzoiQmFsYW5jZSBTaGVldCI7czoxMzoiZGl2aWRlcl90aXRsZSI7TjtzOjEwOiJpY29uX2NsYXNzIjtzOjI2OiJmYXMgZmEtZmlsZS1pbnZvaWNlLWRvbGxhciI7czozOiJ1cmwiO3M6MTM6ImJhbGFuY2Utc2hlZXQiO3M6NToib3JkZXIiO2k6MjtzOjk6InBhcmVudF9pZCI7aTozMDtzOjY6InRhcmdldCI7czo1OiJfc2VsZiI7czoxMDoiY3JlYXRlZF9hdCI7czoxOToiMjAyMS0wMi0wNyAxNjoxNjozMyI7czoxMDoidXBkYXRlZF9hdCI7czoxOToiMjAyMS0wMi0wNyAxNjoxNzoxMyI7fXM6MTE6IgAqAG9yaWdpbmFsIjthOjEyOntzOjI6ImlkIjtpOjQ1O3M6NzoibWVudV9pZCI7aToxO3M6NDoidHlwZSI7czoxOiIyIjtzOjExOiJtb2R1bGVfbmFtZSI7czoxMzoiQmFsYW5jZSBTaGVldCI7czoxMzoiZGl2aWRlcl90aXRsZSI7TjtzOjEwOiJpY29uX2NsYXNzIjtzOjI2OiJmYXMgZmEtZmlsZS1pbnZvaWNlLWRvbGxhciI7czozOiJ1cmwiO3M6MTM6ImJhbGFuY2Utc2hlZXQiO3M6NToib3JkZXIiO2k6MjtzOjk6InBhcmVudF9pZCI7aTozMDtzOjY6InRhcmdldCI7czo1OiJfc2VsZiI7czoxMDoiY3JlYXRlZF9hdCI7czoxOToiMjAyMS0wMi0wNyAxNjoxNjozMyI7czoxMDoidXBkYXRlZF9hdCI7czoxOToiMjAyMS0wMi0wNyAxNjoxNzoxMyI7fXM6MTA6IgAqAGNoYW5nZXMiO2E6MDp7fXM6ODoiACoAY2FzdHMiO2E6MDp7fXM6MTc6IgAqAGNsYXNzQ2FzdENhY2hlIjthOjA6e31zOjg6IgAqAGRhdGVzIjthOjA6e31zOjEzOiIAKgBkYXRlRm9ybWF0IjtOO3M6MTA6IgAqAGFwcGVuZHMiO2E6MDp7fXM6MTk6IgAqAGRpc3BhdGNoZXNFdmVudHMiO2E6MDp7fXM6MTQ6IgAqAG9ic2VydmFibGVzIjthOjA6e31zOjEyOiIAKgByZWxhdGlvbnMiO2E6MDp7fXM6MTA6IgAqAHRvdWNoZXMiO2E6MDp7fXM6MTA6InRpbWVzdGFtcHMiO2I6MTtzOjk6IgAqAGhpZGRlbiI7YTowOnt9czoxMDoiACoAdmlzaWJsZSI7YTowOnt9czoxMDoiACoAZ3VhcmRlZCI7YToxOntpOjA7czoxOiIqIjt9fX19fXM6MTA6IgAqAHRvdWNoZXMiO2E6MDp7fXM6MTA6InRpbWVzdGFtcHMiO2I6MTtzOjk6IgAqAGhpZGRlbiI7YTowOnt9czoxMDoiACoAdmlzaWJsZSI7YTowOnt9czoxMDoiACoAZ3VhcmRlZCI7YToxOntpOjA7czoxOiIqIjt9fWk6OTtPOjE3OiJBcHBcTW9kZWxzXE1vZHVsZSI6Mjc6e3M6MTE6IgAqAGZpbGxhYmxlIjthOjk6e2k6MDtzOjc6Im1lbnVfaWQiO2k6MTtzOjQ6InR5cGUiO2k6MjtzOjExOiJtb2R1bGVfbmFtZSI7aTozO3M6MTM6ImRpdmlkZXJfdGl0bGUiO2k6NDtzOjEwOiJpY29uX2NsYXNzIjtpOjU7czozOiJ1cmwiO2k6NjtzOjU6Im9yZGVyIjtpOjc7czo5OiJwYXJlbnRfaWQiO2k6ODtzOjY6InRhcmdldCI7fXM6MTM6IgAqAGNvbm5lY3Rpb24iO3M6NToibXlzcWwiO3M6ODoiACoAdGFibGUiO3M6NzoibW9kdWxlcyI7czoxMzoiACoAcHJpbWFyeUtleSI7czoyOiJpZCI7czoxMDoiACoAa2V5VHlwZSI7czozOiJpbnQiO3M6MTI6ImluY3JlbWVudGluZyI7YjoxO3M6NzoiACoAd2l0aCI7YTowOnt9czoxMjoiACoAd2l0aENvdW50IjthOjA6e31zOjEwOiIAKgBwZXJQYWdlIjtpOjE1O3M6NjoiZXhpc3RzIjtiOjE7czoxODoid2FzUmVjZW50bHlDcmVhdGVkIjtiOjA7czoxMzoiACoAYXR0cmlidXRlcyI7YToxMjp7czoyOiJpZCI7aTozODtzOjc6Im1lbnVfaWQiO2k6MTtzOjQ6InR5cGUiO3M6MToiMiI7czoxMToibW9kdWxlX25hbWUiO3M6MzoiSFJNIjtzOjEzOiJkaXZpZGVyX3RpdGxlIjtOO3M6MTA6Imljb25fY2xhc3MiO3M6MTg6ImZhcyBmYS11c2VyLXNoaWVsZCI7czozOiJ1cmwiO047czo1OiJvcmRlciI7aToxMDtzOjk6InBhcmVudF9pZCI7TjtzOjY6InRhcmdldCI7czo1OiJfc2VsZiI7czoxMDoiY3JlYXRlZF9hdCI7czoxOToiMjAyMS0wMi0wMiAxNDo0MTo0NSI7czoxMDoidXBkYXRlZF9hdCI7czoxOToiMjAyMS0wMi0wOCAxNDo0ODoyNSI7fXM6MTE6IgAqAG9yaWdpbmFsIjthOjEyOntzOjI6ImlkIjtpOjM4O3M6NzoibWVudV9pZCI7aToxO3M6NDoidHlwZSI7czoxOiIyIjtzOjExOiJtb2R1bGVfbmFtZSI7czozOiJIUk0iO3M6MTM6ImRpdmlkZXJfdGl0bGUiO047czoxMDoiaWNvbl9jbGFzcyI7czoxODoiZmFzIGZhLXVzZXItc2hpZWxkIjtzOjM6InVybCI7TjtzOjU6Im9yZGVyIjtpOjEwO3M6OToicGFyZW50X2lkIjtOO3M6NjoidGFyZ2V0IjtzOjU6Il9zZWxmIjtzOjEwOiJjcmVhdGVkX2F0IjtzOjE5OiIyMDIxLTAyLTAyIDE0OjQxOjQ1IjtzOjEwOiJ1cGRhdGVkX2F0IjtzOjE5OiIyMDIxLTAyLTA4IDE0OjQ4OjI1Ijt9czoxMDoiACoAY2hhbmdlcyI7YTowOnt9czo4OiIAKgBjYXN0cyI7YTowOnt9czoxNzoiACoAY2xhc3NDYXN0Q2FjaGUiO2E6MDp7fXM6ODoiACoAZGF0ZXMiO2E6MDp7fXM6MTM6IgAqAGRhdGVGb3JtYXQiO047czoxMDoiACoAYXBwZW5kcyI7YTowOnt9czoxOToiACoAZGlzcGF0Y2hlc0V2ZW50cyI7YTowOnt9czoxNDoiACoAb2JzZXJ2YWJsZXMiO2E6MDp7fXM6MTI6IgAqAHJlbGF0aW9ucyI7YToxOntzOjg6ImNoaWxkcmVuIjtPOjI2OiJUeXBpQ01TXE5lc3RhYmxlQ29sbGVjdGlvbiI6Nzp7czo4OiIAKgB0b3RhbCI7aTo0O3M6MTU6IgAqAHBhcmVudENvbHVtbiI7czo5OiJwYXJlbnRfaWQiO3M6MzM6IgAqAHJlbW92ZUl0ZW1zV2l0aE1pc3NpbmdBbmNlc3RvciI7YjoxO3M6MTQ6IgAqAGluZGVudENoYXJzIjtzOjg6IsKgwqDCoMKgIjtzOjE1OiIAKgBjaGlsZHJlbk5hbWUiO3M6NToiaXRlbXMiO3M6MTc6IgAqAHBhcmVudFJlbGF0aW9uIjtzOjY6InBhcmVudCI7czo4OiIAKgBpdGVtcyI7YTo0OntpOjA7TzoxNzoiQXBwXE1vZGVsc1xNb2R1bGUiOjI3OntzOjExOiIAKgBmaWxsYWJsZSI7YTo5OntpOjA7czo3OiJtZW51X2lkIjtpOjE7czo0OiJ0eXBlIjtpOjI7czoxMToibW9kdWxlX25hbWUiO2k6MztzOjEzOiJkaXZpZGVyX3RpdGxlIjtpOjQ7czoxMDoiaWNvbl9jbGFzcyI7aTo1O3M6MzoidXJsIjtpOjY7czo1OiJvcmRlciI7aTo3O3M6OToicGFyZW50X2lkIjtpOjg7czo2OiJ0YXJnZXQiO31zOjEzOiIAKgBjb25uZWN0aW9uIjtzOjU6Im15c3FsIjtzOjg6IgAqAHRhYmxlIjtzOjc6Im1vZHVsZXMiO3M6MTM6IgAqAHByaW1hcnlLZXkiO3M6MjoiaWQiO3M6MTA6IgAqAGtleVR5cGUiO3M6MzoiaW50IjtzOjEyOiJpbmNyZW1lbnRpbmciO2I6MTtzOjc6IgAqAHdpdGgiO2E6MDp7fXM6MTI6IgAqAHdpdGhDb3VudCI7YTowOnt9czoxMDoiACoAcGVyUGFnZSI7aToxNTtzOjY6ImV4aXN0cyI7YjoxO3M6MTg6Indhc1JlY2VudGx5Q3JlYXRlZCI7YjowO3M6MTM6IgAqAGF0dHJpYnV0ZXMiO2E6MTI6e3M6MjoiaWQiO2k6Mzk7czo3OiJtZW51X2lkIjtpOjE7czo0OiJ0eXBlIjtzOjE6IjIiO3M6MTE6Im1vZHVsZV9uYW1lIjtzOjEwOiJEZXBhcnRtZW50IjtzOjEzOiJkaXZpZGVyX3RpdGxlIjtOO3M6MTA6Imljb25fY2xhc3MiO3M6MjA6ImZhcyBmYS1uZXR3b3JrLXdpcmVkIjtzOjM6InVybCI7czoxMDoiZGVwYXJ0bWVudCI7czo1OiJvcmRlciI7aToxO3M6OToicGFyZW50X2lkIjtpOjM4O3M6NjoidGFyZ2V0IjtzOjU6Il9zZWxmIjtzOjEwOiJjcmVhdGVkX2F0IjtzOjE5OiIyMDIxLTAyLTAyIDE0OjQyOjI2IjtzOjEwOiJ1cGRhdGVkX2F0IjtzOjE5OiIyMDIxLTAyLTAyIDE0OjQzOjIwIjt9czoxMToiACoAb3JpZ2luYWwiO2E6MTI6e3M6MjoiaWQiO2k6Mzk7czo3OiJtZW51X2lkIjtpOjE7czo0OiJ0eXBlIjtzOjE6IjIiO3M6MTE6Im1vZHVsZV9uYW1lIjtzOjEwOiJEZXBhcnRtZW50IjtzOjEzOiJkaXZpZGVyX3RpdGxlIjtOO3M6MTA6Imljb25fY2xhc3MiO3M6MjA6ImZhcyBmYS1uZXR3b3JrLXdpcmVkIjtzOjM6InVybCI7czoxMDoiZGVwYXJ0bWVudCI7czo1OiJvcmRlciI7aToxO3M6OToicGFyZW50X2lkIjtpOjM4O3M6NjoidGFyZ2V0IjtzOjU6Il9zZWxmIjtzOjEwOiJjcmVhdGVkX2F0IjtzOjE5OiIyMDIxLTAyLTAyIDE0OjQyOjI2IjtzOjEwOiJ1cGRhdGVkX2F0IjtzOjE5OiIyMDIxLTAyLTAyIDE0OjQzOjIwIjt9czoxMDoiACoAY2hhbmdlcyI7YTowOnt9czo4OiIAKgBjYXN0cyI7YTowOnt9czoxNzoiACoAY2xhc3NDYXN0Q2FjaGUiO2E6MDp7fXM6ODoiACoAZGF0ZXMiO2E6MDp7fXM6MTM6IgAqAGRhdGVGb3JtYXQiO047czoxMDoiACoAYXBwZW5kcyI7YTowOnt9czoxOToiACoAZGlzcGF0Y2hlc0V2ZW50cyI7YTowOnt9czoxNDoiACoAb2JzZXJ2YWJsZXMiO2E6MDp7fXM6MTI6IgAqAHJlbGF0aW9ucyI7YTowOnt9czoxMDoiACoAdG91Y2hlcyI7YTowOnt9czoxMDoidGltZXN0YW1wcyI7YjoxO3M6OToiACoAaGlkZGVuIjthOjA6e31zOjEwOiIAKgB2aXNpYmxlIjthOjA6e31zOjEwOiIAKgBndWFyZGVkIjthOjE6e2k6MDtzOjE6IioiO319aToxO086MTc6IkFwcFxNb2RlbHNcTW9kdWxlIjoyNzp7czoxMToiACoAZmlsbGFibGUiO2E6OTp7aTowO3M6NzoibWVudV9pZCI7aToxO3M6NDoidHlwZSI7aToyO3M6MTE6Im1vZHVsZV9uYW1lIjtpOjM7czoxMzoiZGl2aWRlcl90aXRsZSI7aTo0O3M6MTA6Imljb25fY2xhc3MiO2k6NTtzOjM6InVybCI7aTo2O3M6NToib3JkZXIiO2k6NztzOjk6InBhcmVudF9pZCI7aTo4O3M6NjoidGFyZ2V0Ijt9czoxMzoiACoAY29ubmVjdGlvbiI7czo1OiJteXNxbCI7czo4OiIAKgB0YWJsZSI7czo3OiJtb2R1bGVzIjtzOjEzOiIAKgBwcmltYXJ5S2V5IjtzOjI6ImlkIjtzOjEwOiIAKgBrZXlUeXBlIjtzOjM6ImludCI7czoxMjoiaW5jcmVtZW50aW5nIjtiOjE7czo3OiIAKgB3aXRoIjthOjA6e31zOjEyOiIAKgB3aXRoQ291bnQiO2E6MDp7fXM6MTA6IgAqAHBlclBhZ2UiO2k6MTU7czo2OiJleGlzdHMiO2I6MTtzOjE4OiJ3YXNSZWNlbnRseUNyZWF0ZWQiO2I6MDtzOjEzOiIAKgBhdHRyaWJ1dGVzIjthOjEyOntzOjI6ImlkIjtpOjQwO3M6NzoibWVudV9pZCI7aToxO3M6NDoidHlwZSI7czoxOiIyIjtzOjExOiJtb2R1bGVfbmFtZSI7czo4OiJFbXBsb3llZSI7czoxMzoiZGl2aWRlcl90aXRsZSI7TjtzOjEwOiJpY29uX2NsYXNzIjtzOjEyOiJmYXMgZmEtdXNlcnMiO3M6MzoidXJsIjtzOjg6ImVtcGxveWVlIjtzOjU6Im9yZGVyIjtpOjI7czo5OiJwYXJlbnRfaWQiO2k6Mzg7czo2OiJ0YXJnZXQiO3M6NToiX3NlbGYiO3M6MTA6ImNyZWF0ZWRfYXQiO3M6MTk6IjIwMjEtMDItMDIgMTQ6NTE6MDYiO3M6MTA6InVwZGF0ZWRfYXQiO3M6MTk6IjIwMjEtMDItMDIgMTQ6NTc6NTAiO31zOjExOiIAKgBvcmlnaW5hbCI7YToxMjp7czoyOiJpZCI7aTo0MDtzOjc6Im1lbnVfaWQiO2k6MTtzOjQ6InR5cGUiO3M6MToiMiI7czoxMToibW9kdWxlX25hbWUiO3M6ODoiRW1wbG95ZWUiO3M6MTM6ImRpdmlkZXJfdGl0bGUiO047czoxMDoiaWNvbl9jbGFzcyI7czoxMjoiZmFzIGZhLXVzZXJzIjtzOjM6InVybCI7czo4OiJlbXBsb3llZSI7czo1OiJvcmRlciI7aToyO3M6OToicGFyZW50X2lkIjtpOjM4O3M6NjoidGFyZ2V0IjtzOjU6Il9zZWxmIjtzOjEwOiJjcmVhdGVkX2F0IjtzOjE5OiIyMDIxLTAyLTAyIDE0OjUxOjA2IjtzOjEwOiJ1cGRhdGVkX2F0IjtzOjE5OiIyMDIxLTAyLTAyIDE0OjU3OjUwIjt9czoxMDoiACoAY2hhbmdlcyI7YTowOnt9czo4OiIAKgBjYXN0cyI7YTowOnt9czoxNzoiACoAY2xhc3NDYXN0Q2FjaGUiO2E6MDp7fXM6ODoiACoAZGF0ZXMiO2E6MDp7fXM6MTM6IgAqAGRhdGVGb3JtYXQiO047czoxMDoiACoAYXBwZW5kcyI7YTowOnt9czoxOToiACoAZGlzcGF0Y2hlc0V2ZW50cyI7YTowOnt9czoxNDoiACoAb2JzZXJ2YWJsZXMiO2E6MDp7fXM6MTI6IgAqAHJlbGF0aW9ucyI7YTowOnt9czoxMDoiACoAdG91Y2hlcyI7YTowOnt9czoxMDoidGltZXN0YW1wcyI7YjoxO3M6OToiACoAaGlkZGVuIjthOjA6e31zOjEwOiIAKgB2aXNpYmxlIjthOjA6e31zOjEwOiIAKgBndWFyZGVkIjthOjE6e2k6MDtzOjE6IioiO319aToyO086MTc6IkFwcFxNb2RlbHNcTW9kdWxlIjoyNzp7czoxMToiACoAZmlsbGFibGUiO2E6OTp7aTowO3M6NzoibWVudV9pZCI7aToxO3M6NDoidHlwZSI7aToyO3M6MTE6Im1vZHVsZV9uYW1lIjtpOjM7czoxMzoiZGl2aWRlcl90aXRsZSI7aTo0O3M6MTA6Imljb25fY2xhc3MiO2k6NTtzOjM6InVybCI7aTo2O3M6NToib3JkZXIiO2k6NztzOjk6InBhcmVudF9pZCI7aTo4O3M6NjoidGFyZ2V0Ijt9czoxMzoiACoAY29ubmVjdGlvbiI7czo1OiJteXNxbCI7czo4OiIAKgB0YWJsZSI7czo3OiJtb2R1bGVzIjtzOjEzOiIAKgBwcmltYXJ5S2V5IjtzOjI6ImlkIjtzOjEwOiIAKgBrZXlUeXBlIjtzOjM6ImludCI7czoxMjoiaW5jcmVtZW50aW5nIjtiOjE7czo3OiIAKgB3aXRoIjthOjA6e31zOjEyOiIAKgB3aXRoQ291bnQiO2E6MDp7fXM6MTA6IgAqAHBlclBhZ2UiO2k6MTU7czo2OiJleGlzdHMiO2I6MTtzOjE4OiJ3YXNSZWNlbnRseUNyZWF0ZWQiO2I6MDtzOjEzOiIAKgBhdHRyaWJ1dGVzIjthOjEyOntzOjI6ImlkIjtpOjQxO3M6NzoibWVudV9pZCI7aToxO3M6NDoidHlwZSI7czoxOiIyIjtzOjExOiJtb2R1bGVfbmFtZSI7czoxMDoiQXR0ZW5kYW5jZSI7czoxMzoiZGl2aWRlcl90aXRsZSI7TjtzOjEwOiJpY29uX2NsYXNzIjtzOjIwOiJmYXMgZmEtYnVzaW5lc3MtdGltZSI7czozOiJ1cmwiO3M6MTA6ImF0dGVuZGFuY2UiO3M6NToib3JkZXIiO2k6MztzOjk6InBhcmVudF9pZCI7aTozODtzOjY6InRhcmdldCI7czo1OiJfc2VsZiI7czoxMDoiY3JlYXRlZF9hdCI7czoxOToiMjAyMS0wMi0wMiAxNDo1NTowNyI7czoxMDoidXBkYXRlZF9hdCI7czoxOToiMjAyMS0wMi0wMiAxNDo1Nzo1NiI7fXM6MTE6IgAqAG9yaWdpbmFsIjthOjEyOntzOjI6ImlkIjtpOjQxO3M6NzoibWVudV9pZCI7aToxO3M6NDoidHlwZSI7czoxOiIyIjtzOjExOiJtb2R1bGVfbmFtZSI7czoxMDoiQXR0ZW5kYW5jZSI7czoxMzoiZGl2aWRlcl90aXRsZSI7TjtzOjEwOiJpY29uX2NsYXNzIjtzOjIwOiJmYXMgZmEtYnVzaW5lc3MtdGltZSI7czozOiJ1cmwiO3M6MTA6ImF0dGVuZGFuY2UiO3M6NToib3JkZXIiO2k6MztzOjk6InBhcmVudF9pZCI7aTozODtzOjY6InRhcmdldCI7czo1OiJfc2VsZiI7czoxMDoiY3JlYXRlZF9hdCI7czoxOToiMjAyMS0wMi0wMiAxNDo1NTowNyI7czoxMDoidXBkYXRlZF9hdCI7czoxOToiMjAyMS0wMi0wMiAxNDo1Nzo1NiI7fXM6MTA6IgAqAGNoYW5nZXMiO2E6MDp7fXM6ODoiACoAY2FzdHMiO2E6MDp7fXM6MTc6IgAqAGNsYXNzQ2FzdENhY2hlIjthOjA6e31zOjg6IgAqAGRhdGVzIjthOjA6e31zOjEzOiIAKgBkYXRlRm9ybWF0IjtOO3M6MTA6IgAqAGFwcGVuZHMiO2E6MDp7fXM6MTk6IgAqAGRpc3BhdGNoZXNFdmVudHMiO2E6MDp7fXM6MTQ6IgAqAG9ic2VydmFibGVzIjthOjA6e31zOjEyOiIAKgByZWxhdGlvbnMiO2E6MDp7fXM6MTA6IgAqAHRvdWNoZXMiO2E6MDp7fXM6MTA6InRpbWVzdGFtcHMiO2I6MTtzOjk6IgAqAGhpZGRlbiI7YTowOnt9czoxMDoiACoAdmlzaWJsZSI7YTowOnt9czoxMDoiACoAZ3VhcmRlZCI7YToxOntpOjA7czoxOiIqIjt9fWk6MztPOjE3OiJBcHBcTW9kZWxzXE1vZHVsZSI6Mjc6e3M6MTE6IgAqAGZpbGxhYmxlIjthOjk6e2k6MDtzOjc6Im1lbnVfaWQiO2k6MTtzOjQ6InR5cGUiO2k6MjtzOjExOiJtb2R1bGVfbmFtZSI7aTozO3M6MTM6ImRpdmlkZXJfdGl0bGUiO2k6NDtzOjEwOiJpY29uX2NsYXNzIjtpOjU7czozOiJ1cmwiO2k6NjtzOjU6Im9yZGVyIjtpOjc7czo5OiJwYXJlbnRfaWQiO2k6ODtzOjY6InRhcmdldCI7fXM6MTM6IgAqAGNvbm5lY3Rpb24iO3M6NToibXlzcWwiO3M6ODoiACoAdGFibGUiO3M6NzoibW9kdWxlcyI7czoxMzoiACoAcHJpbWFyeUtleSI7czoyOiJpZCI7czoxMDoiACoAa2V5VHlwZSI7czozOiJpbnQiO3M6MTI6ImluY3JlbWVudGluZyI7YjoxO3M6NzoiACoAd2l0aCI7YTowOnt9czoxMjoiACoAd2l0aENvdW50IjthOjA6e31zOjEwOiIAKgBwZXJQYWdlIjtpOjE1O3M6NjoiZXhpc3RzIjtiOjE7czoxODoid2FzUmVjZW50bHlDcmVhdGVkIjtiOjA7czoxMzoiACoAYXR0cmlidXRlcyI7YToxMjp7czoyOiJpZCI7aTo0MjtzOjc6Im1lbnVfaWQiO2k6MTtzOjQ6InR5cGUiO3M6MToiMiI7czoxMToibW9kdWxlX25hbWUiO3M6NzoiUGF5cm9sbCI7czoxMzoiZGl2aWRlcl90aXRsZSI7TjtzOjEwOiJpY29uX2NsYXNzIjtzOjIxOiJmYXIgZmEtbW9uZXktYmlsbC1hbHQiO3M6MzoidXJsIjtzOjc6InBheXJvbGwiO3M6NToib3JkZXIiO2k6NDtzOjk6InBhcmVudF9pZCI7aTozODtzOjY6InRhcmdldCI7czo1OiJfc2VsZiI7czoxMDoiY3JlYXRlZF9hdCI7czoxOToiMjAyMS0wMi0wMiAxNDo1NTo1MCI7czoxMDoidXBkYXRlZF9hdCI7czoxOToiMjAyMS0wMi0wMiAxNDo1ODowMSI7fXM6MTE6IgAqAG9yaWdpbmFsIjthOjEyOntzOjI6ImlkIjtpOjQyO3M6NzoibWVudV9pZCI7aToxO3M6NDoidHlwZSI7czoxOiIyIjtzOjExOiJtb2R1bGVfbmFtZSI7czo3OiJQYXlyb2xsIjtzOjEzOiJkaXZpZGVyX3RpdGxlIjtOO3M6MTA6Imljb25fY2xhc3MiO3M6MjE6ImZhciBmYS1tb25leS1iaWxsLWFsdCI7czozOiJ1cmwiO3M6NzoicGF5cm9sbCI7czo1OiJvcmRlciI7aTo0O3M6OToicGFyZW50X2lkIjtpOjM4O3M6NjoidGFyZ2V0IjtzOjU6Il9zZWxmIjtzOjEwOiJjcmVhdGVkX2F0IjtzOjE5OiIyMDIxLTAyLTAyIDE0OjU1OjUwIjtzOjEwOiJ1cGRhdGVkX2F0IjtzOjE5OiIyMDIxLTAyLTAyIDE0OjU4OjAxIjt9czoxMDoiACoAY2hhbmdlcyI7YTowOnt9czo4OiIAKgBjYXN0cyI7YTowOnt9czoxNzoiACoAY2xhc3NDYXN0Q2FjaGUiO2E6MDp7fXM6ODoiACoAZGF0ZXMiO2E6MDp7fXM6MTM6IgAqAGRhdGVGb3JtYXQiO047czoxMDoiACoAYXBwZW5kcyI7YTowOnt9czoxOToiACoAZGlzcGF0Y2hlc0V2ZW50cyI7YTowOnt9czoxNDoiACoAb2JzZXJ2YWJsZXMiO2E6MDp7fXM6MTI6IgAqAHJlbGF0aW9ucyI7YTowOnt9czoxMDoiACoAdG91Y2hlcyI7YTowOnt9czoxMDoidGltZXN0YW1wcyI7YjoxO3M6OToiACoAaGlkZGVuIjthOjA6e31zOjEwOiIAKgB2aXNpYmxlIjthOjA6e31zOjEwOiIAKgBndWFyZGVkIjthOjE6e2k6MDtzOjE6IioiO319fX19czoxMDoiACoAdG91Y2hlcyI7YTowOnt9czoxMDoidGltZXN0YW1wcyI7YjoxO3M6OToiACoAaGlkZGVuIjthOjA6e31zOjEwOiIAKgB2aXNpYmxlIjthOjA6e31zOjEwOiIAKgBndWFyZGVkIjthOjE6e2k6MDtzOjE6IioiO319aToxMDtPOjE3OiJBcHBcTW9kZWxzXE1vZHVsZSI6Mjc6e3M6MTE6IgAqAGZpbGxhYmxlIjthOjk6e2k6MDtzOjc6Im1lbnVfaWQiO2k6MTtzOjQ6InR5cGUiO2k6MjtzOjExOiJtb2R1bGVfbmFtZSI7aTozO3M6MTM6ImRpdmlkZXJfdGl0bGUiO2k6NDtzOjEwOiJpY29uX2NsYXNzIjtpOjU7czozOiJ1cmwiO2k6NjtzOjU6Im9yZGVyIjtpOjc7czo5OiJwYXJlbnRfaWQiO2k6ODtzOjY6InRhcmdldCI7fXM6MTM6IgAqAGNvbm5lY3Rpb24iO3M6NToibXlzcWwiO3M6ODoiACoAdGFibGUiO3M6NzoibW9kdWxlcyI7czoxMzoiACoAcHJpbWFyeUtleSI7czoyOiJpZCI7czoxMDoiACoAa2V5VHlwZSI7czozOiJpbnQiO3M6MTI6ImluY3JlbWVudGluZyI7YjoxO3M6NzoiACoAd2l0aCI7YTowOnt9czoxMjoiACoAd2l0aENvdW50IjthOjA6e31zOjEwOiIAKgBwZXJQYWdlIjtpOjE1O3M6NjoiZXhpc3RzIjtiOjE7czoxODoid2FzUmVjZW50bHlDcmVhdGVkIjtiOjA7czoxMzoiACoAYXR0cmlidXRlcyI7YToxMjp7czoyOiJpZCI7aTo0NjtzOjc6Im1lbnVfaWQiO2k6MTtzOjQ6InR5cGUiO3M6MToiMiI7czoxMToibW9kdWxlX25hbWUiO3M6NjoiUmVwb3J0IjtzOjEzOiJkaXZpZGVyX3RpdGxlIjtOO3M6MTA6Imljb25fY2xhc3MiO3M6MjE6ImZhcyBmYS1maWxlLXNpZ25hdHVyZSI7czozOiJ1cmwiO047czo1OiJvcmRlciI7aToxMTtzOjk6InBhcmVudF9pZCI7TjtzOjY6InRhcmdldCI7czo1OiJfc2VsZiI7czoxMDoiY3JlYXRlZF9hdCI7czoxOToiMjAyMS0wMi0wOCAxNDo0Mjo1NiI7czoxMDoidXBkYXRlZF9hdCI7czoxOToiMjAyMS0wMi0wOCAxNDo0ODoyNSI7fXM6MTE6IgAqAG9yaWdpbmFsIjthOjEyOntzOjI6ImlkIjtpOjQ2O3M6NzoibWVudV9pZCI7aToxO3M6NDoidHlwZSI7czoxOiIyIjtzOjExOiJtb2R1bGVfbmFtZSI7czo2OiJSZXBvcnQiO3M6MTM6ImRpdmlkZXJfdGl0bGUiO047czoxMDoiaWNvbl9jbGFzcyI7czoyMToiZmFzIGZhLWZpbGUtc2lnbmF0dXJlIjtzOjM6InVybCI7TjtzOjU6Im9yZGVyIjtpOjExO3M6OToicGFyZW50X2lkIjtOO3M6NjoidGFyZ2V0IjtzOjU6Il9zZWxmIjtzOjEwOiJjcmVhdGVkX2F0IjtzOjE5OiIyMDIxLTAyLTA4IDE0OjQyOjU2IjtzOjEwOiJ1cGRhdGVkX2F0IjtzOjE5OiIyMDIxLTAyLTA4IDE0OjQ4OjI1Ijt9czoxMDoiACoAY2hhbmdlcyI7YTowOnt9czo4OiIAKgBjYXN0cyI7YTowOnt9czoxNzoiACoAY2xhc3NDYXN0Q2FjaGUiO2E6MDp7fXM6ODoiACoAZGF0ZXMiO2E6MDp7fXM6MTM6IgAqAGRhdGVGb3JtYXQiO047czoxMDoiACoAYXBwZW5kcyI7YTowOnt9czoxOToiACoAZGlzcGF0Y2hlc0V2ZW50cyI7YTowOnt9czoxNDoiACoAb2JzZXJ2YWJsZXMiO2E6MDp7fXM6MTI6IgAqAHJlbGF0aW9ucyI7YToxOntzOjg6ImNoaWxkcmVuIjtPOjI2OiJUeXBpQ01TXE5lc3RhYmxlQ29sbGVjdGlvbiI6Nzp7czo4OiIAKgB0b3RhbCI7aTo2O3M6MTU6IgAqAHBhcmVudENvbHVtbiI7czo5OiJwYXJlbnRfaWQiO3M6MzM6IgAqAHJlbW92ZUl0ZW1zV2l0aE1pc3NpbmdBbmNlc3RvciI7YjoxO3M6MTQ6IgAqAGluZGVudENoYXJzIjtzOjg6IsKgwqDCoMKgIjtzOjE1OiIAKgBjaGlsZHJlbk5hbWUiO3M6NToiaXRlbXMiO3M6MTc6IgAqAHBhcmVudFJlbGF0aW9uIjtzOjY6InBhcmVudCI7czo4OiIAKgBpdGVtcyI7YTo2OntpOjA7TzoxNzoiQXBwXE1vZGVsc1xNb2R1bGUiOjI3OntzOjExOiIAKgBmaWxsYWJsZSI7YTo5OntpOjA7czo3OiJtZW51X2lkIjtpOjE7czo0OiJ0eXBlIjtpOjI7czoxMToibW9kdWxlX25hbWUiO2k6MztzOjEzOiJkaXZpZGVyX3RpdGxlIjtpOjQ7czoxMDoiaWNvbl9jbGFzcyI7aTo1O3M6MzoidXJsIjtpOjY7czo1OiJvcmRlciI7aTo3O3M6OToicGFyZW50X2lkIjtpOjg7czo2OiJ0YXJnZXQiO31zOjEzOiIAKgBjb25uZWN0aW9uIjtzOjU6Im15c3FsIjtzOjg6IgAqAHRhYmxlIjtzOjc6Im1vZHVsZXMiO3M6MTM6IgAqAHByaW1hcnlLZXkiO3M6MjoiaWQiO3M6MTA6IgAqAGtleVR5cGUiO3M6MzoiaW50IjtzOjEyOiJpbmNyZW1lbnRpbmciO2I6MTtzOjc6IgAqAHdpdGgiO2E6MDp7fXM6MTI6IgAqAHdpdGhDb3VudCI7YTowOnt9czoxMDoiACoAcGVyUGFnZSI7aToxNTtzOjY6ImV4aXN0cyI7YjoxO3M6MTg6Indhc1JlY2VudGx5Q3JlYXRlZCI7YjowO3M6MTM6IgAqAGF0dHJpYnV0ZXMiO2E6MTI6e3M6MjoiaWQiO2k6NDc7czo3OiJtZW51X2lkIjtpOjE7czo0OiJ0eXBlIjtzOjE6IjIiO3M6MTE6Im1vZHVsZV9uYW1lIjtzOjE0OiJTdW1tYXJ5IFJlcG9ydCI7czoxMzoiZGl2aWRlcl90aXRsZSI7TjtzOjEwOiJpY29uX2NsYXNzIjtzOjE3OiJmYXMgZmEtZG90LWNpcmNsZSI7czozOiJ1cmwiO3M6MTQ6InN1bW1hcnktcmVwb3J0IjtzOjU6Im9yZGVyIjtpOjE7czo5OiJwYXJlbnRfaWQiO2k6NDY7czo2OiJ0YXJnZXQiO3M6NToiX3NlbGYiO3M6MTA6ImNyZWF0ZWRfYXQiO3M6MTk6IjIwMjEtMDItMDggMTQ6NDM6NTMiO3M6MTA6InVwZGF0ZWRfYXQiO3M6MTk6IjIwMjEtMDItMDggMTQ6NDU6MDEiO31zOjExOiIAKgBvcmlnaW5hbCI7YToxMjp7czoyOiJpZCI7aTo0NztzOjc6Im1lbnVfaWQiO2k6MTtzOjQ6InR5cGUiO3M6MToiMiI7czoxMToibW9kdWxlX25hbWUiO3M6MTQ6IlN1bW1hcnkgUmVwb3J0IjtzOjEzOiJkaXZpZGVyX3RpdGxlIjtOO3M6MTA6Imljb25fY2xhc3MiO3M6MTc6ImZhcyBmYS1kb3QtY2lyY2xlIjtzOjM6InVybCI7czoxNDoic3VtbWFyeS1yZXBvcnQiO3M6NToib3JkZXIiO2k6MTtzOjk6InBhcmVudF9pZCI7aTo0NjtzOjY6InRhcmdldCI7czo1OiJfc2VsZiI7czoxMDoiY3JlYXRlZF9hdCI7czoxOToiMjAyMS0wMi0wOCAxNDo0Mzo1MyI7czoxMDoidXBkYXRlZF9hdCI7czoxOToiMjAyMS0wMi0wOCAxNDo0NTowMSI7fXM6MTA6IgAqAGNoYW5nZXMiO2E6MDp7fXM6ODoiACoAY2FzdHMiO2E6MDp7fXM6MTc6IgAqAGNsYXNzQ2FzdENhY2hlIjthOjA6e31zOjg6IgAqAGRhdGVzIjthOjA6e31zOjEzOiIAKgBkYXRlRm9ybWF0IjtOO3M6MTA6IgAqAGFwcGVuZHMiO2E6MDp7fXM6MTk6IgAqAGRpc3BhdGNoZXNFdmVudHMiO2E6MDp7fXM6MTQ6IgAqAG9ic2VydmFibGVzIjthOjA6e31zOjEyOiIAKgByZWxhdGlvbnMiO2E6MDp7fXM6MTA6IgAqAHRvdWNoZXMiO2E6MDp7fXM6MTA6InRpbWVzdGFtcHMiO2I6MTtzOjk6IgAqAGhpZGRlbiI7YTowOnt9czoxMDoiACoAdmlzaWJsZSI7YTowOnt9czoxMDoiACoAZ3VhcmRlZCI7YToxOntpOjA7czoxOiIqIjt9fWk6MTtPOjE3OiJBcHBcTW9kZWxzXE1vZHVsZSI6Mjc6e3M6MTE6IgAqAGZpbGxhYmxlIjthOjk6e2k6MDtzOjc6Im1lbnVfaWQiO2k6MTtzOjQ6InR5cGUiO2k6MjtzOjExOiJtb2R1bGVfbmFtZSI7aTozO3M6MTM6ImRpdmlkZXJfdGl0bGUiO2k6NDtzOjEwOiJpY29uX2NsYXNzIjtpOjU7czozOiJ1cmwiO2k6NjtzOjU6Im9yZGVyIjtpOjc7czo5OiJwYXJlbnRfaWQiO2k6ODtzOjY6InRhcmdldCI7fXM6MTM6IgAqAGNvbm5lY3Rpb24iO3M6NToibXlzcWwiO3M6ODoiACoAdGFibGUiO3M6NzoibW9kdWxlcyI7czoxMzoiACoAcHJpbWFyeUtleSI7czoyOiJpZCI7czoxMDoiACoAa2V5VHlwZSI7czozOiJpbnQiO3M6MTI6ImluY3JlbWVudGluZyI7YjoxO3M6NzoiACoAd2l0aCI7YTowOnt9czoxMjoiACoAd2l0aENvdW50IjthOjA6e31zOjEwOiIAKgBwZXJQYWdlIjtpOjE1O3M6NjoiZXhpc3RzIjtiOjE7czoxODoid2FzUmVjZW50bHlDcmVhdGVkIjtiOjA7czoxMzoiACoAYXR0cmlidXRlcyI7YToxMjp7czoyOiJpZCI7aTo0ODtzOjc6Im1lbnVfaWQiO2k6MTtzOjQ6InR5cGUiO3M6MToiMiI7czoxMToibW9kdWxlX25hbWUiO3M6MTQ6IlByb2R1Y3QgUmVwb3J0IjtzOjEzOiJkaXZpZGVyX3RpdGxlIjtOO3M6MTA6Imljb25fY2xhc3MiO3M6MTc6ImZhcyBmYS1kb3QtY2lyY2xlIjtzOjM6InVybCI7czoxNDoicHJvZHVjdC1yZXBvcnQiO3M6NToib3JkZXIiO2k6MjtzOjk6InBhcmVudF9pZCI7aTo0NjtzOjY6InRhcmdldCI7czo1OiJfc2VsZiI7czoxMDoiY3JlYXRlZF9hdCI7czoxOToiMjAyMS0wMi0wOCAxNDo0NDo0OSI7czoxMDoidXBkYXRlZF9hdCI7czoxOToiMjAyMS0wMi0wOCAxNDo0NTowMyI7fXM6MTE6IgAqAG9yaWdpbmFsIjthOjEyOntzOjI6ImlkIjtpOjQ4O3M6NzoibWVudV9pZCI7aToxO3M6NDoidHlwZSI7czoxOiIyIjtzOjExOiJtb2R1bGVfbmFtZSI7czoxNDoiUHJvZHVjdCBSZXBvcnQiO3M6MTM6ImRpdmlkZXJfdGl0bGUiO047czoxMDoiaWNvbl9jbGFzcyI7czoxNzoiZmFzIGZhLWRvdC1jaXJjbGUiO3M6MzoidXJsIjtzOjE0OiJwcm9kdWN0LXJlcG9ydCI7czo1OiJvcmRlciI7aToyO3M6OToicGFyZW50X2lkIjtpOjQ2O3M6NjoidGFyZ2V0IjtzOjU6Il9zZWxmIjtzOjEwOiJjcmVhdGVkX2F0IjtzOjE5OiIyMDIxLTAyLTA4IDE0OjQ0OjQ5IjtzOjEwOiJ1cGRhdGVkX2F0IjtzOjE5OiIyMDIxLTAyLTA4IDE0OjQ1OjAzIjt9czoxMDoiACoAY2hhbmdlcyI7YTowOnt9czo4OiIAKgBjYXN0cyI7YTowOnt9czoxNzoiACoAY2xhc3NDYXN0Q2FjaGUiO2E6MDp7fXM6ODoiACoAZGF0ZXMiO2E6MDp7fXM6MTM6IgAqAGRhdGVGb3JtYXQiO047czoxMDoiACoAYXBwZW5kcyI7YTowOnt9czoxOToiACoAZGlzcGF0Y2hlc0V2ZW50cyI7YTowOnt9czoxNDoiACoAb2JzZXJ2YWJsZXMiO2E6MDp7fXM6MTI6IgAqAHJlbGF0aW9ucyI7YTowOnt9czoxMDoiACoAdG91Y2hlcyI7YTowOnt9czoxMDoidGltZXN0YW1wcyI7YjoxO3M6OToiACoAaGlkZGVuIjthOjA6e31zOjEwOiIAKgB2aXNpYmxlIjthOjA6e31zOjEwOiIAKgBndWFyZGVkIjthOjE6e2k6MDtzOjE6IioiO319aToyO086MTc6IkFwcFxNb2RlbHNcTW9kdWxlIjoyNzp7czoxMToiACoAZmlsbGFibGUiO2E6OTp7aTowO3M6NzoibWVudV9pZCI7aToxO3M6NDoidHlwZSI7aToyO3M6MTE6Im1vZHVsZV9uYW1lIjtpOjM7czoxMzoiZGl2aWRlcl90aXRsZSI7aTo0O3M6MTA6Imljb25fY2xhc3MiO2k6NTtzOjM6InVybCI7aTo2O3M6NToib3JkZXIiO2k6NztzOjk6InBhcmVudF9pZCI7aTo4O3M6NjoidGFyZ2V0Ijt9czoxMzoiACoAY29ubmVjdGlvbiI7czo1OiJteXNxbCI7czo4OiIAKgB0YWJsZSI7czo3OiJtb2R1bGVzIjtzOjEzOiIAKgBwcmltYXJ5S2V5IjtzOjI6ImlkIjtzOjEwOiIAKgBrZXlUeXBlIjtzOjM6ImludCI7czoxMjoiaW5jcmVtZW50aW5nIjtiOjE7czo3OiIAKgB3aXRoIjthOjA6e31zOjEyOiIAKgB3aXRoQ291bnQiO2E6MDp7fXM6MTA6IgAqAHBlclBhZ2UiO2k6MTU7czo2OiJleGlzdHMiO2I6MTtzOjE4OiJ3YXNSZWNlbnRseUNyZWF0ZWQiO2I6MDtzOjEzOiIAKgBhdHRyaWJ1dGVzIjthOjEyOntzOjI6ImlkIjtpOjQ5O3M6NzoibWVudV9pZCI7aToxO3M6NDoidHlwZSI7czoxOiIyIjtzOjExOiJtb2R1bGVfbmFtZSI7czoxMDoiRGFpbHkgU2FsZSI7czoxMzoiZGl2aWRlcl90aXRsZSI7TjtzOjEwOiJpY29uX2NsYXNzIjtzOjE3OiJmYXMgZmEtZG90LWNpcmNsZSI7czozOiJ1cmwiO3M6MTA6ImRhaWx5LXNhbGUiO3M6NToib3JkZXIiO2k6MztzOjk6InBhcmVudF9pZCI7aTo0NjtzOjY6InRhcmdldCI7czo1OiJfc2VsZiI7czoxMDoiY3JlYXRlZF9hdCI7czoxOToiMjAyMS0wMi0wOCAxNDo0NToyNyI7czoxMDoidXBkYXRlZF9hdCI7czoxOToiMjAyMS0wMi0xOSAxNzoyOTo1MCI7fXM6MTE6IgAqAG9yaWdpbmFsIjthOjEyOntzOjI6ImlkIjtpOjQ5O3M6NzoibWVudV9pZCI7aToxO3M6NDoidHlwZSI7czoxOiIyIjtzOjExOiJtb2R1bGVfbmFtZSI7czoxMDoiRGFpbHkgU2FsZSI7czoxMzoiZGl2aWRlcl90aXRsZSI7TjtzOjEwOiJpY29uX2NsYXNzIjtzOjE3OiJmYXMgZmEtZG90LWNpcmNsZSI7czozOiJ1cmwiO3M6MTA6ImRhaWx5LXNhbGUiO3M6NToib3JkZXIiO2k6MztzOjk6InBhcmVudF9pZCI7aTo0NjtzOjY6InRhcmdldCI7czo1OiJfc2VsZiI7czoxMDoiY3JlYXRlZF9hdCI7czoxOToiMjAyMS0wMi0wOCAxNDo0NToyNyI7czoxMDoidXBkYXRlZF9hdCI7czoxOToiMjAyMS0wMi0xOSAxNzoyOTo1MCI7fXM6MTA6IgAqAGNoYW5nZXMiO2E6MDp7fXM6ODoiACoAY2FzdHMiO2E6MDp7fXM6MTc6IgAqAGNsYXNzQ2FzdENhY2hlIjthOjA6e31zOjg6IgAqAGRhdGVzIjthOjA6e31zOjEzOiIAKgBkYXRlRm9ybWF0IjtOO3M6MTA6IgAqAGFwcGVuZHMiO2E6MDp7fXM6MTk6IgAqAGRpc3BhdGNoZXNFdmVudHMiO2E6MDp7fXM6MTQ6IgAqAG9ic2VydmFibGVzIjthOjA6e31zOjEyOiIAKgByZWxhdGlvbnMiO2E6MDp7fXM6MTA6IgAqAHRvdWNoZXMiO2E6MDp7fXM6MTA6InRpbWVzdGFtcHMiO2I6MTtzOjk6IgAqAGhpZGRlbiI7YTowOnt9czoxMDoiACoAdmlzaWJsZSI7YTowOnt9czoxMDoiACoAZ3VhcmRlZCI7YToxOntpOjA7czoxOiIqIjt9fWk6MztPOjE3OiJBcHBcTW9kZWxzXE1vZHVsZSI6Mjc6e3M6MTE6IgAqAGZpbGxhYmxlIjthOjk6e2k6MDtzOjc6Im1lbnVfaWQiO2k6MTtzOjQ6InR5cGUiO2k6MjtzOjExOiJtb2R1bGVfbmFtZSI7aTozO3M6MTM6ImRpdmlkZXJfdGl0bGUiO2k6NDtzOjEwOiJpY29uX2NsYXNzIjtpOjU7czozOiJ1cmwiO2k6NjtzOjU6Im9yZGVyIjtpOjc7czo5OiJwYXJlbnRfaWQiO2k6ODtzOjY6InRhcmdldCI7fXM6MTM6IgAqAGNvbm5lY3Rpb24iO3M6NToibXlzcWwiO3M6ODoiACoAdGFibGUiO3M6NzoibW9kdWxlcyI7czoxMzoiACoAcHJpbWFyeUtleSI7czoyOiJpZCI7czoxMDoiACoAa2V5VHlwZSI7czozOiJpbnQiO3M6MTI6ImluY3JlbWVudGluZyI7YjoxO3M6NzoiACoAd2l0aCI7YTowOnt9czoxMjoiACoAd2l0aENvdW50IjthOjA6e31zOjEwOiIAKgBwZXJQYWdlIjtpOjE1O3M6NjoiZXhpc3RzIjtiOjE7czoxODoid2FzUmVjZW50bHlDcmVhdGVkIjtiOjA7czoxMzoiACoAYXR0cmlidXRlcyI7YToxMjp7czoyOiJpZCI7aTo1MDtzOjc6Im1lbnVfaWQiO2k6MTtzOjQ6InR5cGUiO3M6MToiMiI7czoxMToibW9kdWxlX25hbWUiO3M6MTI6Ik1vbnRobHkgU2FsZSI7czoxMzoiZGl2aWRlcl90aXRsZSI7TjtzOjEwOiJpY29uX2NsYXNzIjtzOjE3OiJmYXMgZmEtZG90LWNpcmNsZSI7czozOiJ1cmwiO3M6MTI6Im1vbnRobHktc2FsZSI7czo1OiJvcmRlciI7aTo0O3M6OToicGFyZW50X2lkIjtpOjQ2O3M6NjoidGFyZ2V0IjtzOjU6Il9zZWxmIjtzOjEwOiJjcmVhdGVkX2F0IjtzOjE5OiIyMDIxLTAyLTA4IDE0OjQ1OjUxIjtzOjEwOiJ1cGRhdGVkX2F0IjtzOjE5OiIyMDIxLTAyLTA4IDE0OjQ3OjE0Ijt9czoxMToiACoAb3JpZ2luYWwiO2E6MTI6e3M6MjoiaWQiO2k6NTA7czo3OiJtZW51X2lkIjtpOjE7czo0OiJ0eXBlIjtzOjE6IjIiO3M6MTE6Im1vZHVsZV9uYW1lIjtzOjEyOiJNb250aGx5IFNhbGUiO3M6MTM6ImRpdmlkZXJfdGl0bGUiO047czoxMDoiaWNvbl9jbGFzcyI7czoxNzoiZmFzIGZhLWRvdC1jaXJjbGUiO3M6MzoidXJsIjtzOjEyOiJtb250aGx5LXNhbGUiO3M6NToib3JkZXIiO2k6NDtzOjk6InBhcmVudF9pZCI7aTo0NjtzOjY6InRhcmdldCI7czo1OiJfc2VsZiI7czoxMDoiY3JlYXRlZF9hdCI7czoxOToiMjAyMS0wMi0wOCAxNDo0NTo1MSI7czoxMDoidXBkYXRlZF9hdCI7czoxOToiMjAyMS0wMi0wOCAxNDo0NzoxNCI7fXM6MTA6IgAqAGNoYW5nZXMiO2E6MDp7fXM6ODoiACoAY2FzdHMiO2E6MDp7fXM6MTc6IgAqAGNsYXNzQ2FzdENhY2hlIjthOjA6e31zOjg6IgAqAGRhdGVzIjthOjA6e31zOjEzOiIAKgBkYXRlRm9ybWF0IjtOO3M6MTA6IgAqAGFwcGVuZHMiO2E6MDp7fXM6MTk6IgAqAGRpc3BhdGNoZXNFdmVudHMiO2E6MDp7fXM6MTQ6IgAqAG9ic2VydmFibGVzIjthOjA6e31zOjEyOiIAKgByZWxhdGlvbnMiO2E6MDp7fXM6MTA6IgAqAHRvdWNoZXMiO2E6MDp7fXM6MTA6InRpbWVzdGFtcHMiO2I6MTtzOjk6IgAqAGhpZGRlbiI7YTowOnt9czoxMDoiACoAdmlzaWJsZSI7YTowOnt9czoxMDoiACoAZ3VhcmRlZCI7YToxOntpOjA7czoxOiIqIjt9fWk6NDtPOjE3OiJBcHBcTW9kZWxzXE1vZHVsZSI6Mjc6e3M6MTE6IgAqAGZpbGxhYmxlIjthOjk6e2k6MDtzOjc6Im1lbnVfaWQiO2k6MTtzOjQ6InR5cGUiO2k6MjtzOjExOiJtb2R1bGVfbmFtZSI7aTozO3M6MTM6ImRpdmlkZXJfdGl0bGUiO2k6NDtzOjEwOiJpY29uX2NsYXNzIjtpOjU7czozOiJ1cmwiO2k6NjtzOjU6Im9yZGVyIjtpOjc7czo5OiJwYXJlbnRfaWQiO2k6ODtzOjY6InRhcmdldCI7fXM6MTM6IgAqAGNvbm5lY3Rpb24iO3M6NToibXlzcWwiO3M6ODoiACoAdGFibGUiO3M6NzoibW9kdWxlcyI7czoxMzoiACoAcHJpbWFyeUtleSI7czoyOiJpZCI7czoxMDoiACoAa2V5VHlwZSI7czozOiJpbnQiO3M6MTI6ImluY3JlbWVudGluZyI7YjoxO3M6NzoiACoAd2l0aCI7YTowOnt9czoxMjoiACoAd2l0aENvdW50IjthOjA6e31zOjEwOiIAKgBwZXJQYWdlIjtpOjE1O3M6NjoiZXhpc3RzIjtiOjE7czoxODoid2FzUmVjZW50bHlDcmVhdGVkIjtiOjA7czoxMzoiACoAYXR0cmlidXRlcyI7YToxMjp7czoyOiJpZCI7aTo1MTtzOjc6Im1lbnVfaWQiO2k6MTtzOjQ6InR5cGUiO3M6MToiMiI7czoxMToibW9kdWxlX25hbWUiO3M6MTQ6IkRhaWx5IFB1cmNoYXNlIjtzOjEzOiJkaXZpZGVyX3RpdGxlIjtOO3M6MTA6Imljb25fY2xhc3MiO3M6MTc6ImZhcyBmYS1kb3QtY2lyY2xlIjtzOjM6InVybCI7czoxNDoiZGFpbHktcHVyY2hhc2UiO3M6NToib3JkZXIiO2k6NTtzOjk6InBhcmVudF9pZCI7aTo0NjtzOjY6InRhcmdldCI7czo1OiJfc2VsZiI7czoxMDoiY3JlYXRlZF9hdCI7czoxOToiMjAyMS0wMi0wOCAxNDo0NjozNCI7czoxMDoidXBkYXRlZF9hdCI7czoxOToiMjAyMS0wMi0wOCAxNDo0NzoxNyI7fXM6MTE6IgAqAG9yaWdpbmFsIjthOjEyOntzOjI6ImlkIjtpOjUxO3M6NzoibWVudV9pZCI7aToxO3M6NDoidHlwZSI7czoxOiIyIjtzOjExOiJtb2R1bGVfbmFtZSI7czoxNDoiRGFpbHkgUHVyY2hhc2UiO3M6MTM6ImRpdmlkZXJfdGl0bGUiO047czoxMDoiaWNvbl9jbGFzcyI7czoxNzoiZmFzIGZhLWRvdC1jaXJjbGUiO3M6MzoidXJsIjtzOjE0OiJkYWlseS1wdXJjaGFzZSI7czo1OiJvcmRlciI7aTo1O3M6OToicGFyZW50X2lkIjtpOjQ2O3M6NjoidGFyZ2V0IjtzOjU6Il9zZWxmIjtzOjEwOiJjcmVhdGVkX2F0IjtzOjE5OiIyMDIxLTAyLTA4IDE0OjQ2OjM0IjtzOjEwOiJ1cGRhdGVkX2F0IjtzOjE5OiIyMDIxLTAyLTA4IDE0OjQ3OjE3Ijt9czoxMDoiACoAY2hhbmdlcyI7YTowOnt9czo4OiIAKgBjYXN0cyI7YTowOnt9czoxNzoiACoAY2xhc3NDYXN0Q2FjaGUiO2E6MDp7fXM6ODoiACoAZGF0ZXMiO2E6MDp7fXM6MTM6IgAqAGRhdGVGb3JtYXQiO047czoxMDoiACoAYXBwZW5kcyI7YTowOnt9czoxOToiACoAZGlzcGF0Y2hlc0V2ZW50cyI7YTowOnt9czoxNDoiACoAb2JzZXJ2YWJsZXMiO2E6MDp7fXM6MTI6IgAqAHJlbGF0aW9ucyI7YTowOnt9czoxMDoiACoAdG91Y2hlcyI7YTowOnt9czoxMDoidGltZXN0YW1wcyI7YjoxO3M6OToiACoAaGlkZGVuIjthOjA6e31zOjEwOiIAKgB2aXNpYmxlIjthOjA6e31zOjEwOiIAKgBndWFyZGVkIjthOjE6e2k6MDtzOjE6IioiO319aTo1O086MTc6IkFwcFxNb2RlbHNcTW9kdWxlIjoyNzp7czoxMToiACoAZmlsbGFibGUiO2E6OTp7aTowO3M6NzoibWVudV9pZCI7aToxO3M6NDoidHlwZSI7aToyO3M6MTE6Im1vZHVsZV9uYW1lIjtpOjM7czoxMzoiZGl2aWRlcl90aXRsZSI7aTo0O3M6MTA6Imljb25fY2xhc3MiO2k6NTtzOjM6InVybCI7aTo2O3M6NToib3JkZXIiO2k6NztzOjk6InBhcmVudF9pZCI7aTo4O3M6NjoidGFyZ2V0Ijt9czoxMzoiACoAY29ubmVjdGlvbiI7czo1OiJteXNxbCI7czo4OiIAKgB0YWJsZSI7czo3OiJtb2R1bGVzIjtzOjEzOiIAKgBwcmltYXJ5S2V5IjtzOjI6ImlkIjtzOjEwOiIAKgBrZXlUeXBlIjtzOjM6ImludCI7czoxMjoiaW5jcmVtZW50aW5nIjtiOjE7czo3OiIAKgB3aXRoIjthOjA6e31zOjEyOiIAKgB3aXRoQ291bnQiO2E6MDp7fXM6MTA6IgAqAHBlclBhZ2UiO2k6MTU7czo2OiJleGlzdHMiO2I6MTtzOjE4OiJ3YXNSZWNlbnRseUNyZWF0ZWQiO2I6MDtzOjEzOiIAKgBhdHRyaWJ1dGVzIjthOjEyOntzOjI6ImlkIjtpOjUyO3M6NzoibWVudV9pZCI7aToxO3M6NDoidHlwZSI7czoxOiIyIjtzOjExOiJtb2R1bGVfbmFtZSI7czoxNjoiTW9udGhseSBQdXJjaGFzZSI7czoxMzoiZGl2aWRlcl90aXRsZSI7TjtzOjEwOiJpY29uX2NsYXNzIjtzOjE3OiJmYXMgZmEtZG90LWNpcmNsZSI7czozOiJ1cmwiO3M6MTY6Im1vbnRobHktcHVyY2hhc2UiO3M6NToib3JkZXIiO2k6NjtzOjk6InBhcmVudF9pZCI7aTo0NjtzOjY6InRhcmdldCI7czo1OiJfc2VsZiI7czoxMDoiY3JlYXRlZF9hdCI7czoxOToiMjAyMS0wMi0wOCAxNDo0Njo1NCI7czoxMDoidXBkYXRlZF9hdCI7czoxOToiMjAyMS0wMi0wOCAxNDo0NzoyMCI7fXM6MTE6IgAqAG9yaWdpbmFsIjthOjEyOntzOjI6ImlkIjtpOjUyO3M6NzoibWVudV9pZCI7aToxO3M6NDoidHlwZSI7czoxOiIyIjtzOjExOiJtb2R1bGVfbmFtZSI7czoxNjoiTW9udGhseSBQdXJjaGFzZSI7czoxMzoiZGl2aWRlcl90aXRsZSI7TjtzOjEwOiJpY29uX2NsYXNzIjtzOjE3OiJmYXMgZmEtZG90LWNpcmNsZSI7czozOiJ1cmwiO3M6MTY6Im1vbnRobHktcHVyY2hhc2UiO3M6NToib3JkZXIiO2k6NjtzOjk6InBhcmVudF9pZCI7aTo0NjtzOjY6InRhcmdldCI7czo1OiJfc2VsZiI7czoxMDoiY3JlYXRlZF9hdCI7czoxOToiMjAyMS0wMi0wOCAxNDo0Njo1NCI7czoxMDoidXBkYXRlZF9hdCI7czoxOToiMjAyMS0wMi0wOCAxNDo0NzoyMCI7fXM6MTA6IgAqAGNoYW5nZXMiO2E6MDp7fXM6ODoiACoAY2FzdHMiO2E6MDp7fXM6MTc6IgAqAGNsYXNzQ2FzdENhY2hlIjthOjA6e31zOjg6IgAqAGRhdGVzIjthOjA6e31zOjEzOiIAKgBkYXRlRm9ybWF0IjtOO3M6MTA6IgAqAGFwcGVuZHMiO2E6MDp7fXM6MTk6IgAqAGRpc3BhdGNoZXNFdmVudHMiO2E6MDp7fXM6MTQ6IgAqAG9ic2VydmFibGVzIjthOjA6e31zOjEyOiIAKgByZWxhdGlvbnMiO2E6MDp7fXM6MTA6IgAqAHRvdWNoZXMiO2E6MDp7fXM6MTA6InRpbWVzdGFtcHMiO2I6MTtzOjk6IgAqAGhpZGRlbiI7YTowOnt9czoxMDoiACoAdmlzaWJsZSI7YTowOnt9czoxMDoiACoAZ3VhcmRlZCI7YToxOntpOjA7czoxOiIqIjt9fX19fXM6MTA6IgAqAHRvdWNoZXMiO2E6MDp7fXM6MTA6InRpbWVzdGFtcHMiO2I6MTtzOjk6IgAqAGhpZGRlbiI7YTowOnt9czoxMDoiACoAdmlzaWJsZSI7YTowOnt9czoxMDoiACoAZ3VhcmRlZCI7YToxOntpOjA7czoxOiIqIjt9fWk6MTE7TzoxNzoiQXBwXE1vZGVsc1xNb2R1bGUiOjI3OntzOjExOiIAKgBmaWxsYWJsZSI7YTo5OntpOjA7czo3OiJtZW51X2lkIjtpOjE7czo0OiJ0eXBlIjtpOjI7czoxMToibW9kdWxlX25hbWUiO2k6MztzOjEzOiJkaXZpZGVyX3RpdGxlIjtpOjQ7czoxMDoiaWNvbl9jbGFzcyI7aTo1O3M6MzoidXJsIjtpOjY7czo1OiJvcmRlciI7aTo3O3M6OToicGFyZW50X2lkIjtpOjg7czo2OiJ0YXJnZXQiO31zOjEzOiIAKgBjb25uZWN0aW9uIjtzOjU6Im15c3FsIjtzOjg6IgAqAHRhYmxlIjtzOjc6Im1vZHVsZXMiO3M6MTM6IgAqAHByaW1hcnlLZXkiO3M6MjoiaWQiO3M6MTA6IgAqAGtleVR5cGUiO3M6MzoiaW50IjtzOjEyOiJpbmNyZW1lbnRpbmciO2I6MTtzOjc6IgAqAHdpdGgiO2E6MDp7fXM6MTI6IgAqAHdpdGhDb3VudCI7YTowOnt9czoxMDoiACoAcGVyUGFnZSI7aToxNTtzOjY6ImV4aXN0cyI7YjoxO3M6MTg6Indhc1JlY2VudGx5Q3JlYXRlZCI7YjowO3M6MTM6IgAqAGF0dHJpYnV0ZXMiO2E6MTI6e3M6MjoiaWQiO2k6MztzOjc6Im1lbnVfaWQiO2k6MTtzOjQ6InR5cGUiO3M6MToiMSI7czoxMToibW9kdWxlX25hbWUiO047czoxMzoiZGl2aWRlcl90aXRsZSI7czoxNDoiQWNjZXNzIENvbnRyb2wiO3M6MTA6Imljb25fY2xhc3MiO047czozOiJ1cmwiO047czo1OiJvcmRlciI7aToxMjtzOjk6InBhcmVudF9pZCI7TjtzOjY6InRhcmdldCI7czo1OiJfc2VsZiI7czoxMDoiY3JlYXRlZF9hdCI7TjtzOjEwOiJ1cGRhdGVkX2F0IjtzOjE5OiIyMDIxLTAyLTA4IDE0OjQ3OjIwIjt9czoxMToiACoAb3JpZ2luYWwiO2E6MTI6e3M6MjoiaWQiO2k6MztzOjc6Im1lbnVfaWQiO2k6MTtzOjQ6InR5cGUiO3M6MToiMSI7czoxMToibW9kdWxlX25hbWUiO047czoxMzoiZGl2aWRlcl90aXRsZSI7czoxNDoiQWNjZXNzIENvbnRyb2wiO3M6MTA6Imljb25fY2xhc3MiO047czozOiJ1cmwiO047czo1OiJvcmRlciI7aToxMjtzOjk6InBhcmVudF9pZCI7TjtzOjY6InRhcmdldCI7czo1OiJfc2VsZiI7czoxMDoiY3JlYXRlZF9hdCI7TjtzOjEwOiJ1cGRhdGVkX2F0IjtzOjE5OiIyMDIxLTAyLTA4IDE0OjQ3OjIwIjt9czoxMDoiACoAY2hhbmdlcyI7YTowOnt9czo4OiIAKgBjYXN0cyI7YTowOnt9czoxNzoiACoAY2xhc3NDYXN0Q2FjaGUiO2E6MDp7fXM6ODoiACoAZGF0ZXMiO2E6MDp7fXM6MTM6IgAqAGRhdGVGb3JtYXQiO047czoxMDoiACoAYXBwZW5kcyI7YTowOnt9czoxOToiACoAZGlzcGF0Y2hlc0V2ZW50cyI7YTowOnt9czoxNDoiACoAb2JzZXJ2YWJsZXMiO2E6MDp7fXM6MTI6IgAqAHJlbGF0aW9ucyI7YToxOntzOjg6ImNoaWxkcmVuIjtPOjI2OiJUeXBpQ01TXE5lc3RhYmxlQ29sbGVjdGlvbiI6Nzp7czo4OiIAKgB0b3RhbCI7aTowO3M6MTU6IgAqAHBhcmVudENvbHVtbiI7czo5OiJwYXJlbnRfaWQiO3M6MzM6IgAqAHJlbW92ZUl0ZW1zV2l0aE1pc3NpbmdBbmNlc3RvciI7YjoxO3M6MTQ6IgAqAGluZGVudENoYXJzIjtzOjg6IsKgwqDCoMKgIjtzOjE1OiIAKgBjaGlsZHJlbk5hbWUiO3M6NToiaXRlbXMiO3M6MTc6IgAqAHBhcmVudFJlbGF0aW9uIjtzOjY6InBhcmVudCI7czo4OiIAKgBpdGVtcyI7YTowOnt9fX1zOjEwOiIAKgB0b3VjaGVzIjthOjA6e31zOjEwOiJ0aW1lc3RhbXBzIjtiOjE7czo5OiIAKgBoaWRkZW4iO2E6MDp7fXM6MTA6IgAqAHZpc2libGUiO2E6MDp7fXM6MTA6IgAqAGd1YXJkZWQiO2E6MTp7aTowO3M6MToiKiI7fX1pOjEyO086MTc6IkFwcFxNb2RlbHNcTW9kdWxlIjoyNzp7czoxMToiACoAZmlsbGFibGUiO2E6OTp7aTowO3M6NzoibWVudV9pZCI7aToxO3M6NDoidHlwZSI7aToyO3M6MTE6Im1vZHVsZV9uYW1lIjtpOjM7czoxMzoiZGl2aWRlcl90aXRsZSI7aTo0O3M6MTA6Imljb25fY2xhc3MiO2k6NTtzOjM6InVybCI7aTo2O3M6NToib3JkZXIiO2k6NztzOjk6InBhcmVudF9pZCI7aTo4O3M6NjoidGFyZ2V0Ijt9czoxMzoiACoAY29ubmVjdGlvbiI7czo1OiJteXNxbCI7czo4OiIAKgB0YWJsZSI7czo3OiJtb2R1bGVzIjtzOjEzOiIAKgBwcmltYXJ5S2V5IjtzOjI6ImlkIjtzOjEwOiIAKgBrZXlUeXBlIjtzOjM6ImludCI7czoxMjoiaW5jcmVtZW50aW5nIjtiOjE7czo3OiIAKgB3aXRoIjthOjA6e31zOjEyOiIAKgB3aXRoQ291bnQiO2E6MDp7fXM6MTA6IgAqAHBlclBhZ2UiO2k6MTU7czo2OiJleGlzdHMiO2I6MTtzOjE4OiJ3YXNSZWNlbnRseUNyZWF0ZWQiO2I6MDtzOjEzOiIAKgBhdHRyaWJ1dGVzIjthOjEyOntzOjI6ImlkIjtpOjQ7czo3OiJtZW51X2lkIjtpOjE7czo0OiJ0eXBlIjtzOjE6IjIiO3M6MTE6Im1vZHVsZV9uYW1lIjtzOjQ6IlVzZXIiO3M6MTM6ImRpdmlkZXJfdGl0bGUiO047czoxMDoiaWNvbl9jbGFzcyI7czoxMjoiZmFzIGZhLXVzZXJzIjtzOjM6InVybCI7czo0OiJ1c2VyIjtzOjU6Im9yZGVyIjtpOjEzO3M6OToicGFyZW50X2lkIjtOO3M6NjoidGFyZ2V0IjtzOjU6Il9zZWxmIjtzOjEwOiJjcmVhdGVkX2F0IjtOO3M6MTA6InVwZGF0ZWRfYXQiO3M6MTk6IjIwMjEtMDItMDggMTQ6NDc6MjAiO31zOjExOiIAKgBvcmlnaW5hbCI7YToxMjp7czoyOiJpZCI7aTo0O3M6NzoibWVudV9pZCI7aToxO3M6NDoidHlwZSI7czoxOiIyIjtzOjExOiJtb2R1bGVfbmFtZSI7czo0OiJVc2VyIjtzOjEzOiJkaXZpZGVyX3RpdGxlIjtOO3M6MTA6Imljb25fY2xhc3MiO3M6MTI6ImZhcyBmYS11c2VycyI7czozOiJ1cmwiO3M6NDoidXNlciI7czo1OiJvcmRlciI7aToxMztzOjk6InBhcmVudF9pZCI7TjtzOjY6InRhcmdldCI7czo1OiJfc2VsZiI7czoxMDoiY3JlYXRlZF9hdCI7TjtzOjEwOiJ1cGRhdGVkX2F0IjtzOjE5OiIyMDIxLTAyLTA4IDE0OjQ3OjIwIjt9czoxMDoiACoAY2hhbmdlcyI7YTowOnt9czo4OiIAKgBjYXN0cyI7YTowOnt9czoxNzoiACoAY2xhc3NDYXN0Q2FjaGUiO2E6MDp7fXM6ODoiACoAZGF0ZXMiO2E6MDp7fXM6MTM6IgAqAGRhdGVGb3JtYXQiO047czoxMDoiACoAYXBwZW5kcyI7YTowOnt9czoxOToiACoAZGlzcGF0Y2hlc0V2ZW50cyI7YTowOnt9czoxNDoiACoAb2JzZXJ2YWJsZXMiO2E6MDp7fXM6MTI6IgAqAHJlbGF0aW9ucyI7YToxOntzOjg6ImNoaWxkcmVuIjtPOjI2OiJUeXBpQ01TXE5lc3RhYmxlQ29sbGVjdGlvbiI6Nzp7czo4OiIAKgB0b3RhbCI7aTowO3M6MTU6IgAqAHBhcmVudENvbHVtbiI7czo5OiJwYXJlbnRfaWQiO3M6MzM6IgAqAHJlbW92ZUl0ZW1zV2l0aE1pc3NpbmdBbmNlc3RvciI7YjoxO3M6MTQ6IgAqAGluZGVudENoYXJzIjtzOjg6IsKgwqDCoMKgIjtzOjE1OiIAKgBjaGlsZHJlbk5hbWUiO3M6NToiaXRlbXMiO3M6MTc6IgAqAHBhcmVudFJlbGF0aW9uIjtzOjY6InBhcmVudCI7czo4OiIAKgBpdGVtcyI7YTowOnt9fX1zOjEwOiIAKgB0b3VjaGVzIjthOjA6e31zOjEwOiJ0aW1lc3RhbXBzIjtiOjE7czo5OiIAKgBoaWRkZW4iO2E6MDp7fXM6MTA6IgAqAHZpc2libGUiO2E6MDp7fXM6MTA6IgAqAGd1YXJkZWQiO2E6MTp7aTowO3M6MToiKiI7fX1pOjEzO086MTc6IkFwcFxNb2RlbHNcTW9kdWxlIjoyNzp7czoxMToiACoAZmlsbGFibGUiO2E6OTp7aTowO3M6NzoibWVudV9pZCI7aToxO3M6NDoidHlwZSI7aToyO3M6MTE6Im1vZHVsZV9uYW1lIjtpOjM7czoxMzoiZGl2aWRlcl90aXRsZSI7aTo0O3M6MTA6Imljb25fY2xhc3MiO2k6NTtzOjM6InVybCI7aTo2O3M6NToib3JkZXIiO2k6NztzOjk6InBhcmVudF9pZCI7aTo4O3M6NjoidGFyZ2V0Ijt9czoxMzoiACoAY29ubmVjdGlvbiI7czo1OiJteXNxbCI7czo4OiIAKgB0YWJsZSI7czo3OiJtb2R1bGVzIjtzOjEzOiIAKgBwcmltYXJ5S2V5IjtzOjI6ImlkIjtzOjEwOiIAKgBrZXlUeXBlIjtzOjM6ImludCI7czoxMjoiaW5jcmVtZW50aW5nIjtiOjE7czo3OiIAKgB3aXRoIjthOjA6e31zOjEyOiIAKgB3aXRoQ291bnQiO2E6MDp7fXM6MTA6IgAqAHBlclBhZ2UiO2k6MTU7czo2OiJleGlzdHMiO2I6MTtzOjE4OiJ3YXNSZWNlbnRseUNyZWF0ZWQiO2I6MDtzOjEzOiIAKgBhdHRyaWJ1dGVzIjthOjEyOntzOjI6ImlkIjtpOjU7czo3OiJtZW51X2lkIjtpOjE7czo0OiJ0eXBlIjtzOjE6IjIiO3M6MTE6Im1vZHVsZV9uYW1lIjtzOjQ6IlJvbGUiO3M6MTM6ImRpdmlkZXJfdGl0bGUiO047czoxMDoiaWNvbl9jbGFzcyI7czoxNToiZmFzIGZhLXVzZXItdGFnIjtzOjM6InVybCI7czo0OiJyb2xlIjtzOjU6Im9yZGVyIjtpOjE0O3M6OToicGFyZW50X2lkIjtOO3M6NjoidGFyZ2V0IjtzOjU6Il9zZWxmIjtzOjEwOiJjcmVhdGVkX2F0IjtOO3M6MTA6InVwZGF0ZWRfYXQiO3M6MTk6IjIwMjEtMDItMDggMTQ6NDc6MjAiO31zOjExOiIAKgBvcmlnaW5hbCI7YToxMjp7czoyOiJpZCI7aTo1O3M6NzoibWVudV9pZCI7aToxO3M6NDoidHlwZSI7czoxOiIyIjtzOjExOiJtb2R1bGVfbmFtZSI7czo0OiJSb2xlIjtzOjEzOiJkaXZpZGVyX3RpdGxlIjtOO3M6MTA6Imljb25fY2xhc3MiO3M6MTU6ImZhcyBmYS11c2VyLXRhZyI7czozOiJ1cmwiO3M6NDoicm9sZSI7czo1OiJvcmRlciI7aToxNDtzOjk6InBhcmVudF9pZCI7TjtzOjY6InRhcmdldCI7czo1OiJfc2VsZiI7czoxMDoiY3JlYXRlZF9hdCI7TjtzOjEwOiJ1cGRhdGVkX2F0IjtzOjE5OiIyMDIxLTAyLTA4IDE0OjQ3OjIwIjt9czoxMDoiACoAY2hhbmdlcyI7YTowOnt9czo4OiIAKgBjYXN0cyI7YTowOnt9czoxNzoiACoAY2xhc3NDYXN0Q2FjaGUiO2E6MDp7fXM6ODoiACoAZGF0ZXMiO2E6MDp7fXM6MTM6IgAqAGRhdGVGb3JtYXQiO047czoxMDoiACoAYXBwZW5kcyI7YTowOnt9czoxOToiACoAZGlzcGF0Y2hlc0V2ZW50cyI7YTowOnt9czoxNDoiACoAb2JzZXJ2YWJsZXMiO2E6MDp7fXM6MTI6IgAqAHJlbGF0aW9ucyI7YToxOntzOjg6ImNoaWxkcmVuIjtPOjI2OiJUeXBpQ01TXE5lc3RhYmxlQ29sbGVjdGlvbiI6Nzp7czo4OiIAKgB0b3RhbCI7aTowO3M6MTU6IgAqAHBhcmVudENvbHVtbiI7czo5OiJwYXJlbnRfaWQiO3M6MzM6IgAqAHJlbW92ZUl0ZW1zV2l0aE1pc3NpbmdBbmNlc3RvciI7YjoxO3M6MTQ6IgAqAGluZGVudENoYXJzIjtzOjg6IsKgwqDCoMKgIjtzOjE1OiIAKgBjaGlsZHJlbk5hbWUiO3M6NToiaXRlbXMiO3M6MTc6IgAqAHBhcmVudFJlbGF0aW9uIjtzOjY6InBhcmVudCI7czo4OiIAKgBpdGVtcyI7YTowOnt9fX1zOjEwOiIAKgB0b3VjaGVzIjthOjA6e31zOjEwOiJ0aW1lc3RhbXBzIjtiOjE7czo5OiIAKgBoaWRkZW4iO2E6MDp7fXM6MTA6IgAqAHZpc2libGUiO2E6MDp7fXM6MTA6IgAqAGd1YXJkZWQiO2E6MTp7aTowO3M6MToiKiI7fX1pOjE0O086MTc6IkFwcFxNb2RlbHNcTW9kdWxlIjoyNzp7czoxMToiACoAZmlsbGFibGUiO2E6OTp7aTowO3M6NzoibWVudV9pZCI7aToxO3M6NDoidHlwZSI7aToyO3M6MTE6Im1vZHVsZV9uYW1lIjtpOjM7czoxMzoiZGl2aWRlcl90aXRsZSI7aTo0O3M6MTA6Imljb25fY2xhc3MiO2k6NTtzOjM6InVybCI7aTo2O3M6NToib3JkZXIiO2k6NztzOjk6InBhcmVudF9pZCI7aTo4O3M6NjoidGFyZ2V0Ijt9czoxMzoiACoAY29ubmVjdGlvbiI7czo1OiJteXNxbCI7czo4OiIAKgB0YWJsZSI7czo3OiJtb2R1bGVzIjtzOjEzOiIAKgBwcmltYXJ5S2V5IjtzOjI6ImlkIjtzOjEwOiIAKgBrZXlUeXBlIjtzOjM6ImludCI7czoxMjoiaW5jcmVtZW50aW5nIjtiOjE7czo3OiIAKgB3aXRoIjthOjA6e31zOjEyOiIAKgB3aXRoQ291bnQiO2E6MDp7fXM6MTA6IgAqAHBlclBhZ2UiO2k6MTU7czo2OiJleGlzdHMiO2I6MTtzOjE4OiJ3YXNSZWNlbnRseUNyZWF0ZWQiO2I6MDtzOjEzOiIAKgBhdHRyaWJ1dGVzIjthOjEyOntzOjI6ImlkIjtpOjY7czo3OiJtZW51X2lkIjtpOjE7czo0OiJ0eXBlIjtzOjE6IjEiO3M6MTE6Im1vZHVsZV9uYW1lIjtOO3M6MTM6ImRpdmlkZXJfdGl0bGUiO3M6NjoiU3lzdGVtIjtzOjEwOiJpY29uX2NsYXNzIjtOO3M6MzoidXJsIjtOO3M6NToib3JkZXIiO2k6MTU7czo5OiJwYXJlbnRfaWQiO047czo2OiJ0YXJnZXQiO3M6NToiX3NlbGYiO3M6MTA6ImNyZWF0ZWRfYXQiO047czoxMDoidXBkYXRlZF9hdCI7czoxOToiMjAyMS0wMi0wOCAxNDo0NzoyMCI7fXM6MTE6IgAqAG9yaWdpbmFsIjthOjEyOntzOjI6ImlkIjtpOjY7czo3OiJtZW51X2lkIjtpOjE7czo0OiJ0eXBlIjtzOjE6IjEiO3M6MTE6Im1vZHVsZV9uYW1lIjtOO3M6MTM6ImRpdmlkZXJfdGl0bGUiO3M6NjoiU3lzdGVtIjtzOjEwOiJpY29uX2NsYXNzIjtOO3M6MzoidXJsIjtOO3M6NToib3JkZXIiO2k6MTU7czo5OiJwYXJlbnRfaWQiO047czo2OiJ0YXJnZXQiO3M6NToiX3NlbGYiO3M6MTA6ImNyZWF0ZWRfYXQiO047czoxMDoidXBkYXRlZF9hdCI7czoxOToiMjAyMS0wMi0wOCAxNDo0NzoyMCI7fXM6MTA6IgAqAGNoYW5nZXMiO2E6MDp7fXM6ODoiACoAY2FzdHMiO2E6MDp7fXM6MTc6IgAqAGNsYXNzQ2FzdENhY2hlIjthOjA6e31zOjg6IgAqAGRhdGVzIjthOjA6e31zOjEzOiIAKgBkYXRlRm9ybWF0IjtOO3M6MTA6IgAqAGFwcGVuZHMiO2E6MDp7fXM6MTk6IgAqAGRpc3BhdGNoZXNFdmVudHMiO2E6MDp7fXM6MTQ6IgAqAG9ic2VydmFibGVzIjthOjA6e31zOjEyOiIAKgByZWxhdGlvbnMiO2E6MTp7czo4OiJjaGlsZHJlbiI7TzoyNjoiVHlwaUNNU1xOZXN0YWJsZUNvbGxlY3Rpb24iOjc6e3M6ODoiACoAdG90YWwiO2k6MDtzOjE1OiIAKgBwYXJlbnRDb2x1bW4iO3M6OToicGFyZW50X2lkIjtzOjMzOiIAKgByZW1vdmVJdGVtc1dpdGhNaXNzaW5nQW5jZXN0b3IiO2I6MTtzOjE0OiIAKgBpbmRlbnRDaGFycyI7czo4OiLCoMKgwqDCoCI7czoxNToiACoAY2hpbGRyZW5OYW1lIjtzOjU6Iml0ZW1zIjtzOjE3OiIAKgBwYXJlbnRSZWxhdGlvbiI7czo2OiJwYXJlbnQiO3M6ODoiACoAaXRlbXMiO2E6MDp7fX19czoxMDoiACoAdG91Y2hlcyI7YTowOnt9czoxMDoidGltZXN0YW1wcyI7YjoxO3M6OToiACoAaGlkZGVuIjthOjA6e31zOjEwOiIAKgB2aXNpYmxlIjthOjA6e31zOjEwOiIAKgBndWFyZGVkIjthOjE6e2k6MDtzOjE6IioiO319aToxNTtPOjE3OiJBcHBcTW9kZWxzXE1vZHVsZSI6Mjc6e3M6MTE6IgAqAGZpbGxhYmxlIjthOjk6e2k6MDtzOjc6Im1lbnVfaWQiO2k6MTtzOjQ6InR5cGUiO2k6MjtzOjExOiJtb2R1bGVfbmFtZSI7aTozO3M6MTM6ImRpdmlkZXJfdGl0bGUiO2k6NDtzOjEwOiJpY29uX2NsYXNzIjtpOjU7czozOiJ1cmwiO2k6NjtzOjU6Im9yZGVyIjtpOjc7czo5OiJwYXJlbnRfaWQiO2k6ODtzOjY6InRhcmdldCI7fXM6MTM6IgAqAGNvbm5lY3Rpb24iO3M6NToibXlzcWwiO3M6ODoiACoAdGFibGUiO3M6NzoibW9kdWxlcyI7czoxMzoiACoAcHJpbWFyeUtleSI7czoyOiJpZCI7czoxMDoiACoAa2V5VHlwZSI7czozOiJpbnQiO3M6MTI6ImluY3JlbWVudGluZyI7YjoxO3M6NzoiACoAd2l0aCI7YTowOnt9czoxMjoiACoAd2l0aENvdW50IjthOjA6e31zOjEwOiIAKgBwZXJQYWdlIjtpOjE1O3M6NjoiZXhpc3RzIjtiOjE7czoxODoid2FzUmVjZW50bHlDcmVhdGVkIjtiOjA7czoxMzoiACoAYXR0cmlidXRlcyI7YToxMjp7czoyOiJpZCI7aTo4O3M6NzoibWVudV9pZCI7aToxO3M6NDoidHlwZSI7czoxOiIyIjtzOjExOiJtb2R1bGVfbmFtZSI7czo3OiJTZXR0aW5nIjtzOjEzOiJkaXZpZGVyX3RpdGxlIjtOO3M6MTA6Imljb25fY2xhc3MiO3M6MTE6ImZhcyBmYS1jb2dzIjtzOjM6InVybCI7czo3OiJzZXR0aW5nIjtzOjU6Im9yZGVyIjtpOjE2O3M6OToicGFyZW50X2lkIjtOO3M6NjoidGFyZ2V0IjtzOjU6Il9zZWxmIjtzOjEwOiJjcmVhdGVkX2F0IjtOO3M6MTA6InVwZGF0ZWRfYXQiO3M6MTk6IjIwMjEtMDItMDggMTQ6NDc6MjAiO31zOjExOiIAKgBvcmlnaW5hbCI7YToxMjp7czoyOiJpZCI7aTo4O3M6NzoibWVudV9pZCI7aToxO3M6NDoidHlwZSI7czoxOiIyIjtzOjExOiJtb2R1bGVfbmFtZSI7czo3OiJTZXR0aW5nIjtzOjEzOiJkaXZpZGVyX3RpdGxlIjtOO3M6MTA6Imljb25fY2xhc3MiO3M6MTE6ImZhcyBmYS1jb2dzIjtzOjM6InVybCI7czo3OiJzZXR0aW5nIjtzOjU6Im9yZGVyIjtpOjE2O3M6OToicGFyZW50X2lkIjtOO3M6NjoidGFyZ2V0IjtzOjU6Il9zZWxmIjtzOjEwOiJjcmVhdGVkX2F0IjtOO3M6MTA6InVwZGF0ZWRfYXQiO3M6MTk6IjIwMjEtMDItMDggMTQ6NDc6MjAiO31zOjEwOiIAKgBjaGFuZ2VzIjthOjA6e31zOjg6IgAqAGNhc3RzIjthOjA6e31zOjE3OiIAKgBjbGFzc0Nhc3RDYWNoZSI7YTowOnt9czo4OiIAKgBkYXRlcyI7YTowOnt9czoxMzoiACoAZGF0ZUZvcm1hdCI7TjtzOjEwOiIAKgBhcHBlbmRzIjthOjA6e31zOjE5OiIAKgBkaXNwYXRjaGVzRXZlbnRzIjthOjA6e31zOjE0OiIAKgBvYnNlcnZhYmxlcyI7YTowOnt9czoxMjoiACoAcmVsYXRpb25zIjthOjE6e3M6ODoiY2hpbGRyZW4iO086MjY6IlR5cGlDTVNcTmVzdGFibGVDb2xsZWN0aW9uIjo3OntzOjg6IgAqAHRvdGFsIjtpOjA7czoxNToiACoAcGFyZW50Q29sdW1uIjtzOjk6InBhcmVudF9pZCI7czozMzoiACoAcmVtb3ZlSXRlbXNXaXRoTWlzc2luZ0FuY2VzdG9yIjtiOjE7czoxNDoiACoAaW5kZW50Q2hhcnMiO3M6ODoiwqDCoMKgwqAiO3M6MTU6IgAqAGNoaWxkcmVuTmFtZSI7czo1OiJpdGVtcyI7czoxNzoiACoAcGFyZW50UmVsYXRpb24iO3M6NjoicGFyZW50IjtzOjg6IgAqAGl0ZW1zIjthOjA6e319fXM6MTA6IgAqAHRvdWNoZXMiO2E6MDp7fXM6MTA6InRpbWVzdGFtcHMiO2I6MTtzOjk6IgAqAGhpZGRlbiI7YTowOnt9czoxMDoiACoAdmlzaWJsZSI7YTowOnt9czoxMDoiACoAZ3VhcmRlZCI7YToxOntpOjA7czoxOiIqIjt9fWk6MTY7TzoxNzoiQXBwXE1vZGVsc1xNb2R1bGUiOjI3OntzOjExOiIAKgBmaWxsYWJsZSI7YTo5OntpOjA7czo3OiJtZW51X2lkIjtpOjE7czo0OiJ0eXBlIjtpOjI7czoxMToibW9kdWxlX25hbWUiO2k6MztzOjEzOiJkaXZpZGVyX3RpdGxlIjtpOjQ7czoxMDoiaWNvbl9jbGFzcyI7aTo1O3M6MzoidXJsIjtpOjY7czo1OiJvcmRlciI7aTo3O3M6OToicGFyZW50X2lkIjtpOjg7czo2OiJ0YXJnZXQiO31zOjEzOiIAKgBjb25uZWN0aW9uIjtzOjU6Im15c3FsIjtzOjg6IgAqAHRhYmxlIjtzOjc6Im1vZHVsZXMiO3M6MTM6IgAqAHByaW1hcnlLZXkiO3M6MjoiaWQiO3M6MTA6IgAqAGtleVR5cGUiO3M6MzoiaW50IjtzOjEyOiJpbmNyZW1lbnRpbmciO2I6MTtzOjc6IgAqAHdpdGgiO2E6MDp7fXM6MTI6IgAqAHdpdGhDb3VudCI7YTowOnt9czoxMDoiACoAcGVyUGFnZSI7aToxNTtzOjY6ImV4aXN0cyI7YjoxO3M6MTg6Indhc1JlY2VudGx5Q3JlYXRlZCI7YjowO3M6MTM6IgAqAGF0dHJpYnV0ZXMiO2E6MTI6e3M6MjoiaWQiO2k6NDQ7czo3OiJtZW51X2lkIjtpOjE7czo0OiJ0eXBlIjtzOjE6IjIiO3M6MTE6Im1vZHVsZV9uYW1lIjtzOjExOiJIUk0gU2V0dGluZyI7czoxMzoiZGl2aWRlcl90aXRsZSI7TjtzOjEwOiJpY29uX2NsYXNzIjtzOjEzOiJmYXMgZmEtd3JlbmNoIjtzOjM6InVybCI7czoxMToiaHJtLXNldHRpbmciO3M6NToib3JkZXIiO2k6MTc7czo5OiJwYXJlbnRfaWQiO047czo2OiJ0YXJnZXQiO3M6NToiX3NlbGYiO3M6MTA6ImNyZWF0ZWRfYXQiO3M6MTk6IjIwMjEtMDItMDUgMTQ6MTk6NTMiO3M6MTA6InVwZGF0ZWRfYXQiO3M6MTk6IjIwMjEtMDItMDggMTQ6NDc6MjAiO31zOjExOiIAKgBvcmlnaW5hbCI7YToxMjp7czoyOiJpZCI7aTo0NDtzOjc6Im1lbnVfaWQiO2k6MTtzOjQ6InR5cGUiO3M6MToiMiI7czoxMToibW9kdWxlX25hbWUiO3M6MTE6IkhSTSBTZXR0aW5nIjtzOjEzOiJkaXZpZGVyX3RpdGxlIjtOO3M6MTA6Imljb25fY2xhc3MiO3M6MTM6ImZhcyBmYS13cmVuY2giO3M6MzoidXJsIjtzOjExOiJocm0tc2V0dGluZyI7czo1OiJvcmRlciI7aToxNztzOjk6InBhcmVudF9pZCI7TjtzOjY6InRhcmdldCI7czo1OiJfc2VsZiI7czoxMDoiY3JlYXRlZF9hdCI7czoxOToiMjAyMS0wMi0wNSAxNDoxOTo1MyI7czoxMDoidXBkYXRlZF9hdCI7czoxOToiMjAyMS0wMi0wOCAxNDo0NzoyMCI7fXM6MTA6IgAqAGNoYW5nZXMiO2E6MDp7fXM6ODoiACoAY2FzdHMiO2E6MDp7fXM6MTc6IgAqAGNsYXNzQ2FzdENhY2hlIjthOjA6e31zOjg6IgAqAGRhdGVzIjthOjA6e31zOjEzOiIAKgBkYXRlRm9ybWF0IjtOO3M6MTA6IgAqAGFwcGVuZHMiO2E6MDp7fXM6MTk6IgAqAGRpc3BhdGNoZXNFdmVudHMiO2E6MDp7fXM6MTQ6IgAqAG9ic2VydmFibGVzIjthOjA6e31zOjEyOiIAKgByZWxhdGlvbnMiO2E6MTp7czo4OiJjaGlsZHJlbiI7TzoyNjoiVHlwaUNNU1xOZXN0YWJsZUNvbGxlY3Rpb24iOjc6e3M6ODoiACoAdG90YWwiO2k6MDtzOjE1OiIAKgBwYXJlbnRDb2x1bW4iO3M6OToicGFyZW50X2lkIjtzOjMzOiIAKgByZW1vdmVJdGVtc1dpdGhNaXNzaW5nQW5jZXN0b3IiO2I6MTtzOjE0OiIAKgBpbmRlbnRDaGFycyI7czo4OiLCoMKgwqDCoCI7czoxNToiACoAY2hpbGRyZW5OYW1lIjtzOjU6Iml0ZW1zIjtzOjE3OiIAKgBwYXJlbnRSZWxhdGlvbiI7czo2OiJwYXJlbnQiO3M6ODoiACoAaXRlbXMiO2E6MDp7fX19czoxMDoiACoAdG91Y2hlcyI7YTowOnt9czoxMDoidGltZXN0YW1wcyI7YjoxO3M6OToiACoAaGlkZGVuIjthOjA6e31zOjEwOiIAKgB2aXNpYmxlIjthOjA6e31zOjEwOiIAKgBndWFyZGVkIjthOjE6e2k6MDtzOjE6IioiO319aToxNztPOjE3OiJBcHBcTW9kZWxzXE1vZHVsZSI6Mjc6e3M6MTE6IgAqAGZpbGxhYmxlIjthOjk6e2k6MDtzOjc6Im1lbnVfaWQiO2k6MTtzOjQ6InR5cGUiO2k6MjtzOjExOiJtb2R1bGVfbmFtZSI7aTozO3M6MTM6ImRpdmlkZXJfdGl0bGUiO2k6NDtzOjEwOiJpY29uX2NsYXNzIjtpOjU7czozOiJ1cmwiO2k6NjtzOjU6Im9yZGVyIjtpOjc7czo5OiJwYXJlbnRfaWQiO2k6ODtzOjY6InRhcmdldCI7fXM6MTM6IgAqAGNvbm5lY3Rpb24iO3M6NToibXlzcWwiO3M6ODoiACoAdGFibGUiO3M6NzoibW9kdWxlcyI7czoxMzoiACoAcHJpbWFyeUtleSI7czoyOiJpZCI7czoxMDoiACoAa2V5VHlwZSI7czozOiJpbnQiO3M6MTI6ImluY3JlbWVudGluZyI7YjoxO3M6NzoiACoAd2l0aCI7YTowOnt9czoxMjoiACoAd2l0aENvdW50IjthOjA6e31zOjEwOiIAKgBwZXJQYWdlIjtpOjE1O3M6NjoiZXhpc3RzIjtiOjE7czoxODoid2FzUmVjZW50bHlDcmVhdGVkIjtiOjA7czoxMzoiACoAYXR0cmlidXRlcyI7YToxMjp7czoyOiJpZCI7aTo3O3M6NzoibWVudV9pZCI7aToxO3M6NDoidHlwZSI7czoxOiIyIjtzOjExOiJtb2R1bGVfbmFtZSI7czo0OiJNZW51IjtzOjEzOiJkaXZpZGVyX3RpdGxlIjtOO3M6MTA6Imljb25fY2xhc3MiO3M6MTQ6ImZhcyBmYS10aC1saXN0IjtzOjM6InVybCI7czo0OiJtZW51IjtzOjU6Im9yZGVyIjtpOjE4O3M6OToicGFyZW50X2lkIjtOO3M6NjoidGFyZ2V0IjtzOjU6Il9zZWxmIjtzOjEwOiJjcmVhdGVkX2F0IjtOO3M6MTA6InVwZGF0ZWRfYXQiO3M6MTk6IjIwMjEtMDItMDggMTQ6NDc6MjAiO31zOjExOiIAKgBvcmlnaW5hbCI7YToxMjp7czoyOiJpZCI7aTo3O3M6NzoibWVudV9pZCI7aToxO3M6NDoidHlwZSI7czoxOiIyIjtzOjExOiJtb2R1bGVfbmFtZSI7czo0OiJNZW51IjtzOjEzOiJkaXZpZGVyX3RpdGxlIjtOO3M6MTA6Imljb25fY2xhc3MiO3M6MTQ6ImZhcyBmYS10aC1saXN0IjtzOjM6InVybCI7czo0OiJtZW51IjtzOjU6Im9yZGVyIjtpOjE4O3M6OToicGFyZW50X2lkIjtOO3M6NjoidGFyZ2V0IjtzOjU6Il9zZWxmIjtzOjEwOiJjcmVhdGVkX2F0IjtOO3M6MTA6InVwZGF0ZWRfYXQiO3M6MTk6IjIwMjEtMDItMDggMTQ6NDc6MjAiO31zOjEwOiIAKgBjaGFuZ2VzIjthOjA6e31zOjg6IgAqAGNhc3RzIjthOjA6e31zOjE3OiIAKgBjbGFzc0Nhc3RDYWNoZSI7YTowOnt9czo4OiIAKgBkYXRlcyI7YTowOnt9czoxMzoiACoAZGF0ZUZvcm1hdCI7TjtzOjEwOiIAKgBhcHBlbmRzIjthOjA6e31zOjE5OiIAKgBkaXNwYXRjaGVzRXZlbnRzIjthOjA6e31zOjE0OiIAKgBvYnNlcnZhYmxlcyI7YTowOnt9czoxMjoiACoAcmVsYXRpb25zIjthOjE6e3M6ODoiY2hpbGRyZW4iO086MjY6IlR5cGlDTVNcTmVzdGFibGVDb2xsZWN0aW9uIjo3OntzOjg6IgAqAHRvdGFsIjtpOjA7czoxNToiACoAcGFyZW50Q29sdW1uIjtzOjk6InBhcmVudF9pZCI7czozMzoiACoAcmVtb3ZlSXRlbXNXaXRoTWlzc2luZ0FuY2VzdG9yIjtiOjE7czoxNDoiACoAaW5kZW50Q2hhcnMiO3M6ODoiwqDCoMKgwqAiO3M6MTU6IgAqAGNoaWxkcmVuTmFtZSI7czo1OiJpdGVtcyI7czoxNzoiACoAcGFyZW50UmVsYXRpb24iO3M6NjoicGFyZW50IjtzOjg6IgAqAGl0ZW1zIjthOjA6e319fXM6MTA6IgAqAHRvdWNoZXMiO2E6MDp7fXM6MTA6InRpbWVzdGFtcHMiO2I6MTtzOjk6IgAqAGhpZGRlbiI7YTowOnt9czoxMDoiACoAdmlzaWJsZSI7YTowOnt9czoxMDoiACoAZ3VhcmRlZCI7YToxOntpOjA7czoxOiIqIjt9fWk6MTg7TzoxNzoiQXBwXE1vZGVsc1xNb2R1bGUiOjI3OntzOjExOiIAKgBmaWxsYWJsZSI7YTo5OntpOjA7czo3OiJtZW51X2lkIjtpOjE7czo0OiJ0eXBlIjtpOjI7czoxMToibW9kdWxlX25hbWUiO2k6MztzOjEzOiJkaXZpZGVyX3RpdGxlIjtpOjQ7czoxMDoiaWNvbl9jbGFzcyI7aTo1O3M6MzoidXJsIjtpOjY7czo1OiJvcmRlciI7aTo3O3M6OToicGFyZW50X2lkIjtpOjg7czo2OiJ0YXJnZXQiO31zOjEzOiIAKgBjb25uZWN0aW9uIjtzOjU6Im15c3FsIjtzOjg6IgAqAHRhYmxlIjtzOjc6Im1vZHVsZXMiO3M6MTM6IgAqAHByaW1hcnlLZXkiO3M6MjoiaWQiO3M6MTA6IgAqAGtleVR5cGUiO3M6MzoiaW50IjtzOjEyOiJpbmNyZW1lbnRpbmciO2I6MTtzOjc6IgAqAHdpdGgiO2E6MDp7fXM6MTI6IgAqAHdpdGhDb3VudCI7YTowOnt9czoxMDoiACoAcGVyUGFnZSI7aToxNTtzOjY6ImV4aXN0cyI7YjoxO3M6MTg6Indhc1JlY2VudGx5Q3JlYXRlZCI7YjowO3M6MTM6IgAqAGF0dHJpYnV0ZXMiO2E6MTI6e3M6MjoiaWQiO2k6OTtzOjc6Im1lbnVfaWQiO2k6MTtzOjQ6InR5cGUiO3M6MToiMiI7czoxMToibW9kdWxlX25hbWUiO3M6MTA6IlBlcm1pc3Npb24iO3M6MTM6ImRpdmlkZXJfdGl0bGUiO047czoxMDoiaWNvbl9jbGFzcyI7czoxMjoiZmFzIGZhLXRhc2tzIjtzOjM6InVybCI7czoyMjoibWVudS9tb2R1bGUvcGVybWlzc2lvbiI7czo1OiJvcmRlciI7aToxOTtzOjk6InBhcmVudF9pZCI7TjtzOjY6InRhcmdldCI7czo1OiJfc2VsZiI7czoxMDoiY3JlYXRlZF9hdCI7TjtzOjEwOiJ1cGRhdGVkX2F0IjtzOjE5OiIyMDIxLTAyLTA4IDE0OjQ3OjIwIjt9czoxMToiACoAb3JpZ2luYWwiO2E6MTI6e3M6MjoiaWQiO2k6OTtzOjc6Im1lbnVfaWQiO2k6MTtzOjQ6InR5cGUiO3M6MToiMiI7czoxMToibW9kdWxlX25hbWUiO3M6MTA6IlBlcm1pc3Npb24iO3M6MTM6ImRpdmlkZXJfdGl0bGUiO047czoxMDoiaWNvbl9jbGFzcyI7czoxMjoiZmFzIGZhLXRhc2tzIjtzOjM6InVybCI7czoyMjoibWVudS9tb2R1bGUvcGVybWlzc2lvbiI7czo1OiJvcmRlciI7aToxOTtzOjk6InBhcmVudF9pZCI7TjtzOjY6InRhcmdldCI7czo1OiJfc2VsZiI7czoxMDoiY3JlYXRlZF9hdCI7TjtzOjEwOiJ1cGRhdGVkX2F0IjtzOjE5OiIyMDIxLTAyLTA4IDE0OjQ3OjIwIjt9czoxMDoiACoAY2hhbmdlcyI7YTowOnt9czo4OiIAKgBjYXN0cyI7YTowOnt9czoxNzoiACoAY2xhc3NDYXN0Q2FjaGUiO2E6MDp7fXM6ODoiACoAZGF0ZXMiO2E6MDp7fXM6MTM6IgAqAGRhdGVGb3JtYXQiO047czoxMDoiACoAYXBwZW5kcyI7YTowOnt9czoxOToiACoAZGlzcGF0Y2hlc0V2ZW50cyI7YTowOnt9czoxNDoiACoAb2JzZXJ2YWJsZXMiO2E6MDp7fXM6MTI6IgAqAHJlbGF0aW9ucyI7YToxOntzOjg6ImNoaWxkcmVuIjtPOjI2OiJUeXBpQ01TXE5lc3RhYmxlQ29sbGVjdGlvbiI6Nzp7czo4OiIAKgB0b3RhbCI7aTowO3M6MTU6IgAqAHBhcmVudENvbHVtbiI7czo5OiJwYXJlbnRfaWQiO3M6MzM6IgAqAHJlbW92ZUl0ZW1zV2l0aE1pc3NpbmdBbmNlc3RvciI7YjoxO3M6MTQ6IgAqAGluZGVudENoYXJzIjtzOjg6IsKgwqDCoMKgIjtzOjE1OiIAKgBjaGlsZHJlbk5hbWUiO3M6NToiaXRlbXMiO3M6MTc6IgAqAHBhcmVudFJlbGF0aW9uIjtzOjY6InBhcmVudCI7czo4OiIAKgBpdGVtcyI7YTowOnt9fX1zOjEwOiIAKgB0b3VjaGVzIjthOjA6e31zOjEwOiJ0aW1lc3RhbXBzIjtiOjE7czo5OiIAKgBoaWRkZW4iO2E6MDp7fXM6MTA6IgAqAHZpc2libGUiO2E6MDp7fXM6MTA6IgAqAGd1YXJkZWQiO2E6MTp7aTowO3M6MToiKiI7fX1pOjE5O086MTc6IkFwcFxNb2RlbHNcTW9kdWxlIjoyNzp7czoxMToiACoAZmlsbGFibGUiO2E6OTp7aTowO3M6NzoibWVudV9pZCI7aToxO3M6NDoidHlwZSI7aToyO3M6MTE6Im1vZHVsZV9uYW1lIjtpOjM7czoxMzoiZGl2aWRlcl90aXRsZSI7aTo0O3M6MTA6Imljb25fY2xhc3MiO2k6NTtzOjM6InVybCI7aTo2O3M6NToib3JkZXIiO2k6NztzOjk6InBhcmVudF9pZCI7aTo4O3M6NjoidGFyZ2V0Ijt9czoxMzoiACoAY29ubmVjdGlvbiI7czo1OiJteXNxbCI7czo4OiIAKgB0YWJsZSI7czo3OiJtb2R1bGVzIjtzOjEzOiIAKgBwcmltYXJ5S2V5IjtzOjI6ImlkIjtzOjEwOiIAKgBrZXlUeXBlIjtzOjM6ImludCI7czoxMjoiaW5jcmVtZW50aW5nIjtiOjE7czo3OiIAKgB3aXRoIjthOjA6e31zOjEyOiIAKgB3aXRoQ291bnQiO2E6MDp7fXM6MTA6IgAqAHBlclBhZ2UiO2k6MTU7czo2OiJleGlzdHMiO2I6MTtzOjE4OiJ3YXNSZWNlbnRseUNyZWF0ZWQiO2I6MDtzOjEzOiIAKgBhdHRyaWJ1dGVzIjthOjEyOntzOjI6ImlkIjtpOjE5O3M6NzoibWVudV9pZCI7aToxO3M6NDoidHlwZSI7czoxOiIyIjtzOjExOiJtb2R1bGVfbmFtZSI7czoxNDoiQ3VzdG9tZXIgR3JvdXAiO3M6MTM6ImRpdmlkZXJfdGl0bGUiO047czoxMDoiaWNvbl9jbGFzcyI7czoxOToiZmFzIGZhLXVzZXItZnJpZW5kcyI7czozOiJ1cmwiO3M6MTQ6ImN1c3RvbWVyLWdyb3VwIjtzOjU6Im9yZGVyIjtpOjIwO3M6OToicGFyZW50X2lkIjtOO3M6NjoidGFyZ2V0IjtzOjU6Il9zZWxmIjtzOjEwOiJjcmVhdGVkX2F0IjtzOjE5OiIyMDIwLTEyLTI0IDE0OjI1OjU1IjtzOjEwOiJ1cGRhdGVkX2F0IjtzOjE5OiIyMDIxLTAyLTA4IDE0OjQ3OjIwIjt9czoxMToiACoAb3JpZ2luYWwiO2E6MTI6e3M6MjoiaWQiO2k6MTk7czo3OiJtZW51X2lkIjtpOjE7czo0OiJ0eXBlIjtzOjE6IjIiO3M6MTE6Im1vZHVsZV9uYW1lIjtzOjE0OiJDdXN0b21lciBHcm91cCI7czoxMzoiZGl2aWRlcl90aXRsZSI7TjtzOjEwOiJpY29uX2NsYXNzIjtzOjE5OiJmYXMgZmEtdXNlci1mcmllbmRzIjtzOjM6InVybCI7czoxNDoiY3VzdG9tZXItZ3JvdXAiO3M6NToib3JkZXIiO2k6MjA7czo5OiJwYXJlbnRfaWQiO047czo2OiJ0YXJnZXQiO3M6NToiX3NlbGYiO3M6MTA6ImNyZWF0ZWRfYXQiO3M6MTk6IjIwMjAtMTItMjQgMTQ6MjU6NTUiO3M6MTA6InVwZGF0ZWRfYXQiO3M6MTk6IjIwMjEtMDItMDggMTQ6NDc6MjAiO31zOjEwOiIAKgBjaGFuZ2VzIjthOjA6e31zOjg6IgAqAGNhc3RzIjthOjA6e31zOjE3OiIAKgBjbGFzc0Nhc3RDYWNoZSI7YTowOnt9czo4OiIAKgBkYXRlcyI7YTowOnt9czoxMzoiACoAZGF0ZUZvcm1hdCI7TjtzOjEwOiIAKgBhcHBlbmRzIjthOjA6e31zOjE5OiIAKgBkaXNwYXRjaGVzRXZlbnRzIjthOjA6e31zOjE0OiIAKgBvYnNlcnZhYmxlcyI7YTowOnt9czoxMjoiACoAcmVsYXRpb25zIjthOjE6e3M6ODoiY2hpbGRyZW4iO086MjY6IlR5cGlDTVNcTmVzdGFibGVDb2xsZWN0aW9uIjo3OntzOjg6IgAqAHRvdGFsIjtpOjA7czoxNToiACoAcGFyZW50Q29sdW1uIjtzOjk6InBhcmVudF9pZCI7czozMzoiACoAcmVtb3ZlSXRlbXNXaXRoTWlzc2luZ0FuY2VzdG9yIjtiOjE7czoxNDoiACoAaW5kZW50Q2hhcnMiO3M6ODoiwqDCoMKgwqAiO3M6MTU6IgAqAGNoaWxkcmVuTmFtZSI7czo1OiJpdGVtcyI7czoxNzoiACoAcGFyZW50UmVsYXRpb24iO3M6NjoicGFyZW50IjtzOjg6IgAqAGl0ZW1zIjthOjA6e319fXM6MTA6IgAqAHRvdWNoZXMiO2E6MDp7fXM6MTA6InRpbWVzdGFtcHMiO2I6MTtzOjk6IgAqAGhpZGRlbiI7YTowOnt9czoxMDoiACoAdmlzaWJsZSI7YTowOnt9czoxMDoiACoAZ3VhcmRlZCI7YToxOntpOjA7czoxOiIqIjt9fWk6MjA7TzoxNzoiQXBwXE1vZGVsc1xNb2R1bGUiOjI3OntzOjExOiIAKgBmaWxsYWJsZSI7YTo5OntpOjA7czo3OiJtZW51X2lkIjtpOjE7czo0OiJ0eXBlIjtpOjI7czoxMToibW9kdWxlX25hbWUiO2k6MztzOjEzOiJkaXZpZGVyX3RpdGxlIjtpOjQ7czoxMDoiaWNvbl9jbGFzcyI7aTo1O3M6MzoidXJsIjtpOjY7czo1OiJvcmRlciI7aTo3O3M6OToicGFyZW50X2lkIjtpOjg7czo2OiJ0YXJnZXQiO31zOjEzOiIAKgBjb25uZWN0aW9uIjtzOjU6Im15c3FsIjtzOjg6IgAqAHRhYmxlIjtzOjc6Im1vZHVsZXMiO3M6MTM6IgAqAHByaW1hcnlLZXkiO3M6MjoiaWQiO3M6MTA6IgAqAGtleVR5cGUiO3M6MzoiaW50IjtzOjEyOiJpbmNyZW1lbnRpbmciO2I6MTtzOjc6IgAqAHdpdGgiO2E6MDp7fXM6MTI6IgAqAHdpdGhDb3VudCI7YTowOnt9czoxMDoiACoAcGVyUGFnZSI7aToxNTtzOjY6ImV4aXN0cyI7YjoxO3M6MTg6Indhc1JlY2VudGx5Q3JlYXRlZCI7YjowO3M6MTM6IgAqAGF0dHJpYnV0ZXMiO2E6MTI6e3M6MjoiaWQiO2k6MTQ7czo3OiJtZW51X2lkIjtpOjE7czo0OiJ0eXBlIjtzOjE6IjIiO3M6MTE6Im1vZHVsZV9uYW1lIjtzOjk6IldhcmVob3VzZSI7czoxMzoiZGl2aWRlcl90aXRsZSI7TjtzOjEwOiJpY29uX2NsYXNzIjtzOjE2OiJmYXMgZmEtd2FyZWhvdXNlIjtzOjM6InVybCI7czo5OiJ3YXJlaG91c2UiO3M6NToib3JkZXIiO2k6MjE7czo5OiJwYXJlbnRfaWQiO047czo2OiJ0YXJnZXQiO3M6NToiX3NlbGYiO3M6MTA6ImNyZWF0ZWRfYXQiO3M6MTk6IjIwMjAtMTItMjEgMTY6MDc6MDUiO3M6MTA6InVwZGF0ZWRfYXQiO3M6MTk6IjIwMjEtMDItMDggMTQ6NDc6MjAiO31zOjExOiIAKgBvcmlnaW5hbCI7YToxMjp7czoyOiJpZCI7aToxNDtzOjc6Im1lbnVfaWQiO2k6MTtzOjQ6InR5cGUiO3M6MToiMiI7czoxMToibW9kdWxlX25hbWUiO3M6OToiV2FyZWhvdXNlIjtzOjEzOiJkaXZpZGVyX3RpdGxlIjtOO3M6MTA6Imljb25fY2xhc3MiO3M6MTY6ImZhcyBmYS13YXJlaG91c2UiO3M6MzoidXJsIjtzOjk6IndhcmVob3VzZSI7czo1OiJvcmRlciI7aToyMTtzOjk6InBhcmVudF9pZCI7TjtzOjY6InRhcmdldCI7czo1OiJfc2VsZiI7czoxMDoiY3JlYXRlZF9hdCI7czoxOToiMjAyMC0xMi0yMSAxNjowNzowNSI7czoxMDoidXBkYXRlZF9hdCI7czoxOToiMjAyMS0wMi0wOCAxNDo0NzoyMCI7fXM6MTA6IgAqAGNoYW5nZXMiO2E6MDp7fXM6ODoiACoAY2FzdHMiO2E6MDp7fXM6MTc6IgAqAGNsYXNzQ2FzdENhY2hlIjthOjA6e31zOjg6IgAqAGRhdGVzIjthOjA6e31zOjEzOiIAKgBkYXRlRm9ybWF0IjtOO3M6MTA6IgAqAGFwcGVuZHMiO2E6MDp7fXM6MTk6IgAqAGRpc3BhdGNoZXNFdmVudHMiO2E6MDp7fXM6MTQ6IgAqAG9ic2VydmFibGVzIjthOjA6e31zOjEyOiIAKgByZWxhdGlvbnMiO2E6MTp7czo4OiJjaGlsZHJlbiI7TzoyNjoiVHlwaUNNU1xOZXN0YWJsZUNvbGxlY3Rpb24iOjc6e3M6ODoiACoAdG90YWwiO2k6MDtzOjE1OiIAKgBwYXJlbnRDb2x1bW4iO3M6OToicGFyZW50X2lkIjtzOjMzOiIAKgByZW1vdmVJdGVtc1dpdGhNaXNzaW5nQW5jZXN0b3IiO2I6MTtzOjE0OiIAKgBpbmRlbnRDaGFycyI7czo4OiLCoMKgwqDCoCI7czoxNToiACoAY2hpbGRyZW5OYW1lIjtzOjU6Iml0ZW1zIjtzOjE3OiIAKgBwYXJlbnRSZWxhdGlvbiI7czo2OiJwYXJlbnQiO3M6ODoiACoAaXRlbXMiO2E6MDp7fX19czoxMDoiACoAdG91Y2hlcyI7YTowOnt9czoxMDoidGltZXN0YW1wcyI7YjoxO3M6OToiACoAaGlkZGVuIjthOjA6e31zOjEwOiIAKgB2aXNpYmxlIjthOjA6e31zOjEwOiIAKgBndWFyZGVkIjthOjE6e2k6MDtzOjE6IioiO319aToyMTtPOjE3OiJBcHBcTW9kZWxzXE1vZHVsZSI6Mjc6e3M6MTE6IgAqAGZpbGxhYmxlIjthOjk6e2k6MDtzOjc6Im1lbnVfaWQiO2k6MTtzOjQ6InR5cGUiO2k6MjtzOjExOiJtb2R1bGVfbmFtZSI7aTozO3M6MTM6ImRpdmlkZXJfdGl0bGUiO2k6NDtzOjEwOiJpY29uX2NsYXNzIjtpOjU7czozOiJ1cmwiO2k6NjtzOjU6Im9yZGVyIjtpOjc7czo5OiJwYXJlbnRfaWQiO2k6ODtzOjY6InRhcmdldCI7fXM6MTM6IgAqAGNvbm5lY3Rpb24iO3M6NToibXlzcWwiO3M6ODoiACoAdGFibGUiO3M6NzoibW9kdWxlcyI7czoxMzoiACoAcHJpbWFyeUtleSI7czoyOiJpZCI7czoxMDoiACoAa2V5VHlwZSI7czozOiJpbnQiO3M6MTI6ImluY3JlbWVudGluZyI7YjoxO3M6NzoiACoAd2l0aCI7YTowOnt9czoxMjoiACoAd2l0aENvdW50IjthOjA6e31zOjEwOiIAKgBwZXJQYWdlIjtpOjE1O3M6NjoiZXhpc3RzIjtiOjE7czoxODoid2FzUmVjZW50bHlDcmVhdGVkIjtiOjA7czoxMzoiACoAYXR0cmlidXRlcyI7YToxMjp7czoyOiJpZCI7aTo0MztzOjc6Im1lbnVfaWQiO2k6MTtzOjQ6InR5cGUiO3M6MToiMiI7czoxMToibW9kdWxlX25hbWUiO3M6NzoiSG9saWRheSI7czoxMzoiZGl2aWRlcl90aXRsZSI7TjtzOjEwOiJpY29uX2NsYXNzIjtzOjE1OiJmYXMgZmEtZmlsZS1hbHQiO3M6MzoidXJsIjtzOjc6ImhvbGlkYXkiO3M6NToib3JkZXIiO2k6MjI7czo5OiJwYXJlbnRfaWQiO047czo2OiJ0YXJnZXQiO3M6NToiX3NlbGYiO3M6MTA6ImNyZWF0ZWRfYXQiO3M6MTk6IjIwMjEtMDItMDIgMTQ6NTY6MzQiO3M6MTA6InVwZGF0ZWRfYXQiO3M6MTk6IjIwMjEtMDItMDggMTQ6NDc6MjAiO31zOjExOiIAKgBvcmlnaW5hbCI7YToxMjp7czoyOiJpZCI7aTo0MztzOjc6Im1lbnVfaWQiO2k6MTtzOjQ6InR5cGUiO3M6MToiMiI7czoxMToibW9kdWxlX25hbWUiO3M6NzoiSG9saWRheSI7czoxMzoiZGl2aWRlcl90aXRsZSI7TjtzOjEwOiJpY29uX2NsYXNzIjtzOjE1OiJmYXMgZmEtZmlsZS1hbHQiO3M6MzoidXJsIjtzOjc6ImhvbGlkYXkiO3M6NToib3JkZXIiO2k6MjI7czo5OiJwYXJlbnRfaWQiO047czo2OiJ0YXJnZXQiO3M6NToiX3NlbGYiO3M6MTA6ImNyZWF0ZWRfYXQiO3M6MTk6IjIwMjEtMDItMDIgMTQ6NTY6MzQiO3M6MTA6InVwZGF0ZWRfYXQiO3M6MTk6IjIwMjEtMDItMDggMTQ6NDc6MjAiO31zOjEwOiIAKgBjaGFuZ2VzIjthOjA6e31zOjg6IgAqAGNhc3RzIjthOjA6e31zOjE3OiIAKgBjbGFzc0Nhc3RDYWNoZSI7YTowOnt9czo4OiIAKgBkYXRlcyI7YTowOnt9czoxMzoiACoAZGF0ZUZvcm1hdCI7TjtzOjEwOiIAKgBhcHBlbmRzIjthOjA6e31zOjE5OiIAKgBkaXNwYXRjaGVzRXZlbnRzIjthOjA6e31zOjE0OiIAKgBvYnNlcnZhYmxlcyI7YTowOnt9czoxMjoiACoAcmVsYXRpb25zIjthOjE6e3M6ODoiY2hpbGRyZW4iO086MjY6IlR5cGlDTVNcTmVzdGFibGVDb2xsZWN0aW9uIjo3OntzOjg6IgAqAHRvdGFsIjtpOjA7czoxNToiACoAcGFyZW50Q29sdW1uIjtzOjk6InBhcmVudF9pZCI7czozMzoiACoAcmVtb3ZlSXRlbXNXaXRoTWlzc2luZ0FuY2VzdG9yIjtiOjE7czoxNDoiACoAaW5kZW50Q2hhcnMiO3M6ODoiwqDCoMKgwqAiO3M6MTU6IgAqAGNoaWxkcmVuTmFtZSI7czo1OiJpdGVtcyI7czoxNzoiACoAcGFyZW50UmVsYXRpb24iO3M6NjoicGFyZW50IjtzOjg6IgAqAGl0ZW1zIjthOjA6e319fXM6MTA6IgAqAHRvdWNoZXMiO2E6MDp7fXM6MTA6InRpbWVzdGFtcHMiO2I6MTtzOjk6IgAqAGhpZGRlbiI7YTowOnt9czoxMDoiACoAdmlzaWJsZSI7YTowOnt9czoxMDoiACoAZ3VhcmRlZCI7YToxOntpOjA7czoxOiIqIjt9fWk6MjI7TzoxNzoiQXBwXE1vZGVsc1xNb2R1bGUiOjI3OntzOjExOiIAKgBmaWxsYWJsZSI7YTo5OntpOjA7czo3OiJtZW51X2lkIjtpOjE7czo0OiJ0eXBlIjtpOjI7czoxMToibW9kdWxlX25hbWUiO2k6MztzOjEzOiJkaXZpZGVyX3RpdGxlIjtpOjQ7czoxMDoiaWNvbl9jbGFzcyI7aTo1O3M6MzoidXJsIjtpOjY7czo1OiJvcmRlciI7aTo3O3M6OToicGFyZW50X2lkIjtpOjg7czo2OiJ0YXJnZXQiO31zOjEzOiIAKgBjb25uZWN0aW9uIjtzOjU6Im15c3FsIjtzOjg6IgAqAHRhYmxlIjtzOjc6Im1vZHVsZXMiO3M6MTM6IgAqAHByaW1hcnlLZXkiO3M6MjoiaWQiO3M6MTA6IgAqAGtleVR5cGUiO3M6MzoiaW50IjtzOjEyOiJpbmNyZW1lbnRpbmciO2I6MTtzOjc6IgAqAHdpdGgiO2E6MDp7fXM6MTI6IgAqAHdpdGhDb3VudCI7YTowOnt9czoxMDoiACoAcGVyUGFnZSI7aToxNTtzOjY6ImV4aXN0cyI7YjoxO3M6MTg6Indhc1JlY2VudGx5Q3JlYXRlZCI7YjowO3M6MTM6IgAqAGF0dHJpYnV0ZXMiO2E6MTI6e3M6MjoiaWQiO2k6MTI7czo3OiJtZW51X2lkIjtpOjE7czo0OiJ0eXBlIjtzOjE6IjIiO3M6MTE6Im1vZHVsZV9uYW1lIjtzOjU6IkJyYW5kIjtzOjEzOiJkaXZpZGVyX3RpdGxlIjtOO3M6MTA6Imljb25fY2xhc3MiO3M6MTY6ImZhYiBmYS1ib290c3RyYXAiO3M6MzoidXJsIjtzOjU6ImJyYW5kIjtzOjU6Im9yZGVyIjtpOjIzO3M6OToicGFyZW50X2lkIjtOO3M6NjoidGFyZ2V0IjtzOjU6Il9zZWxmIjtzOjEwOiJjcmVhdGVkX2F0IjtzOjE5OiIyMDIwLTEyLTEwIDE2OjIxOjQzIjtzOjEwOiJ1cGRhdGVkX2F0IjtzOjE5OiIyMDIxLTAyLTA4IDE0OjQ3OjIwIjt9czoxMToiACoAb3JpZ2luYWwiO2E6MTI6e3M6MjoiaWQiO2k6MTI7czo3OiJtZW51X2lkIjtpOjE7czo0OiJ0eXBlIjtzOjE6IjIiO3M6MTE6Im1vZHVsZV9uYW1lIjtzOjU6IkJyYW5kIjtzOjEzOiJkaXZpZGVyX3RpdGxlIjtOO3M6MTA6Imljb25fY2xhc3MiO3M6MTY6ImZhYiBmYS1ib290c3RyYXAiO3M6MzoidXJsIjtzOjU6ImJyYW5kIjtzOjU6Im9yZGVyIjtpOjIzO3M6OToicGFyZW50X2lkIjtOO3M6NjoidGFyZ2V0IjtzOjU6Il9zZWxmIjtzOjEwOiJjcmVhdGVkX2F0IjtzOjE5OiIyMDIwLTEyLTEwIDE2OjIxOjQzIjtzOjEwOiJ1cGRhdGVkX2F0IjtzOjE5OiIyMDIxLTAyLTA4IDE0OjQ3OjIwIjt9czoxMDoiACoAY2hhbmdlcyI7YTowOnt9czo4OiIAKgBjYXN0cyI7YTowOnt9czoxNzoiACoAY2xhc3NDYXN0Q2FjaGUiO2E6MDp7fXM6ODoiACoAZGF0ZXMiO2E6MDp7fXM6MTM6IgAqAGRhdGVGb3JtYXQiO047czoxMDoiACoAYXBwZW5kcyI7YTowOnt9czoxOToiACoAZGlzcGF0Y2hlc0V2ZW50cyI7YTowOnt9czoxNDoiACoAb2JzZXJ2YWJsZXMiO2E6MDp7fXM6MTI6IgAqAHJlbGF0aW9ucyI7YToxOntzOjg6ImNoaWxkcmVuIjtPOjI2OiJUeXBpQ01TXE5lc3RhYmxlQ29sbGVjdGlvbiI6Nzp7czo4OiIAKgB0b3RhbCI7aTowO3M6MTU6IgAqAHBhcmVudENvbHVtbiI7czo5OiJwYXJlbnRfaWQiO3M6MzM6IgAqAHJlbW92ZUl0ZW1zV2l0aE1pc3NpbmdBbmNlc3RvciI7YjoxO3M6MTQ6IgAqAGluZGVudENoYXJzIjtzOjg6IsKgwqDCoMKgIjtzOjE1OiIAKgBjaGlsZHJlbk5hbWUiO3M6NToiaXRlbXMiO3M6MTc6IgAqAHBhcmVudFJlbGF0aW9uIjtzOjY6InBhcmVudCI7czo4OiIAKgBpdGVtcyI7YTowOnt9fX1zOjEwOiIAKgB0b3VjaGVzIjthOjA6e31zOjEwOiJ0aW1lc3RhbXBzIjtiOjE7czo5OiIAKgBoaWRkZW4iO2E6MDp7fXM6MTA6IgAqAHZpc2libGUiO2E6MDp7fXM6MTA6IgAqAGd1YXJkZWQiO2E6MTp7aTowO3M6MToiKiI7fX1pOjIzO086MTc6IkFwcFxNb2RlbHNcTW9kdWxlIjoyNzp7czoxMToiACoAZmlsbGFibGUiO2E6OTp7aTowO3M6NzoibWVudV9pZCI7aToxO3M6NDoidHlwZSI7aToyO3M6MTE6Im1vZHVsZV9uYW1lIjtpOjM7czoxMzoiZGl2aWRlcl90aXRsZSI7aTo0O3M6MTA6Imljb25fY2xhc3MiO2k6NTtzOjM6InVybCI7aTo2O3M6NToib3JkZXIiO2k6NztzOjk6InBhcmVudF9pZCI7aTo4O3M6NjoidGFyZ2V0Ijt9czoxMzoiACoAY29ubmVjdGlvbiI7czo1OiJteXNxbCI7czo4OiIAKgB0YWJsZSI7czo3OiJtb2R1bGVzIjtzOjEzOiIAKgBwcmltYXJ5S2V5IjtzOjI6ImlkIjtzOjEwOiIAKgBrZXlUeXBlIjtzOjM6ImludCI7czoxMjoiaW5jcmVtZW50aW5nIjtiOjE7czo3OiIAKgB3aXRoIjthOjA6e31zOjEyOiIAKgB3aXRoQ291bnQiO2E6MDp7fXM6MTA6IgAqAHBlclBhZ2UiO2k6MTU7czo2OiJleGlzdHMiO2I6MTtzOjE4OiJ3YXNSZWNlbnRseUNyZWF0ZWQiO2I6MDtzOjEzOiIAKgBhdHRyaWJ1dGVzIjthOjEyOntzOjI6ImlkIjtpOjIxO3M6NzoibWVudV9pZCI7aToxO3M6NDoidHlwZSI7czoxOiIyIjtzOjExOiJtb2R1bGVfbmFtZSI7czo0OiJVbml0IjtzOjEzOiJkaXZpZGVyX3RpdGxlIjtOO3M6MTA6Imljb25fY2xhc3MiO3M6MjE6ImZhcyBmYS13ZWlnaHQtaGFuZ2luZyI7czozOiJ1cmwiO3M6NDoidW5pdCI7czo1OiJvcmRlciI7aToyNDtzOjk6InBhcmVudF9pZCI7TjtzOjY6InRhcmdldCI7czo1OiJfc2VsZiI7czoxMDoiY3JlYXRlZF9hdCI7czoxOToiMjAyMC0xMi0yNSAxODowMDozMiI7czoxMDoidXBkYXRlZF9hdCI7czoxOToiMjAyMS0wMi0wOCAxNDo0NzoyMCI7fXM6MTE6IgAqAG9yaWdpbmFsIjthOjEyOntzOjI6ImlkIjtpOjIxO3M6NzoibWVudV9pZCI7aToxO3M6NDoidHlwZSI7czoxOiIyIjtzOjExOiJtb2R1bGVfbmFtZSI7czo0OiJVbml0IjtzOjEzOiJkaXZpZGVyX3RpdGxlIjtOO3M6MTA6Imljb25fY2xhc3MiO3M6MjE6ImZhcyBmYS13ZWlnaHQtaGFuZ2luZyI7czozOiJ1cmwiO3M6NDoidW5pdCI7czo1OiJvcmRlciI7aToyNDtzOjk6InBhcmVudF9pZCI7TjtzOjY6InRhcmdldCI7czo1OiJfc2VsZiI7czoxMDoiY3JlYXRlZF9hdCI7czoxOToiMjAyMC0xMi0yNSAxODowMDozMiI7czoxMDoidXBkYXRlZF9hdCI7czoxOToiMjAyMS0wMi0wOCAxNDo0NzoyMCI7fXM6MTA6IgAqAGNoYW5nZXMiO2E6MDp7fXM6ODoiACoAY2FzdHMiO2E6MDp7fXM6MTc6IgAqAGNsYXNzQ2FzdENhY2hlIjthOjA6e31zOjg6IgAqAGRhdGVzIjthOjA6e31zOjEzOiIAKgBkYXRlRm9ybWF0IjtOO3M6MTA6IgAqAGFwcGVuZHMiO2E6MDp7fXM6MTk6IgAqAGRpc3BhdGNoZXNFdmVudHMiO2E6MDp7fXM6MTQ6IgAqAG9ic2VydmFibGVzIjthOjA6e31zOjEyOiIAKgByZWxhdGlvbnMiO2E6MTp7czo4OiJjaGlsZHJlbiI7TzoyNjoiVHlwaUNNU1xOZXN0YWJsZUNvbGxlY3Rpb24iOjc6e3M6ODoiACoAdG90YWwiO2k6MDtzOjE1OiIAKgBwYXJlbnRDb2x1bW4iO3M6OToicGFyZW50X2lkIjtzOjMzOiIAKgByZW1vdmVJdGVtc1dpdGhNaXNzaW5nQW5jZXN0b3IiO2I6MTtzOjE0OiIAKgBpbmRlbnRDaGFycyI7czo4OiLCoMKgwqDCoCI7czoxNToiACoAY2hpbGRyZW5OYW1lIjtzOjU6Iml0ZW1zIjtzOjE3OiIAKgBwYXJlbnRSZWxhdGlvbiI7czo2OiJwYXJlbnQiO3M6ODoiACoAaXRlbXMiO2E6MDp7fX19czoxMDoiACoAdG91Y2hlcyI7YTowOnt9czoxMDoidGltZXN0YW1wcyI7YjoxO3M6OToiACoAaGlkZGVuIjthOjA6e31zOjEwOiIAKgB2aXNpYmxlIjthOjA6e31zOjEwOiIAKgBndWFyZGVkIjthOjE6e2k6MDtzOjE6IioiO319aToyNDtPOjE3OiJBcHBcTW9kZWxzXE1vZHVsZSI6Mjc6e3M6MTE6IgAqAGZpbGxhYmxlIjthOjk6e2k6MDtzOjc6Im1lbnVfaWQiO2k6MTtzOjQ6InR5cGUiO2k6MjtzOjExOiJtb2R1bGVfbmFtZSI7aTozO3M6MTM6ImRpdmlkZXJfdGl0bGUiO2k6NDtzOjEwOiJpY29uX2NsYXNzIjtpOjU7czozOiJ1cmwiO2k6NjtzOjU6Im9yZGVyIjtpOjc7czo5OiJwYXJlbnRfaWQiO2k6ODtzOjY6InRhcmdldCI7fXM6MTM6IgAqAGNvbm5lY3Rpb24iO3M6NToibXlzcWwiO3M6ODoiACoAdGFibGUiO3M6NzoibW9kdWxlcyI7czoxMzoiACoAcHJpbWFyeUtleSI7czoyOiJpZCI7czoxMDoiACoAa2V5VHlwZSI7czozOiJpbnQiO3M6MTI6ImluY3JlbWVudGluZyI7YjoxO3M6NzoiACoAd2l0aCI7YTowOnt9czoxMjoiACoAd2l0aENvdW50IjthOjA6e31zOjEwOiIAKgBwZXJQYWdlIjtpOjE1O3M6NjoiZXhpc3RzIjtiOjE7czoxODoid2FzUmVjZW50bHlDcmVhdGVkIjtiOjA7czoxMzoiACoAYXR0cmlidXRlcyI7YToxMjp7czoyOiJpZCI7aToxMztzOjc6Im1lbnVfaWQiO2k6MTtzOjQ6InR5cGUiO3M6MToiMiI7czoxMToibW9kdWxlX25hbWUiO3M6MzoiVGF4IjtzOjEzOiJkaXZpZGVyX3RpdGxlIjtOO3M6MTA6Imljb25fY2xhc3MiO3M6MTQ6ImZhcyBmYS1wZXJjZW50IjtzOjM6InVybCI7czozOiJ0YXgiO3M6NToib3JkZXIiO2k6MjU7czo5OiJwYXJlbnRfaWQiO047czo2OiJ0YXJnZXQiO3M6NToiX3NlbGYiO3M6MTA6ImNyZWF0ZWRfYXQiO3M6MTk6IjIwMjAtMTItMTAgMTc6MjI6NTAiO3M6MTA6InVwZGF0ZWRfYXQiO3M6MTk6IjIwMjEtMDItMDggMTQ6NDc6MjAiO31zOjExOiIAKgBvcmlnaW5hbCI7YToxMjp7czoyOiJpZCI7aToxMztzOjc6Im1lbnVfaWQiO2k6MTtzOjQ6InR5cGUiO3M6MToiMiI7czoxMToibW9kdWxlX25hbWUiO3M6MzoiVGF4IjtzOjEzOiJkaXZpZGVyX3RpdGxlIjtOO3M6MTA6Imljb25fY2xhc3MiO3M6MTQ6ImZhcyBmYS1wZXJjZW50IjtzOjM6InVybCI7czozOiJ0YXgiO3M6NToib3JkZXIiO2k6MjU7czo5OiJwYXJlbnRfaWQiO047czo2OiJ0YXJnZXQiO3M6NToiX3NlbGYiO3M6MTA6ImNyZWF0ZWRfYXQiO3M6MTk6IjIwMjAtMTItMTAgMTc6MjI6NTAiO3M6MTA6InVwZGF0ZWRfYXQiO3M6MTk6IjIwMjEtMDItMDggMTQ6NDc6MjAiO31zOjEwOiIAKgBjaGFuZ2VzIjthOjA6e31zOjg6IgAqAGNhc3RzIjthOjA6e31zOjE3OiIAKgBjbGFzc0Nhc3RDYWNoZSI7YTowOnt9czo4OiIAKgBkYXRlcyI7YTowOnt9czoxMzoiACoAZGF0ZUZvcm1hdCI7TjtzOjEwOiIAKgBhcHBlbmRzIjthOjA6e31zOjE5OiIAKgBkaXNwYXRjaGVzRXZlbnRzIjthOjA6e31zOjE0OiIAKgBvYnNlcnZhYmxlcyI7YTowOnt9czoxMjoiACoAcmVsYXRpb25zIjthOjE6e3M6ODoiY2hpbGRyZW4iO086MjY6IlR5cGlDTVNcTmVzdGFibGVDb2xsZWN0aW9uIjo3OntzOjg6IgAqAHRvdGFsIjtpOjA7czoxNToiACoAcGFyZW50Q29sdW1uIjtzOjk6InBhcmVudF9pZCI7czozMzoiACoAcmVtb3ZlSXRlbXNXaXRoTWlzc2luZ0FuY2VzdG9yIjtiOjE7czoxNDoiACoAaW5kZW50Q2hhcnMiO3M6ODoiwqDCoMKgwqAiO3M6MTU6IgAqAGNoaWxkcmVuTmFtZSI7czo1OiJpdGVtcyI7czoxNzoiACoAcGFyZW50UmVsYXRpb24iO3M6NjoicGFyZW50IjtzOjg6IgAqAGl0ZW1zIjthOjA6e319fXM6MTA6IgAqAHRvdWNoZXMiO2E6MDp7fXM6MTA6InRpbWVzdGFtcHMiO2I6MTtzOjk6IgAqAGhpZGRlbiI7YTowOnt9czoxMDoiACoAdmlzaWJsZSI7YTowOnt9czoxMDoiACoAZ3VhcmRlZCI7YToxOntpOjA7czoxOiIqIjt9fX19czoxMDoicGVybWlzc2lvbiI7YToxNzA6e2k6MDtzOjE0OiJhY2NvdW50LWFjY2VzcyI7aToxO3M6MTE6ImFjY291bnQtYWRkIjtpOjI7czoxOToiYWNjb3VudC1idWxrLWRlbGV0ZSI7aTozO3M6MTQ6ImFjY291bnQtZGVsZXRlIjtpOjQ7czoxMjoiYWNjb3VudC1lZGl0IjtpOjU7czoxNDoiYWNjb3VudC1yZXBvcnQiO2k6NjtzOjE3OiJhdHRlbmRhbmNlLWFjY2VzcyI7aTo3O3M6MTQ6ImF0dGVuZGFuY2UtYWRkIjtpOjg7czoyMjoiYXR0ZW5kYW5jZS1idWxrLWRlbGV0ZSI7aTo5O3M6MTc6ImF0dGVuZGFuY2UtZGVsZXRlIjtpOjEwO3M6MTU6ImF0dGVuZGFuY2UtZWRpdCI7aToxMTtzOjE3OiJhdHRlbmRhbmNlLXJlcG9ydCI7aToxMjtzOjIwOiJiYWxhbmNlLXNoZWV0LWFjY2VzcyI7aToxMztzOjEyOiJicmFuZC1hY2Nlc3MiO2k6MTQ7czo5OiJicmFuZC1hZGQiO2k6MTU7czoxNzoiYnJhbmQtYnVsay1kZWxldGUiO2k6MTY7czoxMjoiYnJhbmQtZGVsZXRlIjtpOjE3O3M6MTA6ImJyYW5kLWVkaXQiO2k6MTg7czoxMjoiYnJhbmQtcmVwb3J0IjtpOjE5O3M6MTU6ImNhdGVnb3J5LWFjY2VzcyI7aToyMDtzOjEyOiJjYXRlZ29yeS1hZGQiO2k6MjE7czoyMDoiY2F0ZWdvcnktYnVsay1kZWxldGUiO2k6MjI7czoxNToiY2F0ZWdvcnktZGVsZXRlIjtpOjIzO3M6MTM6ImNhdGVnb3J5LWVkaXQiO2k6MjQ7czoxNToiY2F0ZWdvcnktcmVwb3J0IjtpOjI1O3M6MTU6ImN1c3RvbWVyLWFjY2VzcyI7aToyNjtzOjEyOiJjdXN0b21lci1hZGQiO2k6Mjc7czoyMDoiY3VzdG9tZXItYnVsay1kZWxldGUiO2k6Mjg7czoxNToiY3VzdG9tZXItZGVsZXRlIjtpOjI5O3M6MTM6ImN1c3RvbWVyLWVkaXQiO2k6MzA7czoyMToiY3VzdG9tZXItZ3JvdXAtYWNjZXNzIjtpOjMxO3M6MTg6ImN1c3RvbWVyLWdyb3VwLWFkZCI7aTozMjtzOjI2OiJjdXN0b21lci1ncm91cC1idWxrLWRlbGV0ZSI7aTozMztzOjIxOiJjdXN0b21lci1ncm91cC1kZWxldGUiO2k6MzQ7czoxOToiY3VzdG9tZXItZ3JvdXAtZWRpdCI7aTozNTtzOjIxOiJjdXN0b21lci1ncm91cC1yZXBvcnQiO2k6MzY7czoxNToiY3VzdG9tZXItcmVwb3J0IjtpOjM3O3M6MTM6ImN1c3RvbWVyLXZpZXciO2k6Mzg7czoyMToiZGFpbHktcHVyY2hhc2UtYWNjZXNzIjtpOjM5O3M6MTc6ImRhaWx5LXNhbGUtYWNjZXNzIjtpOjQwO3M6MTY6ImRhc2hib2FyZC1hY2Nlc3MiO2k6NDE7czoxNzoiZGVwYXJ0bWVudC1hY2Nlc3MiO2k6NDI7czoxNDoiZGVwYXJ0bWVudC1hZGQiO2k6NDM7czoyMjoiZGVwYXJ0bWVudC1idWxrLWRlbGV0ZSI7aTo0NDtzOjE3OiJkZXBhcnRtZW50LWRlbGV0ZSI7aTo0NTtzOjE1OiJkZXBhcnRtZW50LWVkaXQiO2k6NDY7czoxNzoiZGVwYXJ0bWVudC1yZXBvcnQiO2k6NDc7czoxNToiZW1wbG95ZWUtYWNjZXNzIjtpOjQ4O3M6MTI6ImVtcGxveWVlLWFkZCI7aTo0OTtzOjIwOiJlbXBsb3llZS1idWxrLWRlbGV0ZSI7aTo1MDtzOjE1OiJlbXBsb3llZS1kZWxldGUiO2k6NTE7czoxMzoiZW1wbG95ZWUtZWRpdCI7aTo1MjtzOjE1OiJlbXBsb3llZS1yZXBvcnQiO2k6NTM7czoxMzoiZW1wbG95ZWUtdmlldyI7aTo1NDtzOjE0OiJleHBlbnNlLWFjY2VzcyI7aTo1NTtzOjExOiJleHBlbnNlLWFkZCI7aTo1NjtzOjE5OiJleHBlbnNlLWJ1bGstZGVsZXRlIjtpOjU3O3M6MjM6ImV4cGVuc2UtY2F0ZWdvcnktYWNjZXNzIjtpOjU4O3M6MjA6ImV4cGVuc2UtY2F0ZWdvcnktYWRkIjtpOjU5O3M6Mjg6ImV4cGVuc2UtY2F0ZWdvcnktYnVsay1kZWxldGUiO2k6NjA7czoyMzoiZXhwZW5zZS1jYXRlZ29yeS1kZWxldGUiO2k6NjE7czoyMToiZXhwZW5zZS1jYXRlZ29yeS1lZGl0IjtpOjYyO3M6MjM6ImV4cGVuc2UtY2F0ZWdvcnktcmVwb3J0IjtpOjYzO3M6MTQ6ImV4cGVuc2UtZGVsZXRlIjtpOjY0O3M6MTI6ImV4cGVuc2UtZWRpdCI7aTo2NTtzOjE0OiJleHBlbnNlLXJlcG9ydCI7aTo2NjtzOjE0OiJob2xpZGF5LWFjY2VzcyI7aTo2NztzOjExOiJob2xpZGF5LWFkZCI7aTo2ODtzOjE5OiJob2xpZGF5LWJ1bGstZGVsZXRlIjtpOjY5O3M6MTQ6ImhvbGlkYXktZGVsZXRlIjtpOjcwO3M6MTI6ImhvbGlkYXktZWRpdCI7aTo3MTtzOjE0OiJob2xpZGF5LXJlcG9ydCI7aTo3MjtzOjE4OiJocm0tc2V0dGluZy1hY2Nlc3MiO2k6NzM7czoxMToibWVudS1hY2Nlc3MiO2k6NzQ7czo4OiJtZW51LWFkZCI7aTo3NTtzOjEyOiJtZW51LWJ1aWxkZXIiO2k6NzY7czoxNjoibWVudS1idWxrLWRlbGV0ZSI7aTo3NztzOjExOiJtZW51LWRlbGV0ZSI7aTo3ODtzOjk6Im1lbnUtZWRpdCI7aTo3OTtzOjE1OiJtZW51LW1vZHVsZS1hZGQiO2k6ODA7czoxODoibWVudS1tb2R1bGUtZGVsZXRlIjtpOjgxO3M6MTY6Im1lbnUtbW9kdWxlLWVkaXQiO2k6ODI7czoxMToibWVudS1yZXBvcnQiO2k6ODM7czoyMzoibW9udGhseS1wdXJjaGFzZS1hY2Nlc3MiO2k6ODQ7czoxOToibW9udGhseS1zYWxlLWFjY2VzcyI7aTo4NTtzOjE0OiJwYXlyb2xsLWFjY2VzcyI7aTo4NjtzOjExOiJwYXlyb2xsLWFkZCI7aTo4NztzOjE5OiJwYXlyb2xsLWJ1bGstZGVsZXRlIjtpOjg4O3M6MTQ6InBheXJvbGwtZGVsZXRlIjtpOjg5O3M6MTI6InBheXJvbGwtZWRpdCI7aTo5MDtzOjE0OiJwYXlyb2xsLXJlcG9ydCI7aTo5MTtzOjE3OiJwZXJtaXNzaW9uLWFjY2VzcyI7aTo5MjtzOjE0OiJwZXJtaXNzaW9uLWFkZCI7aTo5MztzOjIyOiJwZXJtaXNzaW9uLWJ1bGstZGVsZXRlIjtpOjk0O3M6MTc6InBlcm1pc3Npb24tZGVsZXRlIjtpOjk1O3M6MTU6InBlcm1pc3Npb24tZWRpdCI7aTo5NjtzOjE3OiJwZXJtaXNzaW9uLXJlcG9ydCI7aTo5NztzOjIwOiJwcmludC1iYXJjb2RlLWFjY2VzcyI7aTo5ODtzOjE0OiJwcm9kdWN0LWFjY2VzcyI7aTo5OTtzOjExOiJwcm9kdWN0LWFkZCI7aToxMDA7czoxOToicHJvZHVjdC1idWxrLWRlbGV0ZSI7aToxMDE7czoxNDoicHJvZHVjdC1kZWxldGUiO2k6MTAyO3M6MTI6InByb2R1Y3QtZWRpdCI7aToxMDM7czoxNDoicHJvZHVjdC1yZXBvcnQiO2k6MTA0O3M6MjE6InByb2R1Y3QtcmVwb3J0LWFjY2VzcyI7aToxMDU7czoxMjoicHJvZHVjdC12aWV3IjtpOjEwNjtzOjE1OiJwdXJjaGFzZS1hY2Nlc3MiO2k6MTA3O3M6MTI6InB1cmNoYXNlLWFkZCI7aToxMDg7czoyMDoicHVyY2hhc2UtYnVsay1kZWxldGUiO2k6MTA5O3M6MTU6InB1cmNoYXNlLWRlbGV0ZSI7aToxMTA7czoxMzoicHVyY2hhc2UtZWRpdCI7aToxMTE7czoxNjoicHVyY2hhc2UtaW52b2ljZSI7aToxMTI7czoyMDoicHVyY2hhc2UtcGF5bWVudC1hZGQiO2k6MTEzO3M6MjM6InB1cmNoYXNlLXBheW1lbnQtZGVsZXRlIjtpOjExNDtzOjIxOiJwdXJjaGFzZS1wYXltZW50LWVkaXQiO2k6MTE1O3M6MjE6InB1cmNoYXNlLXBheW1lbnQtdmlldyI7aToxMTY7czoxNToicHVyY2hhc2UtcmVwb3J0IjtpOjExNztzOjEzOiJwdXJjaGFzZS12aWV3IjtpOjExODtzOjExOiJyb2xlLWFjY2VzcyI7aToxMTk7czo4OiJyb2xlLWFkZCI7aToxMjA7czoxNjoicm9sZS1idWxrLWRlbGV0ZSI7aToxMjE7czoxMToicm9sZS1kZWxldGUiO2k6MTIyO3M6OToicm9sZS1lZGl0IjtpOjEyMztzOjExOiJyb2xlLXJlcG9ydCI7aToxMjQ7czo5OiJyb2xlLXZpZXciO2k6MTI1O3M6MTE6InNhbGUtYWNjZXNzIjtpOjEyNjtzOjg6InNhbGUtYWRkIjtpOjEyNztzOjE2OiJzYWxlLWJ1bGstZGVsZXRlIjtpOjEyODtzOjExOiJzYWxlLWRlbGV0ZSI7aToxMjk7czo5OiJzYWxlLWVkaXQiO2k6MTMwO3M6MTY6InNhbGUtcGF5bWVudC1hZGQiO2k6MTMxO3M6MTk6InNhbGUtcGF5bWVudC1kZWxldGUiO2k6MTMyO3M6MTc6InNhbGUtcGF5bWVudC1lZGl0IjtpOjEzMztzOjE3OiJzYWxlLXBheW1lbnQtdmlldyI7aToxMzQ7czoxMToic2FsZS1yZXBvcnQiO2k6MTM1O3M6OToic2FsZS12aWV3IjtpOjEzNjtzOjE0OiJzZXR0aW5nLWFjY2VzcyI7aToxMzc7czoyMToic3VtbWFyeS1yZXBvcnQtYWNjZXNzIjtpOjEzODtzOjE1OiJzdXBwbGllci1hY2Nlc3MiO2k6MTM5O3M6MTI6InN1cHBsaWVyLWFkZCI7aToxNDA7czoyMDoic3VwcGxpZXItYnVsay1kZWxldGUiO2k6MTQxO3M6MTU6InN1cHBsaWVyLWRlbGV0ZSI7aToxNDI7czoxMzoic3VwcGxpZXItZWRpdCI7aToxNDM7czoxNToic3VwcGxpZXItcmVwb3J0IjtpOjE0NDtzOjEzOiJzdXBwbGllci12aWV3IjtpOjE0NTtzOjEwOiJ0YXgtYWNjZXNzIjtpOjE0NjtzOjc6InRheC1hZGQiO2k6MTQ3O3M6MTU6InRheC1idWxrLWRlbGV0ZSI7aToxNDg7czoxMDoidGF4LWRlbGV0ZSI7aToxNDk7czo4OiJ0YXgtZWRpdCI7aToxNTA7czoxMDoidGF4LXJlcG9ydCI7aToxNTE7czoxMToidW5pdC1hY2Nlc3MiO2k6MTUyO3M6ODoidW5pdC1hZGQiO2k6MTUzO3M6MTY6InVuaXQtYnVsay1kZWxldGUiO2k6MTU0O3M6MTE6InVuaXQtZGVsZXRlIjtpOjE1NTtzOjk6InVuaXQtZWRpdCI7aToxNTY7czoxMToidW5pdC1yZXBvcnQiO2k6MTU3O3M6MTE6InVzZXItYWNjZXNzIjtpOjE1ODtzOjg6InVzZXItYWRkIjtpOjE1OTtzOjE2OiJ1c2VyLWJ1bGstZGVsZXRlIjtpOjE2MDtzOjExOiJ1c2VyLWRlbGV0ZSI7aToxNjE7czo5OiJ1c2VyLWVkaXQiO2k6MTYyO3M6MTE6InVzZXItcmVwb3J0IjtpOjE2MztzOjk6InVzZXItdmlldyI7aToxNjQ7czoxNjoid2FyZWhvdXNlLWFjY2VzcyI7aToxNjU7czoxMzoid2FyZWhvdXNlLWFkZCI7aToxNjY7czoyMToid2FyZWhvdXNlLWJ1bGstZGVsZXRlIjtpOjE2NztzOjE2OiJ3YXJlaG91c2UtZGVsZXRlIjtpOjE2ODtzOjE0OiJ3YXJlaG91c2UtZWRpdCI7aToxNjk7czoxNjoid2FyZWhvdXNlLXJlcG9ydCI7fX0=', 1613889321);
INSERT INTO `sessions` (`id`, `user_id`, `ip_address`, `user_agent`, `payload`, `last_activity`) VALUES
('U3Tj1Jr96L0LfstMzXKBma42njsziebX50bw4JVh', 1, '127.0.0.1', 'Mozilla/5.0 (Windows NT 10.0; Win64; x64; rv:86.0) Gecko/20100101 Firefox/86.0', 'YTo3OntzOjY6Il90b2tlbiI7czo0MDoiOFplS2ZESHNjQkViQzdhQTQ5WGhRUGFXeHB5N0VpaHdsTmxUQVA4bSI7czozOiJ1cmwiO2E6MDp7fXM6OToiX3ByZXZpb3VzIjthOjE6e3M6MzoidXJsIjtzOjQ3OiJodHRwOi8vaW52ZW50b3J5LW1hbmFnZW1lbnQudGVzdC9zYWxlL2RldGFpbHMvMiI7fXM6NjoiX2ZsYXNoIjthOjI6e3M6Mzoib2xkIjthOjA6e31zOjM6Im5ldyI7YTowOnt9fXM6NTA6ImxvZ2luX3dlYl81OWJhMzZhZGRjMmIyZjk0MDE1ODBmMDE0YzdmNThlYTRlMzA5ODlkIjtpOjE7czo0OiJtZW51IjtPOjI2OiJUeXBpQ01TXE5lc3RhYmxlQ29sbGVjdGlvbiI6Nzp7czo4OiIAKgB0b3RhbCI7aToyNTtzOjE1OiIAKgBwYXJlbnRDb2x1bW4iO3M6OToicGFyZW50X2lkIjtzOjMzOiIAKgByZW1vdmVJdGVtc1dpdGhNaXNzaW5nQW5jZXN0b3IiO2I6MTtzOjE0OiIAKgBpbmRlbnRDaGFycyI7czo4OiLCoMKgwqDCoCI7czoxNToiACoAY2hpbGRyZW5OYW1lIjtzOjU6Iml0ZW1zIjtzOjE3OiIAKgBwYXJlbnRSZWxhdGlvbiI7czo2OiJwYXJlbnQiO3M6ODoiACoAaXRlbXMiO2E6MjU6e2k6MDtPOjE3OiJBcHBcTW9kZWxzXE1vZHVsZSI6Mjc6e3M6MTE6IgAqAGZpbGxhYmxlIjthOjk6e2k6MDtzOjc6Im1lbnVfaWQiO2k6MTtzOjQ6InR5cGUiO2k6MjtzOjExOiJtb2R1bGVfbmFtZSI7aTozO3M6MTM6ImRpdmlkZXJfdGl0bGUiO2k6NDtzOjEwOiJpY29uX2NsYXNzIjtpOjU7czozOiJ1cmwiO2k6NjtzOjU6Im9yZGVyIjtpOjc7czo5OiJwYXJlbnRfaWQiO2k6ODtzOjY6InRhcmdldCI7fXM6MTM6IgAqAGNvbm5lY3Rpb24iO3M6NToibXlzcWwiO3M6ODoiACoAdGFibGUiO3M6NzoibW9kdWxlcyI7czoxMzoiACoAcHJpbWFyeUtleSI7czoyOiJpZCI7czoxMDoiACoAa2V5VHlwZSI7czozOiJpbnQiO3M6MTI6ImluY3JlbWVudGluZyI7YjoxO3M6NzoiACoAd2l0aCI7YTowOnt9czoxMjoiACoAd2l0aENvdW50IjthOjA6e31zOjEwOiIAKgBwZXJQYWdlIjtpOjE1O3M6NjoiZXhpc3RzIjtiOjE7czoxODoid2FzUmVjZW50bHlDcmVhdGVkIjtiOjA7czoxMzoiACoAYXR0cmlidXRlcyI7YToxMjp7czoyOiJpZCI7aToxO3M6NzoibWVudV9pZCI7aToxO3M6NDoidHlwZSI7czoxOiIyIjtzOjExOiJtb2R1bGVfbmFtZSI7czo5OiJEYXNoYm9hcmQiO3M6MTM6ImRpdmlkZXJfdGl0bGUiO047czoxMDoiaWNvbl9jbGFzcyI7czoyMToiZmFzIGZhLXRhY2hvbWV0ZXItYWx0IjtzOjM6InVybCI7czoxOiIvIjtzOjU6Im9yZGVyIjtpOjE7czo5OiJwYXJlbnRfaWQiO047czo2OiJ0YXJnZXQiO3M6NToiX3NlbGYiO3M6MTA6ImNyZWF0ZWRfYXQiO047czoxMDoidXBkYXRlZF9hdCI7czoxOToiMjAyMS0wMi0wOCAxNDo0NzozMiI7fXM6MTE6IgAqAG9yaWdpbmFsIjthOjEyOntzOjI6ImlkIjtpOjE7czo3OiJtZW51X2lkIjtpOjE7czo0OiJ0eXBlIjtzOjE6IjIiO3M6MTE6Im1vZHVsZV9uYW1lIjtzOjk6IkRhc2hib2FyZCI7czoxMzoiZGl2aWRlcl90aXRsZSI7TjtzOjEwOiJpY29uX2NsYXNzIjtzOjIxOiJmYXMgZmEtdGFjaG9tZXRlci1hbHQiO3M6MzoidXJsIjtzOjE6Ii8iO3M6NToib3JkZXIiO2k6MTtzOjk6InBhcmVudF9pZCI7TjtzOjY6InRhcmdldCI7czo1OiJfc2VsZiI7czoxMDoiY3JlYXRlZF9hdCI7TjtzOjEwOiJ1cGRhdGVkX2F0IjtzOjE5OiIyMDIxLTAyLTA4IDE0OjQ3OjMyIjt9czoxMDoiACoAY2hhbmdlcyI7YTowOnt9czo4OiIAKgBjYXN0cyI7YTowOnt9czoxNzoiACoAY2xhc3NDYXN0Q2FjaGUiO2E6MDp7fXM6ODoiACoAZGF0ZXMiO2E6MDp7fXM6MTM6IgAqAGRhdGVGb3JtYXQiO047czoxMDoiACoAYXBwZW5kcyI7YTowOnt9czoxOToiACoAZGlzcGF0Y2hlc0V2ZW50cyI7YTowOnt9czoxNDoiACoAb2JzZXJ2YWJsZXMiO2E6MDp7fXM6MTI6IgAqAHJlbGF0aW9ucyI7YToxOntzOjg6ImNoaWxkcmVuIjtPOjI2OiJUeXBpQ01TXE5lc3RhYmxlQ29sbGVjdGlvbiI6Nzp7czo4OiIAKgB0b3RhbCI7aTowO3M6MTU6IgAqAHBhcmVudENvbHVtbiI7czo5OiJwYXJlbnRfaWQiO3M6MzM6IgAqAHJlbW92ZUl0ZW1zV2l0aE1pc3NpbmdBbmNlc3RvciI7YjoxO3M6MTQ6IgAqAGluZGVudENoYXJzIjtzOjg6IsKgwqDCoMKgIjtzOjE1OiIAKgBjaGlsZHJlbk5hbWUiO3M6NToiaXRlbXMiO3M6MTc6IgAqAHBhcmVudFJlbGF0aW9uIjtzOjY6InBhcmVudCI7czo4OiIAKgBpdGVtcyI7YTowOnt9fX1zOjEwOiIAKgB0b3VjaGVzIjthOjA6e31zOjEwOiJ0aW1lc3RhbXBzIjtiOjE7czo5OiIAKgBoaWRkZW4iO2E6MDp7fXM6MTA6IgAqAHZpc2libGUiO2E6MDp7fXM6MTA6IgAqAGd1YXJkZWQiO2E6MTp7aTowO3M6MToiKiI7fX1pOjE7TzoxNzoiQXBwXE1vZGVsc1xNb2R1bGUiOjI3OntzOjExOiIAKgBmaWxsYWJsZSI7YTo5OntpOjA7czo3OiJtZW51X2lkIjtpOjE7czo0OiJ0eXBlIjtpOjI7czoxMToibW9kdWxlX25hbWUiO2k6MztzOjEzOiJkaXZpZGVyX3RpdGxlIjtpOjQ7czoxMDoiaWNvbl9jbGFzcyI7aTo1O3M6MzoidXJsIjtpOjY7czo1OiJvcmRlciI7aTo3O3M6OToicGFyZW50X2lkIjtpOjg7czo2OiJ0YXJnZXQiO31zOjEzOiIAKgBjb25uZWN0aW9uIjtzOjU6Im15c3FsIjtzOjg6IgAqAHRhYmxlIjtzOjc6Im1vZHVsZXMiO3M6MTM6IgAqAHByaW1hcnlLZXkiO3M6MjoiaWQiO3M6MTA6IgAqAGtleVR5cGUiO3M6MzoiaW50IjtzOjEyOiJpbmNyZW1lbnRpbmciO2I6MTtzOjc6IgAqAHdpdGgiO2E6MDp7fXM6MTI6IgAqAHdpdGhDb3VudCI7YTowOnt9czoxMDoiACoAcGVyUGFnZSI7aToxNTtzOjY6ImV4aXN0cyI7YjoxO3M6MTg6Indhc1JlY2VudGx5Q3JlYXRlZCI7YjowO3M6MTM6IgAqAGF0dHJpYnV0ZXMiO2E6MTI6e3M6MjoiaWQiO2k6MjtzOjc6Im1lbnVfaWQiO2k6MTtzOjQ6InR5cGUiO3M6MToiMSI7czoxMToibW9kdWxlX25hbWUiO047czoxMzoiZGl2aWRlcl90aXRsZSI7czo1OiJNZW51cyI7czoxMDoiaWNvbl9jbGFzcyI7TjtzOjM6InVybCI7TjtzOjU6Im9yZGVyIjtpOjI7czo5OiJwYXJlbnRfaWQiO047czo2OiJ0YXJnZXQiO3M6NToiX3NlbGYiO3M6MTA6ImNyZWF0ZWRfYXQiO047czoxMDoidXBkYXRlZF9hdCI7czoxOToiMjAyMS0wMi0wOCAxNDo0NzozMiI7fXM6MTE6IgAqAG9yaWdpbmFsIjthOjEyOntzOjI6ImlkIjtpOjI7czo3OiJtZW51X2lkIjtpOjE7czo0OiJ0eXBlIjtzOjE6IjEiO3M6MTE6Im1vZHVsZV9uYW1lIjtOO3M6MTM6ImRpdmlkZXJfdGl0bGUiO3M6NToiTWVudXMiO3M6MTA6Imljb25fY2xhc3MiO047czozOiJ1cmwiO047czo1OiJvcmRlciI7aToyO3M6OToicGFyZW50X2lkIjtOO3M6NjoidGFyZ2V0IjtzOjU6Il9zZWxmIjtzOjEwOiJjcmVhdGVkX2F0IjtOO3M6MTA6InVwZGF0ZWRfYXQiO3M6MTk6IjIwMjEtMDItMDggMTQ6NDc6MzIiO31zOjEwOiIAKgBjaGFuZ2VzIjthOjA6e31zOjg6IgAqAGNhc3RzIjthOjA6e31zOjE3OiIAKgBjbGFzc0Nhc3RDYWNoZSI7YTowOnt9czo4OiIAKgBkYXRlcyI7YTowOnt9czoxMzoiACoAZGF0ZUZvcm1hdCI7TjtzOjEwOiIAKgBhcHBlbmRzIjthOjA6e31zOjE5OiIAKgBkaXNwYXRjaGVzRXZlbnRzIjthOjA6e31zOjE0OiIAKgBvYnNlcnZhYmxlcyI7YTowOnt9czoxMjoiACoAcmVsYXRpb25zIjthOjE6e3M6ODoiY2hpbGRyZW4iO086MjY6IlR5cGlDTVNcTmVzdGFibGVDb2xsZWN0aW9uIjo3OntzOjg6IgAqAHRvdGFsIjtpOjA7czoxNToiACoAcGFyZW50Q29sdW1uIjtzOjk6InBhcmVudF9pZCI7czozMzoiACoAcmVtb3ZlSXRlbXNXaXRoTWlzc2luZ0FuY2VzdG9yIjtiOjE7czoxNDoiACoAaW5kZW50Q2hhcnMiO3M6ODoiwqDCoMKgwqAiO3M6MTU6IgAqAGNoaWxkcmVuTmFtZSI7czo1OiJpdGVtcyI7czoxNzoiACoAcGFyZW50UmVsYXRpb24iO3M6NjoicGFyZW50IjtzOjg6IgAqAGl0ZW1zIjthOjA6e319fXM6MTA6IgAqAHRvdWNoZXMiO2E6MDp7fXM6MTA6InRpbWVzdGFtcHMiO2I6MTtzOjk6IgAqAGhpZGRlbiI7YTowOnt9czoxMDoiACoAdmlzaWJsZSI7YTowOnt9czoxMDoiACoAZ3VhcmRlZCI7YToxOntpOjA7czoxOiIqIjt9fWk6MjtPOjE3OiJBcHBcTW9kZWxzXE1vZHVsZSI6Mjc6e3M6MTE6IgAqAGZpbGxhYmxlIjthOjk6e2k6MDtzOjc6Im1lbnVfaWQiO2k6MTtzOjQ6InR5cGUiO2k6MjtzOjExOiJtb2R1bGVfbmFtZSI7aTozO3M6MTM6ImRpdmlkZXJfdGl0bGUiO2k6NDtzOjEwOiJpY29uX2NsYXNzIjtpOjU7czozOiJ1cmwiO2k6NjtzOjU6Im9yZGVyIjtpOjc7czo5OiJwYXJlbnRfaWQiO2k6ODtzOjY6InRhcmdldCI7fXM6MTM6IgAqAGNvbm5lY3Rpb24iO3M6NToibXlzcWwiO3M6ODoiACoAdGFibGUiO3M6NzoibW9kdWxlcyI7czoxMzoiACoAcHJpbWFyeUtleSI7czoyOiJpZCI7czoxMDoiACoAa2V5VHlwZSI7czozOiJpbnQiO3M6MTI6ImluY3JlbWVudGluZyI7YjoxO3M6NzoiACoAd2l0aCI7YTowOnt9czoxMjoiACoAd2l0aENvdW50IjthOjA6e31zOjEwOiIAKgBwZXJQYWdlIjtpOjE1O3M6NjoiZXhpc3RzIjtiOjE7czoxODoid2FzUmVjZW50bHlDcmVhdGVkIjtiOjA7czoxMzoiACoAYXR0cmlidXRlcyI7YToxMjp7czoyOiJpZCI7aToxMDtzOjc6Im1lbnVfaWQiO2k6MTtzOjQ6InR5cGUiO3M6MToiMiI7czoxMToibW9kdWxlX25hbWUiO3M6NzoiUHJvZHVjdCI7czoxMzoiZGl2aWRlcl90aXRsZSI7TjtzOjEwOiJpY29uX2NsYXNzIjtzOjE5OiJmYWIgZmEtcHJvZHVjdC1odW50IjtzOjM6InVybCI7TjtzOjU6Im9yZGVyIjtpOjM7czo5OiJwYXJlbnRfaWQiO047czo2OiJ0YXJnZXQiO3M6NToiX3NlbGYiO3M6MTA6ImNyZWF0ZWRfYXQiO3M6MTk6IjIwMjAtMTEtMTQgMTc6MzE6MzgiO3M6MTA6InVwZGF0ZWRfYXQiO3M6MTk6IjIwMjEtMDItMDggMTQ6NDc6MzgiO31zOjExOiIAKgBvcmlnaW5hbCI7YToxMjp7czoyOiJpZCI7aToxMDtzOjc6Im1lbnVfaWQiO2k6MTtzOjQ6InR5cGUiO3M6MToiMiI7czoxMToibW9kdWxlX25hbWUiO3M6NzoiUHJvZHVjdCI7czoxMzoiZGl2aWRlcl90aXRsZSI7TjtzOjEwOiJpY29uX2NsYXNzIjtzOjE5OiJmYWIgZmEtcHJvZHVjdC1odW50IjtzOjM6InVybCI7TjtzOjU6Im9yZGVyIjtpOjM7czo5OiJwYXJlbnRfaWQiO047czo2OiJ0YXJnZXQiO3M6NToiX3NlbGYiO3M6MTA6ImNyZWF0ZWRfYXQiO3M6MTk6IjIwMjAtMTEtMTQgMTc6MzE6MzgiO3M6MTA6InVwZGF0ZWRfYXQiO3M6MTk6IjIwMjEtMDItMDggMTQ6NDc6MzgiO31zOjEwOiIAKgBjaGFuZ2VzIjthOjA6e31zOjg6IgAqAGNhc3RzIjthOjA6e31zOjE3OiIAKgBjbGFzc0Nhc3RDYWNoZSI7YTowOnt9czo4OiIAKgBkYXRlcyI7YTowOnt9czoxMzoiACoAZGF0ZUZvcm1hdCI7TjtzOjEwOiIAKgBhcHBlbmRzIjthOjA6e31zOjE5OiIAKgBkaXNwYXRjaGVzRXZlbnRzIjthOjA6e31zOjE0OiIAKgBvYnNlcnZhYmxlcyI7YTowOnt9czoxMjoiACoAcmVsYXRpb25zIjthOjE6e3M6ODoiY2hpbGRyZW4iO086MjY6IlR5cGlDTVNcTmVzdGFibGVDb2xsZWN0aW9uIjo3OntzOjg6IgAqAHRvdGFsIjtpOjM7czoxNToiACoAcGFyZW50Q29sdW1uIjtzOjk6InBhcmVudF9pZCI7czozMzoiACoAcmVtb3ZlSXRlbXNXaXRoTWlzc2luZ0FuY2VzdG9yIjtiOjE7czoxNDoiACoAaW5kZW50Q2hhcnMiO3M6ODoiwqDCoMKgwqAiO3M6MTU6IgAqAGNoaWxkcmVuTmFtZSI7czo1OiJpdGVtcyI7czoxNzoiACoAcGFyZW50UmVsYXRpb24iO3M6NjoicGFyZW50IjtzOjg6IgAqAGl0ZW1zIjthOjM6e2k6MDtPOjE3OiJBcHBcTW9kZWxzXE1vZHVsZSI6Mjc6e3M6MTE6IgAqAGZpbGxhYmxlIjthOjk6e2k6MDtzOjc6Im1lbnVfaWQiO2k6MTtzOjQ6InR5cGUiO2k6MjtzOjExOiJtb2R1bGVfbmFtZSI7aTozO3M6MTM6ImRpdmlkZXJfdGl0bGUiO2k6NDtzOjEwOiJpY29uX2NsYXNzIjtpOjU7czozOiJ1cmwiO2k6NjtzOjU6Im9yZGVyIjtpOjc7czo5OiJwYXJlbnRfaWQiO2k6ODtzOjY6InRhcmdldCI7fXM6MTM6IgAqAGNvbm5lY3Rpb24iO3M6NToibXlzcWwiO3M6ODoiACoAdGFibGUiO3M6NzoibW9kdWxlcyI7czoxMzoiACoAcHJpbWFyeUtleSI7czoyOiJpZCI7czoxMDoiACoAa2V5VHlwZSI7czozOiJpbnQiO3M6MTI6ImluY3JlbWVudGluZyI7YjoxO3M6NzoiACoAd2l0aCI7YTowOnt9czoxMjoiACoAd2l0aENvdW50IjthOjA6e31zOjEwOiIAKgBwZXJQYWdlIjtpOjE1O3M6NjoiZXhpc3RzIjtiOjE7czoxODoid2FzUmVjZW50bHlDcmVhdGVkIjtiOjA7czoxMzoiACoAYXR0cmlidXRlcyI7YToxMjp7czoyOiJpZCI7aToxMTtzOjc6Im1lbnVfaWQiO2k6MTtzOjQ6InR5cGUiO3M6MToiMiI7czoxMToibW9kdWxlX25hbWUiO3M6ODoiQ2F0ZWdvcnkiO3M6MTM6ImRpdmlkZXJfdGl0bGUiO047czoxMDoiaWNvbl9jbGFzcyI7czoxMToiZmFzIGZhLWxpc3QiO3M6MzoidXJsIjtzOjg6ImNhdGVnb3J5IjtzOjU6Im9yZGVyIjtpOjE7czo5OiJwYXJlbnRfaWQiO2k6MTA7czo2OiJ0YXJnZXQiO3M6NToiX3NlbGYiO3M6MTA6ImNyZWF0ZWRfYXQiO3M6MTk6IjIwMjAtMTEtMTQgMTc6MzM6MDQiO3M6MTA6InVwZGF0ZWRfYXQiO3M6MTk6IjIwMjAtMTItMjYgMTY6MTk6NDQiO31zOjExOiIAKgBvcmlnaW5hbCI7YToxMjp7czoyOiJpZCI7aToxMTtzOjc6Im1lbnVfaWQiO2k6MTtzOjQ6InR5cGUiO3M6MToiMiI7czoxMToibW9kdWxlX25hbWUiO3M6ODoiQ2F0ZWdvcnkiO3M6MTM6ImRpdmlkZXJfdGl0bGUiO047czoxMDoiaWNvbl9jbGFzcyI7czoxMToiZmFzIGZhLWxpc3QiO3M6MzoidXJsIjtzOjg6ImNhdGVnb3J5IjtzOjU6Im9yZGVyIjtpOjE7czo5OiJwYXJlbnRfaWQiO2k6MTA7czo2OiJ0YXJnZXQiO3M6NToiX3NlbGYiO3M6MTA6ImNyZWF0ZWRfYXQiO3M6MTk6IjIwMjAtMTEtMTQgMTc6MzM6MDQiO3M6MTA6InVwZGF0ZWRfYXQiO3M6MTk6IjIwMjAtMTItMjYgMTY6MTk6NDQiO31zOjEwOiIAKgBjaGFuZ2VzIjthOjA6e31zOjg6IgAqAGNhc3RzIjthOjA6e31zOjE3OiIAKgBjbGFzc0Nhc3RDYWNoZSI7YTowOnt9czo4OiIAKgBkYXRlcyI7YTowOnt9czoxMzoiACoAZGF0ZUZvcm1hdCI7TjtzOjEwOiIAKgBhcHBlbmRzIjthOjA6e31zOjE5OiIAKgBkaXNwYXRjaGVzRXZlbnRzIjthOjA6e31zOjE0OiIAKgBvYnNlcnZhYmxlcyI7YTowOnt9czoxMjoiACoAcmVsYXRpb25zIjthOjA6e31zOjEwOiIAKgB0b3VjaGVzIjthOjA6e31zOjEwOiJ0aW1lc3RhbXBzIjtiOjE7czo5OiIAKgBoaWRkZW4iO2E6MDp7fXM6MTA6IgAqAHZpc2libGUiO2E6MDp7fXM6MTA6IgAqAGd1YXJkZWQiO2E6MTp7aTowO3M6MToiKiI7fX1pOjE7TzoxNzoiQXBwXE1vZGVsc1xNb2R1bGUiOjI3OntzOjExOiIAKgBmaWxsYWJsZSI7YTo5OntpOjA7czo3OiJtZW51X2lkIjtpOjE7czo0OiJ0eXBlIjtpOjI7czoxMToibW9kdWxlX25hbWUiO2k6MztzOjEzOiJkaXZpZGVyX3RpdGxlIjtpOjQ7czoxMDoiaWNvbl9jbGFzcyI7aTo1O3M6MzoidXJsIjtpOjY7czo1OiJvcmRlciI7aTo3O3M6OToicGFyZW50X2lkIjtpOjg7czo2OiJ0YXJnZXQiO31zOjEzOiIAKgBjb25uZWN0aW9uIjtzOjU6Im15c3FsIjtzOjg6IgAqAHRhYmxlIjtzOjc6Im1vZHVsZXMiO3M6MTM6IgAqAHByaW1hcnlLZXkiO3M6MjoiaWQiO3M6MTA6IgAqAGtleVR5cGUiO3M6MzoiaW50IjtzOjEyOiJpbmNyZW1lbnRpbmciO2I6MTtzOjc6IgAqAHdpdGgiO2E6MDp7fXM6MTI6IgAqAHdpdGhDb3VudCI7YTowOnt9czoxMDoiACoAcGVyUGFnZSI7aToxNTtzOjY6ImV4aXN0cyI7YjoxO3M6MTg6Indhc1JlY2VudGx5Q3JlYXRlZCI7YjowO3M6MTM6IgAqAGF0dHJpYnV0ZXMiO2E6MTI6e3M6MjoiaWQiO2k6MjI7czo3OiJtZW51X2lkIjtpOjE7czo0OiJ0eXBlIjtzOjE6IjIiO3M6MTE6Im1vZHVsZV9uYW1lIjtzOjE0OiJNYW5hZ2UgUHJvZHVjdCI7czoxMzoiZGl2aWRlcl90aXRsZSI7TjtzOjEwOiJpY29uX2NsYXNzIjtzOjEwOiJmYXMgZmEtYm94IjtzOjM6InVybCI7czo3OiJwcm9kdWN0IjtzOjU6Im9yZGVyIjtpOjI7czo5OiJwYXJlbnRfaWQiO2k6MTA7czo2OiJ0YXJnZXQiO3M6NToiX3NlbGYiO3M6MTA6ImNyZWF0ZWRfYXQiO3M6MTk6IjIwMjAtMTItMjYgMTU6NDM6MTQiO3M6MTA6InVwZGF0ZWRfYXQiO3M6MTk6IjIwMjAtMTItMjYgMTY6MTk6NDQiO31zOjExOiIAKgBvcmlnaW5hbCI7YToxMjp7czoyOiJpZCI7aToyMjtzOjc6Im1lbnVfaWQiO2k6MTtzOjQ6InR5cGUiO3M6MToiMiI7czoxMToibW9kdWxlX25hbWUiO3M6MTQ6Ik1hbmFnZSBQcm9kdWN0IjtzOjEzOiJkaXZpZGVyX3RpdGxlIjtOO3M6MTA6Imljb25fY2xhc3MiO3M6MTA6ImZhcyBmYS1ib3giO3M6MzoidXJsIjtzOjc6InByb2R1Y3QiO3M6NToib3JkZXIiO2k6MjtzOjk6InBhcmVudF9pZCI7aToxMDtzOjY6InRhcmdldCI7czo1OiJfc2VsZiI7czoxMDoiY3JlYXRlZF9hdCI7czoxOToiMjAyMC0xMi0yNiAxNTo0MzoxNCI7czoxMDoidXBkYXRlZF9hdCI7czoxOToiMjAyMC0xMi0yNiAxNjoxOTo0NCI7fXM6MTA6IgAqAGNoYW5nZXMiO2E6MDp7fXM6ODoiACoAY2FzdHMiO2E6MDp7fXM6MTc6IgAqAGNsYXNzQ2FzdENhY2hlIjthOjA6e31zOjg6IgAqAGRhdGVzIjthOjA6e31zOjEzOiIAKgBkYXRlRm9ybWF0IjtOO3M6MTA6IgAqAGFwcGVuZHMiO2E6MDp7fXM6MTk6IgAqAGRpc3BhdGNoZXNFdmVudHMiO2E6MDp7fXM6MTQ6IgAqAG9ic2VydmFibGVzIjthOjA6e31zOjEyOiIAKgByZWxhdGlvbnMiO2E6MDp7fXM6MTA6IgAqAHRvdWNoZXMiO2E6MDp7fXM6MTA6InRpbWVzdGFtcHMiO2I6MTtzOjk6IgAqAGhpZGRlbiI7YTowOnt9czoxMDoiACoAdmlzaWJsZSI7YTowOnt9czoxMDoiACoAZ3VhcmRlZCI7YToxOntpOjA7czoxOiIqIjt9fWk6MjtPOjE3OiJBcHBcTW9kZWxzXE1vZHVsZSI6Mjc6e3M6MTE6IgAqAGZpbGxhYmxlIjthOjk6e2k6MDtzOjc6Im1lbnVfaWQiO2k6MTtzOjQ6InR5cGUiO2k6MjtzOjExOiJtb2R1bGVfbmFtZSI7aTozO3M6MTM6ImRpdmlkZXJfdGl0bGUiO2k6NDtzOjEwOiJpY29uX2NsYXNzIjtpOjU7czozOiJ1cmwiO2k6NjtzOjU6Im9yZGVyIjtpOjc7czo5OiJwYXJlbnRfaWQiO2k6ODtzOjY6InRhcmdldCI7fXM6MTM6IgAqAGNvbm5lY3Rpb24iO3M6NToibXlzcWwiO3M6ODoiACoAdGFibGUiO3M6NzoibW9kdWxlcyI7czoxMzoiACoAcHJpbWFyeUtleSI7czoyOiJpZCI7czoxMDoiACoAa2V5VHlwZSI7czozOiJpbnQiO3M6MTI6ImluY3JlbWVudGluZyI7YjoxO3M6NzoiACoAd2l0aCI7YTowOnt9czoxMjoiACoAd2l0aENvdW50IjthOjA6e31zOjEwOiIAKgBwZXJQYWdlIjtpOjE1O3M6NjoiZXhpc3RzIjtiOjE7czoxODoid2FzUmVjZW50bHlDcmVhdGVkIjtiOjA7czoxMzoiACoAYXR0cmlidXRlcyI7YToxMjp7czoyOiJpZCI7aToyMztzOjc6Im1lbnVfaWQiO2k6MTtzOjQ6InR5cGUiO3M6MToiMiI7czoxMToibW9kdWxlX25hbWUiO3M6MTM6IlByaW50IEJhcmNvZGUiO3M6MTM6ImRpdmlkZXJfdGl0bGUiO047czoxMDoiaWNvbl9jbGFzcyI7czoxNDoiZmFzIGZhLWJhcmNvZGUiO3M6MzoidXJsIjtzOjEzOiJwcmludC1iYXJjb2RlIjtzOjU6Im9yZGVyIjtpOjM7czo5OiJwYXJlbnRfaWQiO2k6MTA7czo2OiJ0YXJnZXQiO3M6NToiX3NlbGYiO3M6MTA6ImNyZWF0ZWRfYXQiO3M6MTk6IjIwMjEtMDEtMDYgMTQ6NDk6MDMiO3M6MTA6InVwZGF0ZWRfYXQiO3M6MTk6IjIwMjEtMDEtMDYgMTQ6NDk6MjAiO31zOjExOiIAKgBvcmlnaW5hbCI7YToxMjp7czoyOiJpZCI7aToyMztzOjc6Im1lbnVfaWQiO2k6MTtzOjQ6InR5cGUiO3M6MToiMiI7czoxMToibW9kdWxlX25hbWUiO3M6MTM6IlByaW50IEJhcmNvZGUiO3M6MTM6ImRpdmlkZXJfdGl0bGUiO047czoxMDoiaWNvbl9jbGFzcyI7czoxNDoiZmFzIGZhLWJhcmNvZGUiO3M6MzoidXJsIjtzOjEzOiJwcmludC1iYXJjb2RlIjtzOjU6Im9yZGVyIjtpOjM7czo5OiJwYXJlbnRfaWQiO2k6MTA7czo2OiJ0YXJnZXQiO3M6NToiX3NlbGYiO3M6MTA6ImNyZWF0ZWRfYXQiO3M6MTk6IjIwMjEtMDEtMDYgMTQ6NDk6MDMiO3M6MTA6InVwZGF0ZWRfYXQiO3M6MTk6IjIwMjEtMDEtMDYgMTQ6NDk6MjAiO31zOjEwOiIAKgBjaGFuZ2VzIjthOjA6e31zOjg6IgAqAGNhc3RzIjthOjA6e31zOjE3OiIAKgBjbGFzc0Nhc3RDYWNoZSI7YTowOnt9czo4OiIAKgBkYXRlcyI7YTowOnt9czoxMzoiACoAZGF0ZUZvcm1hdCI7TjtzOjEwOiIAKgBhcHBlbmRzIjthOjA6e31zOjE5OiIAKgBkaXNwYXRjaGVzRXZlbnRzIjthOjA6e31zOjE0OiIAKgBvYnNlcnZhYmxlcyI7YTowOnt9czoxMjoiACoAcmVsYXRpb25zIjthOjA6e31zOjEwOiIAKgB0b3VjaGVzIjthOjA6e31zOjEwOiJ0aW1lc3RhbXBzIjtiOjE7czo5OiIAKgBoaWRkZW4iO2E6MDp7fXM6MTA6IgAqAHZpc2libGUiO2E6MDp7fXM6MTA6IgAqAGd1YXJkZWQiO2E6MTp7aTowO3M6MToiKiI7fX19fX1zOjEwOiIAKgB0b3VjaGVzIjthOjA6e31zOjEwOiJ0aW1lc3RhbXBzIjtiOjE7czo5OiIAKgBoaWRkZW4iO2E6MDp7fXM6MTA6IgAqAHZpc2libGUiO2E6MDp7fXM6MTA6IgAqAGd1YXJkZWQiO2E6MTp7aTowO3M6MToiKiI7fX1pOjM7TzoxNzoiQXBwXE1vZGVsc1xNb2R1bGUiOjI3OntzOjExOiIAKgBmaWxsYWJsZSI7YTo5OntpOjA7czo3OiJtZW51X2lkIjtpOjE7czo0OiJ0eXBlIjtpOjI7czoxMToibW9kdWxlX25hbWUiO2k6MztzOjEzOiJkaXZpZGVyX3RpdGxlIjtpOjQ7czoxMDoiaWNvbl9jbGFzcyI7aTo1O3M6MzoidXJsIjtpOjY7czo1OiJvcmRlciI7aTo3O3M6OToicGFyZW50X2lkIjtpOjg7czo2OiJ0YXJnZXQiO31zOjEzOiIAKgBjb25uZWN0aW9uIjtzOjU6Im15c3FsIjtzOjg6IgAqAHRhYmxlIjtzOjc6Im1vZHVsZXMiO3M6MTM6IgAqAHByaW1hcnlLZXkiO3M6MjoiaWQiO3M6MTA6IgAqAGtleVR5cGUiO3M6MzoiaW50IjtzOjEyOiJpbmNyZW1lbnRpbmciO2I6MTtzOjc6IgAqAHdpdGgiO2E6MDp7fXM6MTI6IgAqAHdpdGhDb3VudCI7YTowOnt9czoxMDoiACoAcGVyUGFnZSI7aToxNTtzOjY6ImV4aXN0cyI7YjoxO3M6MTg6Indhc1JlY2VudGx5Q3JlYXRlZCI7YjowO3M6MTM6IgAqAGF0dHJpYnV0ZXMiO2E6MTI6e3M6MjoiaWQiO2k6MzU7czo3OiJtZW51X2lkIjtpOjE7czo0OiJ0eXBlIjtzOjE6IjIiO3M6MTE6Im1vZHVsZV9uYW1lIjtzOjQ6IlNhbGUiO3M6MTM6ImRpdmlkZXJfdGl0bGUiO047czoxMDoiaWNvbl9jbGFzcyI7czoyMDoiZmFzIGZhLXNob3BwaW5nLWNhcnQiO3M6MzoidXJsIjtOO3M6NToib3JkZXIiO2k6NDtzOjk6InBhcmVudF9pZCI7TjtzOjY6InRhcmdldCI7czo1OiJfc2VsZiI7czoxMDoiY3JlYXRlZF9hdCI7czoxOToiMjAyMS0wMS0yMyAxNzo1NTo0MiI7czoxMDoidXBkYXRlZF9hdCI7czoxOToiMjAyMS0wMi0wOCAxNDo0Nzo0OCI7fXM6MTE6IgAqAG9yaWdpbmFsIjthOjEyOntzOjI6ImlkIjtpOjM1O3M6NzoibWVudV9pZCI7aToxO3M6NDoidHlwZSI7czoxOiIyIjtzOjExOiJtb2R1bGVfbmFtZSI7czo0OiJTYWxlIjtzOjEzOiJkaXZpZGVyX3RpdGxlIjtOO3M6MTA6Imljb25fY2xhc3MiO3M6MjA6ImZhcyBmYS1zaG9wcGluZy1jYXJ0IjtzOjM6InVybCI7TjtzOjU6Im9yZGVyIjtpOjQ7czo5OiJwYXJlbnRfaWQiO047czo2OiJ0YXJnZXQiO3M6NToiX3NlbGYiO3M6MTA6ImNyZWF0ZWRfYXQiO3M6MTk6IjIwMjEtMDEtMjMgMTc6NTU6NDIiO3M6MTA6InVwZGF0ZWRfYXQiO3M6MTk6IjIwMjEtMDItMDggMTQ6NDc6NDgiO31zOjEwOiIAKgBjaGFuZ2VzIjthOjA6e31zOjg6IgAqAGNhc3RzIjthOjA6e31zOjE3OiIAKgBjbGFzc0Nhc3RDYWNoZSI7YTowOnt9czo4OiIAKgBkYXRlcyI7YTowOnt9czoxMzoiACoAZGF0ZUZvcm1hdCI7TjtzOjEwOiIAKgBhcHBlbmRzIjthOjA6e31zOjE5OiIAKgBkaXNwYXRjaGVzRXZlbnRzIjthOjA6e31zOjE0OiIAKgBvYnNlcnZhYmxlcyI7YTowOnt9czoxMjoiACoAcmVsYXRpb25zIjthOjE6e3M6ODoiY2hpbGRyZW4iO086MjY6IlR5cGlDTVNcTmVzdGFibGVDb2xsZWN0aW9uIjo3OntzOjg6IgAqAHRvdGFsIjtpOjI7czoxNToiACoAcGFyZW50Q29sdW1uIjtzOjk6InBhcmVudF9pZCI7czozMzoiACoAcmVtb3ZlSXRlbXNXaXRoTWlzc2luZ0FuY2VzdG9yIjtiOjE7czoxNDoiACoAaW5kZW50Q2hhcnMiO3M6ODoiwqDCoMKgwqAiO3M6MTU6IgAqAGNoaWxkcmVuTmFtZSI7czo1OiJpdGVtcyI7czoxNzoiACoAcGFyZW50UmVsYXRpb24iO3M6NjoicGFyZW50IjtzOjg6IgAqAGl0ZW1zIjthOjI6e2k6MDtPOjE3OiJBcHBcTW9kZWxzXE1vZHVsZSI6Mjc6e3M6MTE6IgAqAGZpbGxhYmxlIjthOjk6e2k6MDtzOjc6Im1lbnVfaWQiO2k6MTtzOjQ6InR5cGUiO2k6MjtzOjExOiJtb2R1bGVfbmFtZSI7aTozO3M6MTM6ImRpdmlkZXJfdGl0bGUiO2k6NDtzOjEwOiJpY29uX2NsYXNzIjtpOjU7czozOiJ1cmwiO2k6NjtzOjU6Im9yZGVyIjtpOjc7czo5OiJwYXJlbnRfaWQiO2k6ODtzOjY6InRhcmdldCI7fXM6MTM6IgAqAGNvbm5lY3Rpb24iO3M6NToibXlzcWwiO3M6ODoiACoAdGFibGUiO3M6NzoibW9kdWxlcyI7czoxMzoiACoAcHJpbWFyeUtleSI7czoyOiJpZCI7czoxMDoiACoAa2V5VHlwZSI7czozOiJpbnQiO3M6MTI6ImluY3JlbWVudGluZyI7YjoxO3M6NzoiACoAd2l0aCI7YTowOnt9czoxMjoiACoAd2l0aENvdW50IjthOjA6e31zOjEwOiIAKgBwZXJQYWdlIjtpOjE1O3M6NjoiZXhpc3RzIjtiOjE7czoxODoid2FzUmVjZW50bHlDcmVhdGVkIjtiOjA7czoxMzoiACoAYXR0cmlidXRlcyI7YToxMjp7czoyOiJpZCI7aTozNjtzOjc6Im1lbnVfaWQiO2k6MTtzOjQ6InR5cGUiO3M6MToiMiI7czoxMToibW9kdWxlX25hbWUiO3M6ODoiQWRkIFNhbGUiO3M6MTM6ImRpdmlkZXJfdGl0bGUiO047czoxMDoiaWNvbl9jbGFzcyI7czoxODoiZmFzIGZhLXBsdXMtc3F1YXJlIjtzOjM6InVybCI7czo4OiJzYWxlL2FkZCI7czo1OiJvcmRlciI7aToxO3M6OToicGFyZW50X2lkIjtpOjM1O3M6NjoidGFyZ2V0IjtzOjU6Il9zZWxmIjtzOjEwOiJjcmVhdGVkX2F0IjtzOjE5OiIyMDIxLTAxLTIzIDE3OjU2OjIxIjtzOjEwOiJ1cGRhdGVkX2F0IjtzOjE5OiIyMDIxLTAxLTIzIDE3OjU3OjM4Ijt9czoxMToiACoAb3JpZ2luYWwiO2E6MTI6e3M6MjoiaWQiO2k6MzY7czo3OiJtZW51X2lkIjtpOjE7czo0OiJ0eXBlIjtzOjE6IjIiO3M6MTE6Im1vZHVsZV9uYW1lIjtzOjg6IkFkZCBTYWxlIjtzOjEzOiJkaXZpZGVyX3RpdGxlIjtOO3M6MTA6Imljb25fY2xhc3MiO3M6MTg6ImZhcyBmYS1wbHVzLXNxdWFyZSI7czozOiJ1cmwiO3M6ODoic2FsZS9hZGQiO3M6NToib3JkZXIiO2k6MTtzOjk6InBhcmVudF9pZCI7aTozNTtzOjY6InRhcmdldCI7czo1OiJfc2VsZiI7czoxMDoiY3JlYXRlZF9hdCI7czoxOToiMjAyMS0wMS0yMyAxNzo1NjoyMSI7czoxMDoidXBkYXRlZF9hdCI7czoxOToiMjAyMS0wMS0yMyAxNzo1NzozOCI7fXM6MTA6IgAqAGNoYW5nZXMiO2E6MDp7fXM6ODoiACoAY2FzdHMiO2E6MDp7fXM6MTc6IgAqAGNsYXNzQ2FzdENhY2hlIjthOjA6e31zOjg6IgAqAGRhdGVzIjthOjA6e31zOjEzOiIAKgBkYXRlRm9ybWF0IjtOO3M6MTA6IgAqAGFwcGVuZHMiO2E6MDp7fXM6MTk6IgAqAGRpc3BhdGNoZXNFdmVudHMiO2E6MDp7fXM6MTQ6IgAqAG9ic2VydmFibGVzIjthOjA6e31zOjEyOiIAKgByZWxhdGlvbnMiO2E6MDp7fXM6MTA6IgAqAHRvdWNoZXMiO2E6MDp7fXM6MTA6InRpbWVzdGFtcHMiO2I6MTtzOjk6IgAqAGhpZGRlbiI7YTowOnt9czoxMDoiACoAdmlzaWJsZSI7YTowOnt9czoxMDoiACoAZ3VhcmRlZCI7YToxOntpOjA7czoxOiIqIjt9fWk6MTtPOjE3OiJBcHBcTW9kZWxzXE1vZHVsZSI6Mjc6e3M6MTE6IgAqAGZpbGxhYmxlIjthOjk6e2k6MDtzOjc6Im1lbnVfaWQiO2k6MTtzOjQ6InR5cGUiO2k6MjtzOjExOiJtb2R1bGVfbmFtZSI7aTozO3M6MTM6ImRpdmlkZXJfdGl0bGUiO2k6NDtzOjEwOiJpY29uX2NsYXNzIjtpOjU7czozOiJ1cmwiO2k6NjtzOjU6Im9yZGVyIjtpOjc7czo5OiJwYXJlbnRfaWQiO2k6ODtzOjY6InRhcmdldCI7fXM6MTM6IgAqAGNvbm5lY3Rpb24iO3M6NToibXlzcWwiO3M6ODoiACoAdGFibGUiO3M6NzoibW9kdWxlcyI7czoxMzoiACoAcHJpbWFyeUtleSI7czoyOiJpZCI7czoxMDoiACoAa2V5VHlwZSI7czozOiJpbnQiO3M6MTI6ImluY3JlbWVudGluZyI7YjoxO3M6NzoiACoAd2l0aCI7YTowOnt9czoxMjoiACoAd2l0aENvdW50IjthOjA6e31zOjEwOiIAKgBwZXJQYWdlIjtpOjE1O3M6NjoiZXhpc3RzIjtiOjE7czoxODoid2FzUmVjZW50bHlDcmVhdGVkIjtiOjA7czoxMzoiACoAYXR0cmlidXRlcyI7YToxMjp7czoyOiJpZCI7aTozNztzOjc6Im1lbnVfaWQiO2k6MTtzOjQ6InR5cGUiO3M6MToiMiI7czoxMToibW9kdWxlX25hbWUiO3M6MTE6Ik1hbmFnZSBTYWxlIjtzOjEzOiJkaXZpZGVyX3RpdGxlIjtOO3M6MTA6Imljb25fY2xhc3MiO3M6MTU6ImZhYiBmYS1vcGVuY2FydCI7czozOiJ1cmwiO3M6NDoic2FsZSI7czo1OiJvcmRlciI7aToyO3M6OToicGFyZW50X2lkIjtpOjM1O3M6NjoidGFyZ2V0IjtzOjU6Il9zZWxmIjtzOjEwOiJjcmVhdGVkX2F0IjtzOjE5OiIyMDIxLTAxLTIzIDE3OjU3OjI4IjtzOjEwOiJ1cGRhdGVkX2F0IjtzOjE5OiIyMDIxLTAxLTIzIDE3OjU3OjQyIjt9czoxMToiACoAb3JpZ2luYWwiO2E6MTI6e3M6MjoiaWQiO2k6Mzc7czo3OiJtZW51X2lkIjtpOjE7czo0OiJ0eXBlIjtzOjE6IjIiO3M6MTE6Im1vZHVsZV9uYW1lIjtzOjExOiJNYW5hZ2UgU2FsZSI7czoxMzoiZGl2aWRlcl90aXRsZSI7TjtzOjEwOiJpY29uX2NsYXNzIjtzOjE1OiJmYWIgZmEtb3BlbmNhcnQiO3M6MzoidXJsIjtzOjQ6InNhbGUiO3M6NToib3JkZXIiO2k6MjtzOjk6InBhcmVudF9pZCI7aTozNTtzOjY6InRhcmdldCI7czo1OiJfc2VsZiI7czoxMDoiY3JlYXRlZF9hdCI7czoxOToiMjAyMS0wMS0yMyAxNzo1NzoyOCI7czoxMDoidXBkYXRlZF9hdCI7czoxOToiMjAyMS0wMS0yMyAxNzo1Nzo0MiI7fXM6MTA6IgAqAGNoYW5nZXMiO2E6MDp7fXM6ODoiACoAY2FzdHMiO2E6MDp7fXM6MTc6IgAqAGNsYXNzQ2FzdENhY2hlIjthOjA6e31zOjg6IgAqAGRhdGVzIjthOjA6e31zOjEzOiIAKgBkYXRlRm9ybWF0IjtOO3M6MTA6IgAqAGFwcGVuZHMiO2E6MDp7fXM6MTk6IgAqAGRpc3BhdGNoZXNFdmVudHMiO2E6MDp7fXM6MTQ6IgAqAG9ic2VydmFibGVzIjthOjA6e31zOjEyOiIAKgByZWxhdGlvbnMiO2E6MDp7fXM6MTA6IgAqAHRvdWNoZXMiO2E6MDp7fXM6MTA6InRpbWVzdGFtcHMiO2I6MTtzOjk6IgAqAGhpZGRlbiI7YTowOnt9czoxMDoiACoAdmlzaWJsZSI7YTowOnt9czoxMDoiACoAZ3VhcmRlZCI7YToxOntpOjA7czoxOiIqIjt9fX19fXM6MTA6IgAqAHRvdWNoZXMiO2E6MDp7fXM6MTA6InRpbWVzdGFtcHMiO2I6MTtzOjk6IgAqAGhpZGRlbiI7YTowOnt9czoxMDoiACoAdmlzaWJsZSI7YTowOnt9czoxMDoiACoAZ3VhcmRlZCI7YToxOntpOjA7czoxOiIqIjt9fWk6NDtPOjE3OiJBcHBcTW9kZWxzXE1vZHVsZSI6Mjc6e3M6MTE6IgAqAGZpbGxhYmxlIjthOjk6e2k6MDtzOjc6Im1lbnVfaWQiO2k6MTtzOjQ6InR5cGUiO2k6MjtzOjExOiJtb2R1bGVfbmFtZSI7aTozO3M6MTM6ImRpdmlkZXJfdGl0bGUiO2k6NDtzOjEwOiJpY29uX2NsYXNzIjtpOjU7czozOiJ1cmwiO2k6NjtzOjU6Im9yZGVyIjtpOjc7czo5OiJwYXJlbnRfaWQiO2k6ODtzOjY6InRhcmdldCI7fXM6MTM6IgAqAGNvbm5lY3Rpb24iO3M6NToibXlzcWwiO3M6ODoiACoAdGFibGUiO3M6NzoibW9kdWxlcyI7czoxMzoiACoAcHJpbWFyeUtleSI7czoyOiJpZCI7czoxMDoiACoAa2V5VHlwZSI7czozOiJpbnQiO3M6MTI6ImluY3JlbWVudGluZyI7YjoxO3M6NzoiACoAd2l0aCI7YTowOnt9czoxMjoiACoAd2l0aENvdW50IjthOjA6e31zOjEwOiIAKgBwZXJQYWdlIjtpOjE1O3M6NjoiZXhpc3RzIjtiOjE7czoxODoid2FzUmVjZW50bHlDcmVhdGVkIjtiOjA7czoxMzoiACoAYXR0cmlidXRlcyI7YToxMjp7czoyOiJpZCI7aToyNztzOjc6Im1lbnVfaWQiO2k6MTtzOjQ6InR5cGUiO3M6MToiMiI7czoxMToibW9kdWxlX25hbWUiO3M6ODoiUHVyY2hhc2UiO3M6MTM6ImRpdmlkZXJfdGl0bGUiO047czoxMDoiaWNvbl9jbGFzcyI7czoxODoiZmFzIGZhLW1vbmV5LWNoZWNrIjtzOjM6InVybCI7TjtzOjU6Im9yZGVyIjtpOjU7czo5OiJwYXJlbnRfaWQiO047czo2OiJ0YXJnZXQiO3M6NToiX3NlbGYiO3M6MTA6ImNyZWF0ZWRfYXQiO3M6MTk6IjIwMjEtMDEtMDkgMTY6Mjg6NTEiO3M6MTA6InVwZGF0ZWRfYXQiO3M6MTk6IjIwMjEtMDItMDggMTQ6NDc6NTYiO31zOjExOiIAKgBvcmlnaW5hbCI7YToxMjp7czoyOiJpZCI7aToyNztzOjc6Im1lbnVfaWQiO2k6MTtzOjQ6InR5cGUiO3M6MToiMiI7czoxMToibW9kdWxlX25hbWUiO3M6ODoiUHVyY2hhc2UiO3M6MTM6ImRpdmlkZXJfdGl0bGUiO047czoxMDoiaWNvbl9jbGFzcyI7czoxODoiZmFzIGZhLW1vbmV5LWNoZWNrIjtzOjM6InVybCI7TjtzOjU6Im9yZGVyIjtpOjU7czo5OiJwYXJlbnRfaWQiO047czo2OiJ0YXJnZXQiO3M6NToiX3NlbGYiO3M6MTA6ImNyZWF0ZWRfYXQiO3M6MTk6IjIwMjEtMDEtMDkgMTY6Mjg6NTEiO3M6MTA6InVwZGF0ZWRfYXQiO3M6MTk6IjIwMjEtMDItMDggMTQ6NDc6NTYiO31zOjEwOiIAKgBjaGFuZ2VzIjthOjA6e31zOjg6IgAqAGNhc3RzIjthOjA6e31zOjE3OiIAKgBjbGFzc0Nhc3RDYWNoZSI7YTowOnt9czo4OiIAKgBkYXRlcyI7YTowOnt9czoxMzoiACoAZGF0ZUZvcm1hdCI7TjtzOjEwOiIAKgBhcHBlbmRzIjthOjA6e31zOjE5OiIAKgBkaXNwYXRjaGVzRXZlbnRzIjthOjA6e31zOjE0OiIAKgBvYnNlcnZhYmxlcyI7YTowOnt9czoxMjoiACoAcmVsYXRpb25zIjthOjE6e3M6ODoiY2hpbGRyZW4iO086MjY6IlR5cGlDTVNcTmVzdGFibGVDb2xsZWN0aW9uIjo3OntzOjg6IgAqAHRvdGFsIjtpOjI7czoxNToiACoAcGFyZW50Q29sdW1uIjtzOjk6InBhcmVudF9pZCI7czozMzoiACoAcmVtb3ZlSXRlbXNXaXRoTWlzc2luZ0FuY2VzdG9yIjtiOjE7czoxNDoiACoAaW5kZW50Q2hhcnMiO3M6ODoiwqDCoMKgwqAiO3M6MTU6IgAqAGNoaWxkcmVuTmFtZSI7czo1OiJpdGVtcyI7czoxNzoiACoAcGFyZW50UmVsYXRpb24iO3M6NjoicGFyZW50IjtzOjg6IgAqAGl0ZW1zIjthOjI6e2k6MDtPOjE3OiJBcHBcTW9kZWxzXE1vZHVsZSI6Mjc6e3M6MTE6IgAqAGZpbGxhYmxlIjthOjk6e2k6MDtzOjc6Im1lbnVfaWQiO2k6MTtzOjQ6InR5cGUiO2k6MjtzOjExOiJtb2R1bGVfbmFtZSI7aTozO3M6MTM6ImRpdmlkZXJfdGl0bGUiO2k6NDtzOjEwOiJpY29uX2NsYXNzIjtpOjU7czozOiJ1cmwiO2k6NjtzOjU6Im9yZGVyIjtpOjc7czo5OiJwYXJlbnRfaWQiO2k6ODtzOjY6InRhcmdldCI7fXM6MTM6IgAqAGNvbm5lY3Rpb24iO3M6NToibXlzcWwiO3M6ODoiACoAdGFibGUiO3M6NzoibW9kdWxlcyI7czoxMzoiACoAcHJpbWFyeUtleSI7czoyOiJpZCI7czoxMDoiACoAa2V5VHlwZSI7czozOiJpbnQiO3M6MTI6ImluY3JlbWVudGluZyI7YjoxO3M6NzoiACoAd2l0aCI7YTowOnt9czoxMjoiACoAd2l0aENvdW50IjthOjA6e31zOjEwOiIAKgBwZXJQYWdlIjtpOjE1O3M6NjoiZXhpc3RzIjtiOjE7czoxODoid2FzUmVjZW50bHlDcmVhdGVkIjtiOjA7czoxMzoiACoAYXR0cmlidXRlcyI7YToxMjp7czoyOiJpZCI7aToyODtzOjc6Im1lbnVfaWQiO2k6MTtzOjQ6InR5cGUiO3M6MToiMiI7czoxMToibW9kdWxlX25hbWUiO3M6MTI6IkFkZCBQdXJjaGFzZSI7czoxMzoiZGl2aWRlcl90aXRsZSI7TjtzOjEwOiJpY29uX2NsYXNzIjtzOjE4OiJmYXIgZmEtcGx1cy1zcXVhcmUiO3M6MzoidXJsIjtzOjEyOiJwdXJjaGFzZS9hZGQiO3M6NToib3JkZXIiO2k6MTtzOjk6InBhcmVudF9pZCI7aToyNztzOjY6InRhcmdldCI7czo1OiJfc2VsZiI7czoxMDoiY3JlYXRlZF9hdCI7czoxOToiMjAyMS0wMS0wOSAxNjozMTo0OCI7czoxMDoidXBkYXRlZF9hdCI7czoxOToiMjAyMS0wMS0wOSAxNjozMTo1NiI7fXM6MTE6IgAqAG9yaWdpbmFsIjthOjEyOntzOjI6ImlkIjtpOjI4O3M6NzoibWVudV9pZCI7aToxO3M6NDoidHlwZSI7czoxOiIyIjtzOjExOiJtb2R1bGVfbmFtZSI7czoxMjoiQWRkIFB1cmNoYXNlIjtzOjEzOiJkaXZpZGVyX3RpdGxlIjtOO3M6MTA6Imljb25fY2xhc3MiO3M6MTg6ImZhciBmYS1wbHVzLXNxdWFyZSI7czozOiJ1cmwiO3M6MTI6InB1cmNoYXNlL2FkZCI7czo1OiJvcmRlciI7aToxO3M6OToicGFyZW50X2lkIjtpOjI3O3M6NjoidGFyZ2V0IjtzOjU6Il9zZWxmIjtzOjEwOiJjcmVhdGVkX2F0IjtzOjE5OiIyMDIxLTAxLTA5IDE2OjMxOjQ4IjtzOjEwOiJ1cGRhdGVkX2F0IjtzOjE5OiIyMDIxLTAxLTA5IDE2OjMxOjU2Ijt9czoxMDoiACoAY2hhbmdlcyI7YTowOnt9czo4OiIAKgBjYXN0cyI7YTowOnt9czoxNzoiACoAY2xhc3NDYXN0Q2FjaGUiO2E6MDp7fXM6ODoiACoAZGF0ZXMiO2E6MDp7fXM6MTM6IgAqAGRhdGVGb3JtYXQiO047czoxMDoiACoAYXBwZW5kcyI7YTowOnt9czoxOToiACoAZGlzcGF0Y2hlc0V2ZW50cyI7YTowOnt9czoxNDoiACoAb2JzZXJ2YWJsZXMiO2E6MDp7fXM6MTI6IgAqAHJlbGF0aW9ucyI7YTowOnt9czoxMDoiACoAdG91Y2hlcyI7YTowOnt9czoxMDoidGltZXN0YW1wcyI7YjoxO3M6OToiACoAaGlkZGVuIjthOjA6e31zOjEwOiIAKgB2aXNpYmxlIjthOjA6e31zOjEwOiIAKgBndWFyZGVkIjthOjE6e2k6MDtzOjE6IioiO319aToxO086MTc6IkFwcFxNb2RlbHNcTW9kdWxlIjoyNzp7czoxMToiACoAZmlsbGFibGUiO2E6OTp7aTowO3M6NzoibWVudV9pZCI7aToxO3M6NDoidHlwZSI7aToyO3M6MTE6Im1vZHVsZV9uYW1lIjtpOjM7czoxMzoiZGl2aWRlcl90aXRsZSI7aTo0O3M6MTA6Imljb25fY2xhc3MiO2k6NTtzOjM6InVybCI7aTo2O3M6NToib3JkZXIiO2k6NztzOjk6InBhcmVudF9pZCI7aTo4O3M6NjoidGFyZ2V0Ijt9czoxMzoiACoAY29ubmVjdGlvbiI7czo1OiJteXNxbCI7czo4OiIAKgB0YWJsZSI7czo3OiJtb2R1bGVzIjtzOjEzOiIAKgBwcmltYXJ5S2V5IjtzOjI6ImlkIjtzOjEwOiIAKgBrZXlUeXBlIjtzOjM6ImludCI7czoxMjoiaW5jcmVtZW50aW5nIjtiOjE7czo3OiIAKgB3aXRoIjthOjA6e31zOjEyOiIAKgB3aXRoQ291bnQiO2E6MDp7fXM6MTA6IgAqAHBlclBhZ2UiO2k6MTU7czo2OiJleGlzdHMiO2I6MTtzOjE4OiJ3YXNSZWNlbnRseUNyZWF0ZWQiO2I6MDtzOjEzOiIAKgBhdHRyaWJ1dGVzIjthOjEyOntzOjI6ImlkIjtpOjI5O3M6NzoibWVudV9pZCI7aToxO3M6NDoidHlwZSI7czoxOiIyIjtzOjExOiJtb2R1bGVfbmFtZSI7czoxNToiTWFuYWdlIFB1cmNoYXNlIjtzOjEzOiJkaXZpZGVyX3RpdGxlIjtOO3M6MTA6Imljb25fY2xhc3MiO3M6MjI6ImZhcyBmYS1zaG9wcGluZy1iYXNrZXQiO3M6MzoidXJsIjtzOjg6InB1cmNoYXNlIjtzOjU6Im9yZGVyIjtpOjI7czo5OiJwYXJlbnRfaWQiO2k6Mjc7czo2OiJ0YXJnZXQiO3M6NToiX3NlbGYiO3M6MTA6ImNyZWF0ZWRfYXQiO3M6MTk6IjIwMjEtMDEtMDkgMTY6MzI6MjkiO3M6MTA6InVwZGF0ZWRfYXQiO3M6MTk6IjIwMjEtMDEtMDkgMTY6MzI6MzYiO31zOjExOiIAKgBvcmlnaW5hbCI7YToxMjp7czoyOiJpZCI7aToyOTtzOjc6Im1lbnVfaWQiO2k6MTtzOjQ6InR5cGUiO3M6MToiMiI7czoxMToibW9kdWxlX25hbWUiO3M6MTU6Ik1hbmFnZSBQdXJjaGFzZSI7czoxMzoiZGl2aWRlcl90aXRsZSI7TjtzOjEwOiJpY29uX2NsYXNzIjtzOjIyOiJmYXMgZmEtc2hvcHBpbmctYmFza2V0IjtzOjM6InVybCI7czo4OiJwdXJjaGFzZSI7czo1OiJvcmRlciI7aToyO3M6OToicGFyZW50X2lkIjtpOjI3O3M6NjoidGFyZ2V0IjtzOjU6Il9zZWxmIjtzOjEwOiJjcmVhdGVkX2F0IjtzOjE5OiIyMDIxLTAxLTA5IDE2OjMyOjI5IjtzOjEwOiJ1cGRhdGVkX2F0IjtzOjE5OiIyMDIxLTAxLTA5IDE2OjMyOjM2Ijt9czoxMDoiACoAY2hhbmdlcyI7YTowOnt9czo4OiIAKgBjYXN0cyI7YTowOnt9czoxNzoiACoAY2xhc3NDYXN0Q2FjaGUiO2E6MDp7fXM6ODoiACoAZGF0ZXMiO2E6MDp7fXM6MTM6IgAqAGRhdGVGb3JtYXQiO047czoxMDoiACoAYXBwZW5kcyI7YTowOnt9czoxOToiACoAZGlzcGF0Y2hlc0V2ZW50cyI7YTowOnt9czoxNDoiACoAb2JzZXJ2YWJsZXMiO2E6MDp7fXM6MTI6IgAqAHJlbGF0aW9ucyI7YTowOnt9czoxMDoiACoAdG91Y2hlcyI7YTowOnt9czoxMDoidGltZXN0YW1wcyI7YjoxO3M6OToiACoAaGlkZGVuIjthOjA6e31zOjEwOiIAKgB2aXNpYmxlIjthOjA6e31zOjEwOiIAKgBndWFyZGVkIjthOjE6e2k6MDtzOjE6IioiO319fX19czoxMDoiACoAdG91Y2hlcyI7YTowOnt9czoxMDoidGltZXN0YW1wcyI7YjoxO3M6OToiACoAaGlkZGVuIjthOjA6e31zOjEwOiIAKgB2aXNpYmxlIjthOjA6e31zOjEwOiIAKgBndWFyZGVkIjthOjE6e2k6MDtzOjE6IioiO319aTo1O086MTc6IkFwcFxNb2RlbHNcTW9kdWxlIjoyNzp7czoxMToiACoAZmlsbGFibGUiO2E6OTp7aTowO3M6NzoibWVudV9pZCI7aToxO3M6NDoidHlwZSI7aToyO3M6MTE6Im1vZHVsZV9uYW1lIjtpOjM7czoxMzoiZGl2aWRlcl90aXRsZSI7aTo0O3M6MTA6Imljb25fY2xhc3MiO2k6NTtzOjM6InVybCI7aTo2O3M6NToib3JkZXIiO2k6NztzOjk6InBhcmVudF9pZCI7aTo4O3M6NjoidGFyZ2V0Ijt9czoxMzoiACoAY29ubmVjdGlvbiI7czo1OiJteXNxbCI7czo4OiIAKgB0YWJsZSI7czo3OiJtb2R1bGVzIjtzOjEzOiIAKgBwcmltYXJ5S2V5IjtzOjI6ImlkIjtzOjEwOiIAKgBrZXlUeXBlIjtzOjM6ImludCI7czoxMjoiaW5jcmVtZW50aW5nIjtiOjE7czo3OiIAKgB3aXRoIjthOjA6e31zOjEyOiIAKgB3aXRoQ291bnQiO2E6MDp7fXM6MTA6IgAqAHBlclBhZ2UiO2k6MTU7czo2OiJleGlzdHMiO2I6MTtzOjE4OiJ3YXNSZWNlbnRseUNyZWF0ZWQiO2I6MDtzOjEzOiIAKgBhdHRyaWJ1dGVzIjthOjEyOntzOjI6ImlkIjtpOjIwO3M6NzoibWVudV9pZCI7aToxO3M6NDoidHlwZSI7czoxOiIyIjtzOjExOiJtb2R1bGVfbmFtZSI7czo4OiJDdXN0b21lciI7czoxMzoiZGl2aWRlcl90aXRsZSI7TjtzOjEwOiJpY29uX2NsYXNzIjtzOjExOiJmYXMgZmEtdXNlciI7czozOiJ1cmwiO3M6ODoiY3VzdG9tZXIiO3M6NToib3JkZXIiO2k6NjtzOjk6InBhcmVudF9pZCI7TjtzOjY6InRhcmdldCI7czo1OiJfc2VsZiI7czoxMDoiY3JlYXRlZF9hdCI7czoxOToiMjAyMC0xMi0yNCAxNDoyNjo1MiI7czoxMDoidXBkYXRlZF9hdCI7czoxOToiMjAyMS0wMi0wOCAxNDo0Nzo1NiI7fXM6MTE6IgAqAG9yaWdpbmFsIjthOjEyOntzOjI6ImlkIjtpOjIwO3M6NzoibWVudV9pZCI7aToxO3M6NDoidHlwZSI7czoxOiIyIjtzOjExOiJtb2R1bGVfbmFtZSI7czo4OiJDdXN0b21lciI7czoxMzoiZGl2aWRlcl90aXRsZSI7TjtzOjEwOiJpY29uX2NsYXNzIjtzOjExOiJmYXMgZmEtdXNlciI7czozOiJ1cmwiO3M6ODoiY3VzdG9tZXIiO3M6NToib3JkZXIiO2k6NjtzOjk6InBhcmVudF9pZCI7TjtzOjY6InRhcmdldCI7czo1OiJfc2VsZiI7czoxMDoiY3JlYXRlZF9hdCI7czoxOToiMjAyMC0xMi0yNCAxNDoyNjo1MiI7czoxMDoidXBkYXRlZF9hdCI7czoxOToiMjAyMS0wMi0wOCAxNDo0Nzo1NiI7fXM6MTA6IgAqAGNoYW5nZXMiO2E6MDp7fXM6ODoiACoAY2FzdHMiO2E6MDp7fXM6MTc6IgAqAGNsYXNzQ2FzdENhY2hlIjthOjA6e31zOjg6IgAqAGRhdGVzIjthOjA6e31zOjEzOiIAKgBkYXRlRm9ybWF0IjtOO3M6MTA6IgAqAGFwcGVuZHMiO2E6MDp7fXM6MTk6IgAqAGRpc3BhdGNoZXNFdmVudHMiO2E6MDp7fXM6MTQ6IgAqAG9ic2VydmFibGVzIjthOjA6e31zOjEyOiIAKgByZWxhdGlvbnMiO2E6MTp7czo4OiJjaGlsZHJlbiI7TzoyNjoiVHlwaUNNU1xOZXN0YWJsZUNvbGxlY3Rpb24iOjc6e3M6ODoiACoAdG90YWwiO2k6MDtzOjE1OiIAKgBwYXJlbnRDb2x1bW4iO3M6OToicGFyZW50X2lkIjtzOjMzOiIAKgByZW1vdmVJdGVtc1dpdGhNaXNzaW5nQW5jZXN0b3IiO2I6MTtzOjE0OiIAKgBpbmRlbnRDaGFycyI7czo4OiLCoMKgwqDCoCI7czoxNToiACoAY2hpbGRyZW5OYW1lIjtzOjU6Iml0ZW1zIjtzOjE3OiIAKgBwYXJlbnRSZWxhdGlvbiI7czo2OiJwYXJlbnQiO3M6ODoiACoAaXRlbXMiO2E6MDp7fX19czoxMDoiACoAdG91Y2hlcyI7YTowOnt9czoxMDoidGltZXN0YW1wcyI7YjoxO3M6OToiACoAaGlkZGVuIjthOjA6e31zOjEwOiIAKgB2aXNpYmxlIjthOjA6e31zOjEwOiIAKgBndWFyZGVkIjthOjE6e2k6MDtzOjE6IioiO319aTo2O086MTc6IkFwcFxNb2RlbHNcTW9kdWxlIjoyNzp7czoxMToiACoAZmlsbGFibGUiO2E6OTp7aTowO3M6NzoibWVudV9pZCI7aToxO3M6NDoidHlwZSI7aToyO3M6MTE6Im1vZHVsZV9uYW1lIjtpOjM7czoxMzoiZGl2aWRlcl90aXRsZSI7aTo0O3M6MTA6Imljb25fY2xhc3MiO2k6NTtzOjM6InVybCI7aTo2O3M6NToib3JkZXIiO2k6NztzOjk6InBhcmVudF9pZCI7aTo4O3M6NjoidGFyZ2V0Ijt9czoxMzoiACoAY29ubmVjdGlvbiI7czo1OiJteXNxbCI7czo4OiIAKgB0YWJsZSI7czo3OiJtb2R1bGVzIjtzOjEzOiIAKgBwcmltYXJ5S2V5IjtzOjI6ImlkIjtzOjEwOiIAKgBrZXlUeXBlIjtzOjM6ImludCI7czoxMjoiaW5jcmVtZW50aW5nIjtiOjE7czo3OiIAKgB3aXRoIjthOjA6e31zOjEyOiIAKgB3aXRoQ291bnQiO2E6MDp7fXM6MTA6IgAqAHBlclBhZ2UiO2k6MTU7czo2OiJleGlzdHMiO2I6MTtzOjE4OiJ3YXNSZWNlbnRseUNyZWF0ZWQiO2I6MDtzOjEzOiIAKgBhdHRyaWJ1dGVzIjthOjEyOntzOjI6ImlkIjtpOjE4O3M6NzoibWVudV9pZCI7aToxO3M6NDoidHlwZSI7czoxOiIyIjtzOjExOiJtb2R1bGVfbmFtZSI7czo4OiJTdXBwbGllciI7czoxMzoiZGl2aWRlcl90aXRsZSI7TjtzOjEwOiJpY29uX2NsYXNzIjtzOjE1OiJmYXMgZmEtdXNlci10aWUiO3M6MzoidXJsIjtzOjg6InN1cHBsaWVyIjtzOjU6Im9yZGVyIjtpOjc7czo5OiJwYXJlbnRfaWQiO047czo2OiJ0YXJnZXQiO3M6NToiX3NlbGYiO3M6MTA6ImNyZWF0ZWRfYXQiO3M6MTk6IjIwMjAtMTItMjMgMTc6MTQ6NTkiO3M6MTA6InVwZGF0ZWRfYXQiO3M6MTk6IjIwMjEtMDItMDggMTQ6NDg6MDUiO31zOjExOiIAKgBvcmlnaW5hbCI7YToxMjp7czoyOiJpZCI7aToxODtzOjc6Im1lbnVfaWQiO2k6MTtzOjQ6InR5cGUiO3M6MToiMiI7czoxMToibW9kdWxlX25hbWUiO3M6ODoiU3VwcGxpZXIiO3M6MTM6ImRpdmlkZXJfdGl0bGUiO047czoxMDoiaWNvbl9jbGFzcyI7czoxNToiZmFzIGZhLXVzZXItdGllIjtzOjM6InVybCI7czo4OiJzdXBwbGllciI7czo1OiJvcmRlciI7aTo3O3M6OToicGFyZW50X2lkIjtOO3M6NjoidGFyZ2V0IjtzOjU6Il9zZWxmIjtzOjEwOiJjcmVhdGVkX2F0IjtzOjE5OiIyMDIwLTEyLTIzIDE3OjE0OjU5IjtzOjEwOiJ1cGRhdGVkX2F0IjtzOjE5OiIyMDIxLTAyLTA4IDE0OjQ4OjA1Ijt9czoxMDoiACoAY2hhbmdlcyI7YTowOnt9czo4OiIAKgBjYXN0cyI7YTowOnt9czoxNzoiACoAY2xhc3NDYXN0Q2FjaGUiO2E6MDp7fXM6ODoiACoAZGF0ZXMiO2E6MDp7fXM6MTM6IgAqAGRhdGVGb3JtYXQiO047czoxMDoiACoAYXBwZW5kcyI7YTowOnt9czoxOToiACoAZGlzcGF0Y2hlc0V2ZW50cyI7YTowOnt9czoxNDoiACoAb2JzZXJ2YWJsZXMiO2E6MDp7fXM6MTI6IgAqAHJlbGF0aW9ucyI7YToxOntzOjg6ImNoaWxkcmVuIjtPOjI2OiJUeXBpQ01TXE5lc3RhYmxlQ29sbGVjdGlvbiI6Nzp7czo4OiIAKgB0b3RhbCI7aTowO3M6MTU6IgAqAHBhcmVudENvbHVtbiI7czo5OiJwYXJlbnRfaWQiO3M6MzM6IgAqAHJlbW92ZUl0ZW1zV2l0aE1pc3NpbmdBbmNlc3RvciI7YjoxO3M6MTQ6IgAqAGluZGVudENoYXJzIjtzOjg6IsKgwqDCoMKgIjtzOjE1OiIAKgBjaGlsZHJlbk5hbWUiO3M6NToiaXRlbXMiO3M6MTc6IgAqAHBhcmVudFJlbGF0aW9uIjtzOjY6InBhcmVudCI7czo4OiIAKgBpdGVtcyI7YTowOnt9fX1zOjEwOiIAKgB0b3VjaGVzIjthOjA6e31zOjEwOiJ0aW1lc3RhbXBzIjtiOjE7czo5OiIAKgBoaWRkZW4iO2E6MDp7fXM6MTA6IgAqAHZpc2libGUiO2E6MDp7fXM6MTA6IgAqAGd1YXJkZWQiO2E6MTp7aTowO3M6MToiKiI7fX1pOjc7TzoxNzoiQXBwXE1vZGVsc1xNb2R1bGUiOjI3OntzOjExOiIAKgBmaWxsYWJsZSI7YTo5OntpOjA7czo3OiJtZW51X2lkIjtpOjE7czo0OiJ0eXBlIjtpOjI7czoxMToibW9kdWxlX25hbWUiO2k6MztzOjEzOiJkaXZpZGVyX3RpdGxlIjtpOjQ7czoxMDoiaWNvbl9jbGFzcyI7aTo1O3M6MzoidXJsIjtpOjY7czo1OiJvcmRlciI7aTo3O3M6OToicGFyZW50X2lkIjtpOjg7czo2OiJ0YXJnZXQiO31zOjEzOiIAKgBjb25uZWN0aW9uIjtzOjU6Im15c3FsIjtzOjg6IgAqAHRhYmxlIjtzOjc6Im1vZHVsZXMiO3M6MTM6IgAqAHByaW1hcnlLZXkiO3M6MjoiaWQiO3M6MTA6IgAqAGtleVR5cGUiO3M6MzoiaW50IjtzOjEyOiJpbmNyZW1lbnRpbmciO2I6MTtzOjc6IgAqAHdpdGgiO2E6MDp7fXM6MTI6IgAqAHdpdGhDb3VudCI7YTowOnt9czoxMDoiACoAcGVyUGFnZSI7aToxNTtzOjY6ImV4aXN0cyI7YjoxO3M6MTg6Indhc1JlY2VudGx5Q3JlYXRlZCI7YjowO3M6MTM6IgAqAGF0dHJpYnV0ZXMiO2E6MTI6e3M6MjoiaWQiO2k6MzI7czo3OiJtZW51X2lkIjtpOjE7czo0OiJ0eXBlIjtzOjE6IjIiO3M6MTE6Im1vZHVsZV9uYW1lIjtzOjc6IkV4cGVuc2UiO3M6MTM6ImRpdmlkZXJfdGl0bGUiO047czoxMDoiaWNvbl9jbGFzcyI7czoyMjoiZmFzIGZhLW1vbmV5LWNoZWNrLWFsdCI7czozOiJ1cmwiO047czo1OiJvcmRlciI7aTo4O3M6OToicGFyZW50X2lkIjtOO3M6NjoidGFyZ2V0IjtzOjU6Il9zZWxmIjtzOjEwOiJjcmVhdGVkX2F0IjtzOjE5OiIyMDIxLTAxLTIyIDE4OjM0OjQ1IjtzOjEwOiJ1cGRhdGVkX2F0IjtzOjE5OiIyMDIxLTAyLTA4IDE0OjQ4OjA1Ijt9czoxMToiACoAb3JpZ2luYWwiO2E6MTI6e3M6MjoiaWQiO2k6MzI7czo3OiJtZW51X2lkIjtpOjE7czo0OiJ0eXBlIjtzOjE6IjIiO3M6MTE6Im1vZHVsZV9uYW1lIjtzOjc6IkV4cGVuc2UiO3M6MTM6ImRpdmlkZXJfdGl0bGUiO047czoxMDoiaWNvbl9jbGFzcyI7czoyMjoiZmFzIGZhLW1vbmV5LWNoZWNrLWFsdCI7czozOiJ1cmwiO047czo1OiJvcmRlciI7aTo4O3M6OToicGFyZW50X2lkIjtOO3M6NjoidGFyZ2V0IjtzOjU6Il9zZWxmIjtzOjEwOiJjcmVhdGVkX2F0IjtzOjE5OiIyMDIxLTAxLTIyIDE4OjM0OjQ1IjtzOjEwOiJ1cGRhdGVkX2F0IjtzOjE5OiIyMDIxLTAyLTA4IDE0OjQ4OjA1Ijt9czoxMDoiACoAY2hhbmdlcyI7YTowOnt9czo4OiIAKgBjYXN0cyI7YTowOnt9czoxNzoiACoAY2xhc3NDYXN0Q2FjaGUiO2E6MDp7fXM6ODoiACoAZGF0ZXMiO2E6MDp7fXM6MTM6IgAqAGRhdGVGb3JtYXQiO047czoxMDoiACoAYXBwZW5kcyI7YTowOnt9czoxOToiACoAZGlzcGF0Y2hlc0V2ZW50cyI7YTowOnt9czoxNDoiACoAb2JzZXJ2YWJsZXMiO2E6MDp7fXM6MTI6IgAqAHJlbGF0aW9ucyI7YToxOntzOjg6ImNoaWxkcmVuIjtPOjI2OiJUeXBpQ01TXE5lc3RhYmxlQ29sbGVjdGlvbiI6Nzp7czo4OiIAKgB0b3RhbCI7aToyO3M6MTU6IgAqAHBhcmVudENvbHVtbiI7czo5OiJwYXJlbnRfaWQiO3M6MzM6IgAqAHJlbW92ZUl0ZW1zV2l0aE1pc3NpbmdBbmNlc3RvciI7YjoxO3M6MTQ6IgAqAGluZGVudENoYXJzIjtzOjg6IsKgwqDCoMKgIjtzOjE1OiIAKgBjaGlsZHJlbk5hbWUiO3M6NToiaXRlbXMiO3M6MTc6IgAqAHBhcmVudFJlbGF0aW9uIjtzOjY6InBhcmVudCI7czo4OiIAKgBpdGVtcyI7YToyOntpOjA7TzoxNzoiQXBwXE1vZGVsc1xNb2R1bGUiOjI3OntzOjExOiIAKgBmaWxsYWJsZSI7YTo5OntpOjA7czo3OiJtZW51X2lkIjtpOjE7czo0OiJ0eXBlIjtpOjI7czoxMToibW9kdWxlX25hbWUiO2k6MztzOjEzOiJkaXZpZGVyX3RpdGxlIjtpOjQ7czoxMDoiaWNvbl9jbGFzcyI7aTo1O3M6MzoidXJsIjtpOjY7czo1OiJvcmRlciI7aTo3O3M6OToicGFyZW50X2lkIjtpOjg7czo2OiJ0YXJnZXQiO31zOjEzOiIAKgBjb25uZWN0aW9uIjtzOjU6Im15c3FsIjtzOjg6IgAqAHRhYmxlIjtzOjc6Im1vZHVsZXMiO3M6MTM6IgAqAHByaW1hcnlLZXkiO3M6MjoiaWQiO3M6MTA6IgAqAGtleVR5cGUiO3M6MzoiaW50IjtzOjEyOiJpbmNyZW1lbnRpbmciO2I6MTtzOjc6IgAqAHdpdGgiO2E6MDp7fXM6MTI6IgAqAHdpdGhDb3VudCI7YTowOnt9czoxMDoiACoAcGVyUGFnZSI7aToxNTtzOjY6ImV4aXN0cyI7YjoxO3M6MTg6Indhc1JlY2VudGx5Q3JlYXRlZCI7YjowO3M6MTM6IgAqAGF0dHJpYnV0ZXMiO2E6MTI6e3M6MjoiaWQiO2k6MzM7czo3OiJtZW51X2lkIjtpOjE7czo0OiJ0eXBlIjtzOjE6IjIiO3M6MTE6Im1vZHVsZV9uYW1lIjtzOjE2OiJFeHBlbnNlIENhdGVnb3J5IjtzOjEzOiJkaXZpZGVyX3RpdGxlIjtOO3M6MTA6Imljb25fY2xhc3MiO3M6MTE6ImZhcyBmYS1saXN0IjtzOjM6InVybCI7czoxNjoiZXhwZW5zZS9jYXRlZ29yeSI7czo1OiJvcmRlciI7aToxO3M6OToicGFyZW50X2lkIjtpOjMyO3M6NjoidGFyZ2V0IjtzOjU6Il9zZWxmIjtzOjEwOiJjcmVhdGVkX2F0IjtzOjE5OiIyMDIxLTAxLTIyIDE4OjM2OjI4IjtzOjEwOiJ1cGRhdGVkX2F0IjtzOjE5OiIyMDIxLTAxLTIyIDE4OjM5OjI3Ijt9czoxMToiACoAb3JpZ2luYWwiO2E6MTI6e3M6MjoiaWQiO2k6MzM7czo3OiJtZW51X2lkIjtpOjE7czo0OiJ0eXBlIjtzOjE6IjIiO3M6MTE6Im1vZHVsZV9uYW1lIjtzOjE2OiJFeHBlbnNlIENhdGVnb3J5IjtzOjEzOiJkaXZpZGVyX3RpdGxlIjtOO3M6MTA6Imljb25fY2xhc3MiO3M6MTE6ImZhcyBmYS1saXN0IjtzOjM6InVybCI7czoxNjoiZXhwZW5zZS9jYXRlZ29yeSI7czo1OiJvcmRlciI7aToxO3M6OToicGFyZW50X2lkIjtpOjMyO3M6NjoidGFyZ2V0IjtzOjU6Il9zZWxmIjtzOjEwOiJjcmVhdGVkX2F0IjtzOjE5OiIyMDIxLTAxLTIyIDE4OjM2OjI4IjtzOjEwOiJ1cGRhdGVkX2F0IjtzOjE5OiIyMDIxLTAxLTIyIDE4OjM5OjI3Ijt9czoxMDoiACoAY2hhbmdlcyI7YTowOnt9czo4OiIAKgBjYXN0cyI7YTowOnt9czoxNzoiACoAY2xhc3NDYXN0Q2FjaGUiO2E6MDp7fXM6ODoiACoAZGF0ZXMiO2E6MDp7fXM6MTM6IgAqAGRhdGVGb3JtYXQiO047czoxMDoiACoAYXBwZW5kcyI7YTowOnt9czoxOToiACoAZGlzcGF0Y2hlc0V2ZW50cyI7YTowOnt9czoxNDoiACoAb2JzZXJ2YWJsZXMiO2E6MDp7fXM6MTI6IgAqAHJlbGF0aW9ucyI7YTowOnt9czoxMDoiACoAdG91Y2hlcyI7YTowOnt9czoxMDoidGltZXN0YW1wcyI7YjoxO3M6OToiACoAaGlkZGVuIjthOjA6e31zOjEwOiIAKgB2aXNpYmxlIjthOjA6e31zOjEwOiIAKgBndWFyZGVkIjthOjE6e2k6MDtzOjE6IioiO319aToxO086MTc6IkFwcFxNb2RlbHNcTW9kdWxlIjoyNzp7czoxMToiACoAZmlsbGFibGUiO2E6OTp7aTowO3M6NzoibWVudV9pZCI7aToxO3M6NDoidHlwZSI7aToyO3M6MTE6Im1vZHVsZV9uYW1lIjtpOjM7czoxMzoiZGl2aWRlcl90aXRsZSI7aTo0O3M6MTA6Imljb25fY2xhc3MiO2k6NTtzOjM6InVybCI7aTo2O3M6NToib3JkZXIiO2k6NztzOjk6InBhcmVudF9pZCI7aTo4O3M6NjoidGFyZ2V0Ijt9czoxMzoiACoAY29ubmVjdGlvbiI7czo1OiJteXNxbCI7czo4OiIAKgB0YWJsZSI7czo3OiJtb2R1bGVzIjtzOjEzOiIAKgBwcmltYXJ5S2V5IjtzOjI6ImlkIjtzOjEwOiIAKgBrZXlUeXBlIjtzOjM6ImludCI7czoxMjoiaW5jcmVtZW50aW5nIjtiOjE7czo3OiIAKgB3aXRoIjthOjA6e31zOjEyOiIAKgB3aXRoQ291bnQiO2E6MDp7fXM6MTA6IgAqAHBlclBhZ2UiO2k6MTU7czo2OiJleGlzdHMiO2I6MTtzOjE4OiJ3YXNSZWNlbnRseUNyZWF0ZWQiO2I6MDtzOjEzOiIAKgBhdHRyaWJ1dGVzIjthOjEyOntzOjI6ImlkIjtpOjM0O3M6NzoibWVudV9pZCI7aToxO3M6NDoidHlwZSI7czoxOiIyIjtzOjExOiJtb2R1bGVfbmFtZSI7czoxNDoiTWFuYWdlIEV4cGVuc2UiO3M6MTM6ImRpdmlkZXJfdGl0bGUiO047czoxMDoiaWNvbl9jbGFzcyI7czoxODoiZmFzIGZhLWNyZWRpdC1jYXJkIjtzOjM6InVybCI7czo3OiJleHBlbnNlIjtzOjU6Im9yZGVyIjtpOjI7czo5OiJwYXJlbnRfaWQiO2k6MzI7czo2OiJ0YXJnZXQiO3M6NToiX3NlbGYiO3M6MTA6ImNyZWF0ZWRfYXQiO3M6MTk6IjIwMjEtMDEtMjIgMTg6NDA6MDMiO3M6MTA6InVwZGF0ZWRfYXQiO3M6MTk6IjIwMjEtMDEtMjIgMTg6NDA6MTQiO31zOjExOiIAKgBvcmlnaW5hbCI7YToxMjp7czoyOiJpZCI7aTozNDtzOjc6Im1lbnVfaWQiO2k6MTtzOjQ6InR5cGUiO3M6MToiMiI7czoxMToibW9kdWxlX25hbWUiO3M6MTQ6Ik1hbmFnZSBFeHBlbnNlIjtzOjEzOiJkaXZpZGVyX3RpdGxlIjtOO3M6MTA6Imljb25fY2xhc3MiO3M6MTg6ImZhcyBmYS1jcmVkaXQtY2FyZCI7czozOiJ1cmwiO3M6NzoiZXhwZW5zZSI7czo1OiJvcmRlciI7aToyO3M6OToicGFyZW50X2lkIjtpOjMyO3M6NjoidGFyZ2V0IjtzOjU6Il9zZWxmIjtzOjEwOiJjcmVhdGVkX2F0IjtzOjE5OiIyMDIxLTAxLTIyIDE4OjQwOjAzIjtzOjEwOiJ1cGRhdGVkX2F0IjtzOjE5OiIyMDIxLTAxLTIyIDE4OjQwOjE0Ijt9czoxMDoiACoAY2hhbmdlcyI7YTowOnt9czo4OiIAKgBjYXN0cyI7YTowOnt9czoxNzoiACoAY2xhc3NDYXN0Q2FjaGUiO2E6MDp7fXM6ODoiACoAZGF0ZXMiO2E6MDp7fXM6MTM6IgAqAGRhdGVGb3JtYXQiO047czoxMDoiACoAYXBwZW5kcyI7YTowOnt9czoxOToiACoAZGlzcGF0Y2hlc0V2ZW50cyI7YTowOnt9czoxNDoiACoAb2JzZXJ2YWJsZXMiO2E6MDp7fXM6MTI6IgAqAHJlbGF0aW9ucyI7YTowOnt9czoxMDoiACoAdG91Y2hlcyI7YTowOnt9czoxMDoidGltZXN0YW1wcyI7YjoxO3M6OToiACoAaGlkZGVuIjthOjA6e31zOjEwOiIAKgB2aXNpYmxlIjthOjA6e31zOjEwOiIAKgBndWFyZGVkIjthOjE6e2k6MDtzOjE6IioiO319fX19czoxMDoiACoAdG91Y2hlcyI7YTowOnt9czoxMDoidGltZXN0YW1wcyI7YjoxO3M6OToiACoAaGlkZGVuIjthOjA6e31zOjEwOiIAKgB2aXNpYmxlIjthOjA6e31zOjEwOiIAKgBndWFyZGVkIjthOjE6e2k6MDtzOjE6IioiO319aTo4O086MTc6IkFwcFxNb2RlbHNcTW9kdWxlIjoyNzp7czoxMToiACoAZmlsbGFibGUiO2E6OTp7aTowO3M6NzoibWVudV9pZCI7aToxO3M6NDoidHlwZSI7aToyO3M6MTE6Im1vZHVsZV9uYW1lIjtpOjM7czoxMzoiZGl2aWRlcl90aXRsZSI7aTo0O3M6MTA6Imljb25fY2xhc3MiO2k6NTtzOjM6InVybCI7aTo2O3M6NToib3JkZXIiO2k6NztzOjk6InBhcmVudF9pZCI7aTo4O3M6NjoidGFyZ2V0Ijt9czoxMzoiACoAY29ubmVjdGlvbiI7czo1OiJteXNxbCI7czo4OiIAKgB0YWJsZSI7czo3OiJtb2R1bGVzIjtzOjEzOiIAKgBwcmltYXJ5S2V5IjtzOjI6ImlkIjtzOjEwOiIAKgBrZXlUeXBlIjtzOjM6ImludCI7czoxMjoiaW5jcmVtZW50aW5nIjtiOjE7czo3OiIAKgB3aXRoIjthOjA6e31zOjEyOiIAKgB3aXRoQ291bnQiO2E6MDp7fXM6MTA6IgAqAHBlclBhZ2UiO2k6MTU7czo2OiJleGlzdHMiO2I6MTtzOjE4OiJ3YXNSZWNlbnRseUNyZWF0ZWQiO2I6MDtzOjEzOiIAKgBhdHRyaWJ1dGVzIjthOjEyOntzOjI6ImlkIjtpOjMwO3M6NzoibWVudV9pZCI7aToxO3M6NDoidHlwZSI7czoxOiIyIjtzOjExOiJtb2R1bGVfbmFtZSI7czoxMDoiQWNjb3VudGluZyI7czoxMzoiZGl2aWRlcl90aXRsZSI7TjtzOjEwOiJpY29uX2NsYXNzIjtzOjIyOiJmYXMgZmEtbW9uZXktY2hlY2stYWx0IjtzOjM6InVybCI7TjtzOjU6Im9yZGVyIjtpOjk7czo5OiJwYXJlbnRfaWQiO047czo2OiJ0YXJnZXQiO3M6NToiX3NlbGYiO3M6MTA6ImNyZWF0ZWRfYXQiO3M6MTk6IjIwMjEtMDEtMjEgMTQ6NDU6MTQiO3M6MTA6InVwZGF0ZWRfYXQiO3M6MTk6IjIwMjEtMDItMDggMTQ6NDg6MTMiO31zOjExOiIAKgBvcmlnaW5hbCI7YToxMjp7czoyOiJpZCI7aTozMDtzOjc6Im1lbnVfaWQiO2k6MTtzOjQ6InR5cGUiO3M6MToiMiI7czoxMToibW9kdWxlX25hbWUiO3M6MTA6IkFjY291bnRpbmciO3M6MTM6ImRpdmlkZXJfdGl0bGUiO047czoxMDoiaWNvbl9jbGFzcyI7czoyMjoiZmFzIGZhLW1vbmV5LWNoZWNrLWFsdCI7czozOiJ1cmwiO047czo1OiJvcmRlciI7aTo5O3M6OToicGFyZW50X2lkIjtOO3M6NjoidGFyZ2V0IjtzOjU6Il9zZWxmIjtzOjEwOiJjcmVhdGVkX2F0IjtzOjE5OiIyMDIxLTAxLTIxIDE0OjQ1OjE0IjtzOjEwOiJ1cGRhdGVkX2F0IjtzOjE5OiIyMDIxLTAyLTA4IDE0OjQ4OjEzIjt9czoxMDoiACoAY2hhbmdlcyI7YTowOnt9czo4OiIAKgBjYXN0cyI7YTowOnt9czoxNzoiACoAY2xhc3NDYXN0Q2FjaGUiO2E6MDp7fXM6ODoiACoAZGF0ZXMiO2E6MDp7fXM6MTM6IgAqAGRhdGVGb3JtYXQiO047czoxMDoiACoAYXBwZW5kcyI7YTowOnt9czoxOToiACoAZGlzcGF0Y2hlc0V2ZW50cyI7YTowOnt9czoxNDoiACoAb2JzZXJ2YWJsZXMiO2E6MDp7fXM6MTI6IgAqAHJlbGF0aW9ucyI7YToxOntzOjg6ImNoaWxkcmVuIjtPOjI2OiJUeXBpQ01TXE5lc3RhYmxlQ29sbGVjdGlvbiI6Nzp7czo4OiIAKgB0b3RhbCI7aToyO3M6MTU6IgAqAHBhcmVudENvbHVtbiI7czo5OiJwYXJlbnRfaWQiO3M6MzM6IgAqAHJlbW92ZUl0ZW1zV2l0aE1pc3NpbmdBbmNlc3RvciI7YjoxO3M6MTQ6IgAqAGluZGVudENoYXJzIjtzOjg6IsKgwqDCoMKgIjtzOjE1OiIAKgBjaGlsZHJlbk5hbWUiO3M6NToiaXRlbXMiO3M6MTc6IgAqAHBhcmVudFJlbGF0aW9uIjtzOjY6InBhcmVudCI7czo4OiIAKgBpdGVtcyI7YToyOntpOjA7TzoxNzoiQXBwXE1vZGVsc1xNb2R1bGUiOjI3OntzOjExOiIAKgBmaWxsYWJsZSI7YTo5OntpOjA7czo3OiJtZW51X2lkIjtpOjE7czo0OiJ0eXBlIjtpOjI7czoxMToibW9kdWxlX25hbWUiO2k6MztzOjEzOiJkaXZpZGVyX3RpdGxlIjtpOjQ7czoxMDoiaWNvbl9jbGFzcyI7aTo1O3M6MzoidXJsIjtpOjY7czo1OiJvcmRlciI7aTo3O3M6OToicGFyZW50X2lkIjtpOjg7czo2OiJ0YXJnZXQiO31zOjEzOiIAKgBjb25uZWN0aW9uIjtzOjU6Im15c3FsIjtzOjg6IgAqAHRhYmxlIjtzOjc6Im1vZHVsZXMiO3M6MTM6IgAqAHByaW1hcnlLZXkiO3M6MjoiaWQiO3M6MTA6IgAqAGtleVR5cGUiO3M6MzoiaW50IjtzOjEyOiJpbmNyZW1lbnRpbmciO2I6MTtzOjc6IgAqAHdpdGgiO2E6MDp7fXM6MTI6IgAqAHdpdGhDb3VudCI7YTowOnt9czoxMDoiACoAcGVyUGFnZSI7aToxNTtzOjY6ImV4aXN0cyI7YjoxO3M6MTg6Indhc1JlY2VudGx5Q3JlYXRlZCI7YjowO3M6MTM6IgAqAGF0dHJpYnV0ZXMiO2E6MTI6e3M6MjoiaWQiO2k6MzE7czo3OiJtZW51X2lkIjtpOjE7czo0OiJ0eXBlIjtzOjE6IjIiO3M6MTE6Im1vZHVsZV9uYW1lIjtzOjE0OiJNYW5hZ2UgQWNjb3VudCI7czoxMzoiZGl2aWRlcl90aXRsZSI7TjtzOjEwOiJpY29uX2NsYXNzIjtzOjIxOiJmYXMgZmEtbW9uZXktYmlsbC1hbHQiO3M6MzoidXJsIjtzOjc6ImFjY291bnQiO3M6NToib3JkZXIiO2k6MTtzOjk6InBhcmVudF9pZCI7aTozMDtzOjY6InRhcmdldCI7czo1OiJfc2VsZiI7czoxMDoiY3JlYXRlZF9hdCI7czoxOToiMjAyMS0wMS0yMSAxNDo0Njo0NiI7czoxMDoidXBkYXRlZF9hdCI7czoxOToiMjAyMS0wMS0yMSAxNDo0Njo1NSI7fXM6MTE6IgAqAG9yaWdpbmFsIjthOjEyOntzOjI6ImlkIjtpOjMxO3M6NzoibWVudV9pZCI7aToxO3M6NDoidHlwZSI7czoxOiIyIjtzOjExOiJtb2R1bGVfbmFtZSI7czoxNDoiTWFuYWdlIEFjY291bnQiO3M6MTM6ImRpdmlkZXJfdGl0bGUiO047czoxMDoiaWNvbl9jbGFzcyI7czoyMToiZmFzIGZhLW1vbmV5LWJpbGwtYWx0IjtzOjM6InVybCI7czo3OiJhY2NvdW50IjtzOjU6Im9yZGVyIjtpOjE7czo5OiJwYXJlbnRfaWQiO2k6MzA7czo2OiJ0YXJnZXQiO3M6NToiX3NlbGYiO3M6MTA6ImNyZWF0ZWRfYXQiO3M6MTk6IjIwMjEtMDEtMjEgMTQ6NDY6NDYiO3M6MTA6InVwZGF0ZWRfYXQiO3M6MTk6IjIwMjEtMDEtMjEgMTQ6NDY6NTUiO31zOjEwOiIAKgBjaGFuZ2VzIjthOjA6e31zOjg6IgAqAGNhc3RzIjthOjA6e31zOjE3OiIAKgBjbGFzc0Nhc3RDYWNoZSI7YTowOnt9czo4OiIAKgBkYXRlcyI7YTowOnt9czoxMzoiACoAZGF0ZUZvcm1hdCI7TjtzOjEwOiIAKgBhcHBlbmRzIjthOjA6e31zOjE5OiIAKgBkaXNwYXRjaGVzRXZlbnRzIjthOjA6e31zOjE0OiIAKgBvYnNlcnZhYmxlcyI7YTowOnt9czoxMjoiACoAcmVsYXRpb25zIjthOjA6e31zOjEwOiIAKgB0b3VjaGVzIjthOjA6e31zOjEwOiJ0aW1lc3RhbXBzIjtiOjE7czo5OiIAKgBoaWRkZW4iO2E6MDp7fXM6MTA6IgAqAHZpc2libGUiO2E6MDp7fXM6MTA6IgAqAGd1YXJkZWQiO2E6MTp7aTowO3M6MToiKiI7fX1pOjE7TzoxNzoiQXBwXE1vZGVsc1xNb2R1bGUiOjI3OntzOjExOiIAKgBmaWxsYWJsZSI7YTo5OntpOjA7czo3OiJtZW51X2lkIjtpOjE7czo0OiJ0eXBlIjtpOjI7czoxMToibW9kdWxlX25hbWUiO2k6MztzOjEzOiJkaXZpZGVyX3RpdGxlIjtpOjQ7czoxMDoiaWNvbl9jbGFzcyI7aTo1O3M6MzoidXJsIjtpOjY7czo1OiJvcmRlciI7aTo3O3M6OToicGFyZW50X2lkIjtpOjg7czo2OiJ0YXJnZXQiO31zOjEzOiIAKgBjb25uZWN0aW9uIjtzOjU6Im15c3FsIjtzOjg6IgAqAHRhYmxlIjtzOjc6Im1vZHVsZXMiO3M6MTM6IgAqAHByaW1hcnlLZXkiO3M6MjoiaWQiO3M6MTA6IgAqAGtleVR5cGUiO3M6MzoiaW50IjtzOjEyOiJpbmNyZW1lbnRpbmciO2I6MTtzOjc6IgAqAHdpdGgiO2E6MDp7fXM6MTI6IgAqAHdpdGhDb3VudCI7YTowOnt9czoxMDoiACoAcGVyUGFnZSI7aToxNTtzOjY6ImV4aXN0cyI7YjoxO3M6MTg6Indhc1JlY2VudGx5Q3JlYXRlZCI7YjowO3M6MTM6IgAqAGF0dHJpYnV0ZXMiO2E6MTI6e3M6MjoiaWQiO2k6NDU7czo3OiJtZW51X2lkIjtpOjE7czo0OiJ0eXBlIjtzOjE6IjIiO3M6MTE6Im1vZHVsZV9uYW1lIjtzOjEzOiJCYWxhbmNlIFNoZWV0IjtzOjEzOiJkaXZpZGVyX3RpdGxlIjtOO3M6MTA6Imljb25fY2xhc3MiO3M6MjY6ImZhcyBmYS1maWxlLWludm9pY2UtZG9sbGFyIjtzOjM6InVybCI7czoxMzoiYmFsYW5jZS1zaGVldCI7czo1OiJvcmRlciI7aToyO3M6OToicGFyZW50X2lkIjtpOjMwO3M6NjoidGFyZ2V0IjtzOjU6Il9zZWxmIjtzOjEwOiJjcmVhdGVkX2F0IjtzOjE5OiIyMDIxLTAyLTA3IDE2OjE2OjMzIjtzOjEwOiJ1cGRhdGVkX2F0IjtzOjE5OiIyMDIxLTAyLTA3IDE2OjE3OjEzIjt9czoxMToiACoAb3JpZ2luYWwiO2E6MTI6e3M6MjoiaWQiO2k6NDU7czo3OiJtZW51X2lkIjtpOjE7czo0OiJ0eXBlIjtzOjE6IjIiO3M6MTE6Im1vZHVsZV9uYW1lIjtzOjEzOiJCYWxhbmNlIFNoZWV0IjtzOjEzOiJkaXZpZGVyX3RpdGxlIjtOO3M6MTA6Imljb25fY2xhc3MiO3M6MjY6ImZhcyBmYS1maWxlLWludm9pY2UtZG9sbGFyIjtzOjM6InVybCI7czoxMzoiYmFsYW5jZS1zaGVldCI7czo1OiJvcmRlciI7aToyO3M6OToicGFyZW50X2lkIjtpOjMwO3M6NjoidGFyZ2V0IjtzOjU6Il9zZWxmIjtzOjEwOiJjcmVhdGVkX2F0IjtzOjE5OiIyMDIxLTAyLTA3IDE2OjE2OjMzIjtzOjEwOiJ1cGRhdGVkX2F0IjtzOjE5OiIyMDIxLTAyLTA3IDE2OjE3OjEzIjt9czoxMDoiACoAY2hhbmdlcyI7YTowOnt9czo4OiIAKgBjYXN0cyI7YTowOnt9czoxNzoiACoAY2xhc3NDYXN0Q2FjaGUiO2E6MDp7fXM6ODoiACoAZGF0ZXMiO2E6MDp7fXM6MTM6IgAqAGRhdGVGb3JtYXQiO047czoxMDoiACoAYXBwZW5kcyI7YTowOnt9czoxOToiACoAZGlzcGF0Y2hlc0V2ZW50cyI7YTowOnt9czoxNDoiACoAb2JzZXJ2YWJsZXMiO2E6MDp7fXM6MTI6IgAqAHJlbGF0aW9ucyI7YTowOnt9czoxMDoiACoAdG91Y2hlcyI7YTowOnt9czoxMDoidGltZXN0YW1wcyI7YjoxO3M6OToiACoAaGlkZGVuIjthOjA6e31zOjEwOiIAKgB2aXNpYmxlIjthOjA6e31zOjEwOiIAKgBndWFyZGVkIjthOjE6e2k6MDtzOjE6IioiO319fX19czoxMDoiACoAdG91Y2hlcyI7YTowOnt9czoxMDoidGltZXN0YW1wcyI7YjoxO3M6OToiACoAaGlkZGVuIjthOjA6e31zOjEwOiIAKgB2aXNpYmxlIjthOjA6e31zOjEwOiIAKgBndWFyZGVkIjthOjE6e2k6MDtzOjE6IioiO319aTo5O086MTc6IkFwcFxNb2RlbHNcTW9kdWxlIjoyNzp7czoxMToiACoAZmlsbGFibGUiO2E6OTp7aTowO3M6NzoibWVudV9pZCI7aToxO3M6NDoidHlwZSI7aToyO3M6MTE6Im1vZHVsZV9uYW1lIjtpOjM7czoxMzoiZGl2aWRlcl90aXRsZSI7aTo0O3M6MTA6Imljb25fY2xhc3MiO2k6NTtzOjM6InVybCI7aTo2O3M6NToib3JkZXIiO2k6NztzOjk6InBhcmVudF9pZCI7aTo4O3M6NjoidGFyZ2V0Ijt9czoxMzoiACoAY29ubmVjdGlvbiI7czo1OiJteXNxbCI7czo4OiIAKgB0YWJsZSI7czo3OiJtb2R1bGVzIjtzOjEzOiIAKgBwcmltYXJ5S2V5IjtzOjI6ImlkIjtzOjEwOiIAKgBrZXlUeXBlIjtzOjM6ImludCI7czoxMjoiaW5jcmVtZW50aW5nIjtiOjE7czo3OiIAKgB3aXRoIjthOjA6e31zOjEyOiIAKgB3aXRoQ291bnQiO2E6MDp7fXM6MTA6IgAqAHBlclBhZ2UiO2k6MTU7czo2OiJleGlzdHMiO2I6MTtzOjE4OiJ3YXNSZWNlbnRseUNyZWF0ZWQiO2I6MDtzOjEzOiIAKgBhdHRyaWJ1dGVzIjthOjEyOntzOjI6ImlkIjtpOjM4O3M6NzoibWVudV9pZCI7aToxO3M6NDoidHlwZSI7czoxOiIyIjtzOjExOiJtb2R1bGVfbmFtZSI7czozOiJIUk0iO3M6MTM6ImRpdmlkZXJfdGl0bGUiO047czoxMDoiaWNvbl9jbGFzcyI7czoxODoiZmFzIGZhLXVzZXItc2hpZWxkIjtzOjM6InVybCI7TjtzOjU6Im9yZGVyIjtpOjEwO3M6OToicGFyZW50X2lkIjtOO3M6NjoidGFyZ2V0IjtzOjU6Il9zZWxmIjtzOjEwOiJjcmVhdGVkX2F0IjtzOjE5OiIyMDIxLTAyLTAyIDE0OjQxOjQ1IjtzOjEwOiJ1cGRhdGVkX2F0IjtzOjE5OiIyMDIxLTAyLTA4IDE0OjQ4OjI1Ijt9czoxMToiACoAb3JpZ2luYWwiO2E6MTI6e3M6MjoiaWQiO2k6Mzg7czo3OiJtZW51X2lkIjtpOjE7czo0OiJ0eXBlIjtzOjE6IjIiO3M6MTE6Im1vZHVsZV9uYW1lIjtzOjM6IkhSTSI7czoxMzoiZGl2aWRlcl90aXRsZSI7TjtzOjEwOiJpY29uX2NsYXNzIjtzOjE4OiJmYXMgZmEtdXNlci1zaGllbGQiO3M6MzoidXJsIjtOO3M6NToib3JkZXIiO2k6MTA7czo5OiJwYXJlbnRfaWQiO047czo2OiJ0YXJnZXQiO3M6NToiX3NlbGYiO3M6MTA6ImNyZWF0ZWRfYXQiO3M6MTk6IjIwMjEtMDItMDIgMTQ6NDE6NDUiO3M6MTA6InVwZGF0ZWRfYXQiO3M6MTk6IjIwMjEtMDItMDggMTQ6NDg6MjUiO31zOjEwOiIAKgBjaGFuZ2VzIjthOjA6e31zOjg6IgAqAGNhc3RzIjthOjA6e31zOjE3OiIAKgBjbGFzc0Nhc3RDYWNoZSI7YTowOnt9czo4OiIAKgBkYXRlcyI7YTowOnt9czoxMzoiACoAZGF0ZUZvcm1hdCI7TjtzOjEwOiIAKgBhcHBlbmRzIjthOjA6e31zOjE5OiIAKgBkaXNwYXRjaGVzRXZlbnRzIjthOjA6e31zOjE0OiIAKgBvYnNlcnZhYmxlcyI7YTowOnt9czoxMjoiACoAcmVsYXRpb25zIjthOjE6e3M6ODoiY2hpbGRyZW4iO086MjY6IlR5cGlDTVNcTmVzdGFibGVDb2xsZWN0aW9uIjo3OntzOjg6IgAqAHRvdGFsIjtpOjQ7czoxNToiACoAcGFyZW50Q29sdW1uIjtzOjk6InBhcmVudF9pZCI7czozMzoiACoAcmVtb3ZlSXRlbXNXaXRoTWlzc2luZ0FuY2VzdG9yIjtiOjE7czoxNDoiACoAaW5kZW50Q2hhcnMiO3M6ODoiwqDCoMKgwqAiO3M6MTU6IgAqAGNoaWxkcmVuTmFtZSI7czo1OiJpdGVtcyI7czoxNzoiACoAcGFyZW50UmVsYXRpb24iO3M6NjoicGFyZW50IjtzOjg6IgAqAGl0ZW1zIjthOjQ6e2k6MDtPOjE3OiJBcHBcTW9kZWxzXE1vZHVsZSI6Mjc6e3M6MTE6IgAqAGZpbGxhYmxlIjthOjk6e2k6MDtzOjc6Im1lbnVfaWQiO2k6MTtzOjQ6InR5cGUiO2k6MjtzOjExOiJtb2R1bGVfbmFtZSI7aTozO3M6MTM6ImRpdmlkZXJfdGl0bGUiO2k6NDtzOjEwOiJpY29uX2NsYXNzIjtpOjU7czozOiJ1cmwiO2k6NjtzOjU6Im9yZGVyIjtpOjc7czo5OiJwYXJlbnRfaWQiO2k6ODtzOjY6InRhcmdldCI7fXM6MTM6IgAqAGNvbm5lY3Rpb24iO3M6NToibXlzcWwiO3M6ODoiACoAdGFibGUiO3M6NzoibW9kdWxlcyI7czoxMzoiACoAcHJpbWFyeUtleSI7czoyOiJpZCI7czoxMDoiACoAa2V5VHlwZSI7czozOiJpbnQiO3M6MTI6ImluY3JlbWVudGluZyI7YjoxO3M6NzoiACoAd2l0aCI7YTowOnt9czoxMjoiACoAd2l0aENvdW50IjthOjA6e31zOjEwOiIAKgBwZXJQYWdlIjtpOjE1O3M6NjoiZXhpc3RzIjtiOjE7czoxODoid2FzUmVjZW50bHlDcmVhdGVkIjtiOjA7czoxMzoiACoAYXR0cmlidXRlcyI7YToxMjp7czoyOiJpZCI7aTozOTtzOjc6Im1lbnVfaWQiO2k6MTtzOjQ6InR5cGUiO3M6MToiMiI7czoxMToibW9kdWxlX25hbWUiO3M6MTA6IkRlcGFydG1lbnQiO3M6MTM6ImRpdmlkZXJfdGl0bGUiO047czoxMDoiaWNvbl9jbGFzcyI7czoyMDoiZmFzIGZhLW5ldHdvcmstd2lyZWQiO3M6MzoidXJsIjtzOjEwOiJkZXBhcnRtZW50IjtzOjU6Im9yZGVyIjtpOjE7czo5OiJwYXJlbnRfaWQiO2k6Mzg7czo2OiJ0YXJnZXQiO3M6NToiX3NlbGYiO3M6MTA6ImNyZWF0ZWRfYXQiO3M6MTk6IjIwMjEtMDItMDIgMTQ6NDI6MjYiO3M6MTA6InVwZGF0ZWRfYXQiO3M6MTk6IjIwMjEtMDItMDIgMTQ6NDM6MjAiO31zOjExOiIAKgBvcmlnaW5hbCI7YToxMjp7czoyOiJpZCI7aTozOTtzOjc6Im1lbnVfaWQiO2k6MTtzOjQ6InR5cGUiO3M6MToiMiI7czoxMToibW9kdWxlX25hbWUiO3M6MTA6IkRlcGFydG1lbnQiO3M6MTM6ImRpdmlkZXJfdGl0bGUiO047czoxMDoiaWNvbl9jbGFzcyI7czoyMDoiZmFzIGZhLW5ldHdvcmstd2lyZWQiO3M6MzoidXJsIjtzOjEwOiJkZXBhcnRtZW50IjtzOjU6Im9yZGVyIjtpOjE7czo5OiJwYXJlbnRfaWQiO2k6Mzg7czo2OiJ0YXJnZXQiO3M6NToiX3NlbGYiO3M6MTA6ImNyZWF0ZWRfYXQiO3M6MTk6IjIwMjEtMDItMDIgMTQ6NDI6MjYiO3M6MTA6InVwZGF0ZWRfYXQiO3M6MTk6IjIwMjEtMDItMDIgMTQ6NDM6MjAiO31zOjEwOiIAKgBjaGFuZ2VzIjthOjA6e31zOjg6IgAqAGNhc3RzIjthOjA6e31zOjE3OiIAKgBjbGFzc0Nhc3RDYWNoZSI7YTowOnt9czo4OiIAKgBkYXRlcyI7YTowOnt9czoxMzoiACoAZGF0ZUZvcm1hdCI7TjtzOjEwOiIAKgBhcHBlbmRzIjthOjA6e31zOjE5OiIAKgBkaXNwYXRjaGVzRXZlbnRzIjthOjA6e31zOjE0OiIAKgBvYnNlcnZhYmxlcyI7YTowOnt9czoxMjoiACoAcmVsYXRpb25zIjthOjA6e31zOjEwOiIAKgB0b3VjaGVzIjthOjA6e31zOjEwOiJ0aW1lc3RhbXBzIjtiOjE7czo5OiIAKgBoaWRkZW4iO2E6MDp7fXM6MTA6IgAqAHZpc2libGUiO2E6MDp7fXM6MTA6IgAqAGd1YXJkZWQiO2E6MTp7aTowO3M6MToiKiI7fX1pOjE7TzoxNzoiQXBwXE1vZGVsc1xNb2R1bGUiOjI3OntzOjExOiIAKgBmaWxsYWJsZSI7YTo5OntpOjA7czo3OiJtZW51X2lkIjtpOjE7czo0OiJ0eXBlIjtpOjI7czoxMToibW9kdWxlX25hbWUiO2k6MztzOjEzOiJkaXZpZGVyX3RpdGxlIjtpOjQ7czoxMDoiaWNvbl9jbGFzcyI7aTo1O3M6MzoidXJsIjtpOjY7czo1OiJvcmRlciI7aTo3O3M6OToicGFyZW50X2lkIjtpOjg7czo2OiJ0YXJnZXQiO31zOjEzOiIAKgBjb25uZWN0aW9uIjtzOjU6Im15c3FsIjtzOjg6IgAqAHRhYmxlIjtzOjc6Im1vZHVsZXMiO3M6MTM6IgAqAHByaW1hcnlLZXkiO3M6MjoiaWQiO3M6MTA6IgAqAGtleVR5cGUiO3M6MzoiaW50IjtzOjEyOiJpbmNyZW1lbnRpbmciO2I6MTtzOjc6IgAqAHdpdGgiO2E6MDp7fXM6MTI6IgAqAHdpdGhDb3VudCI7YTowOnt9czoxMDoiACoAcGVyUGFnZSI7aToxNTtzOjY6ImV4aXN0cyI7YjoxO3M6MTg6Indhc1JlY2VudGx5Q3JlYXRlZCI7YjowO3M6MTM6IgAqAGF0dHJpYnV0ZXMiO2E6MTI6e3M6MjoiaWQiO2k6NDA7czo3OiJtZW51X2lkIjtpOjE7czo0OiJ0eXBlIjtzOjE6IjIiO3M6MTE6Im1vZHVsZV9uYW1lIjtzOjg6IkVtcGxveWVlIjtzOjEzOiJkaXZpZGVyX3RpdGxlIjtOO3M6MTA6Imljb25fY2xhc3MiO3M6MTI6ImZhcyBmYS11c2VycyI7czozOiJ1cmwiO3M6ODoiZW1wbG95ZWUiO3M6NToib3JkZXIiO2k6MjtzOjk6InBhcmVudF9pZCI7aTozODtzOjY6InRhcmdldCI7czo1OiJfc2VsZiI7czoxMDoiY3JlYXRlZF9hdCI7czoxOToiMjAyMS0wMi0wMiAxNDo1MTowNiI7czoxMDoidXBkYXRlZF9hdCI7czoxOToiMjAyMS0wMi0wMiAxNDo1Nzo1MCI7fXM6MTE6IgAqAG9yaWdpbmFsIjthOjEyOntzOjI6ImlkIjtpOjQwO3M6NzoibWVudV9pZCI7aToxO3M6NDoidHlwZSI7czoxOiIyIjtzOjExOiJtb2R1bGVfbmFtZSI7czo4OiJFbXBsb3llZSI7czoxMzoiZGl2aWRlcl90aXRsZSI7TjtzOjEwOiJpY29uX2NsYXNzIjtzOjEyOiJmYXMgZmEtdXNlcnMiO3M6MzoidXJsIjtzOjg6ImVtcGxveWVlIjtzOjU6Im9yZGVyIjtpOjI7czo5OiJwYXJlbnRfaWQiO2k6Mzg7czo2OiJ0YXJnZXQiO3M6NToiX3NlbGYiO3M6MTA6ImNyZWF0ZWRfYXQiO3M6MTk6IjIwMjEtMDItMDIgMTQ6NTE6MDYiO3M6MTA6InVwZGF0ZWRfYXQiO3M6MTk6IjIwMjEtMDItMDIgMTQ6NTc6NTAiO31zOjEwOiIAKgBjaGFuZ2VzIjthOjA6e31zOjg6IgAqAGNhc3RzIjthOjA6e31zOjE3OiIAKgBjbGFzc0Nhc3RDYWNoZSI7YTowOnt9czo4OiIAKgBkYXRlcyI7YTowOnt9czoxMzoiACoAZGF0ZUZvcm1hdCI7TjtzOjEwOiIAKgBhcHBlbmRzIjthOjA6e31zOjE5OiIAKgBkaXNwYXRjaGVzRXZlbnRzIjthOjA6e31zOjE0OiIAKgBvYnNlcnZhYmxlcyI7YTowOnt9czoxMjoiACoAcmVsYXRpb25zIjthOjA6e31zOjEwOiIAKgB0b3VjaGVzIjthOjA6e31zOjEwOiJ0aW1lc3RhbXBzIjtiOjE7czo5OiIAKgBoaWRkZW4iO2E6MDp7fXM6MTA6IgAqAHZpc2libGUiO2E6MDp7fXM6MTA6IgAqAGd1YXJkZWQiO2E6MTp7aTowO3M6MToiKiI7fX1pOjI7TzoxNzoiQXBwXE1vZGVsc1xNb2R1bGUiOjI3OntzOjExOiIAKgBmaWxsYWJsZSI7YTo5OntpOjA7czo3OiJtZW51X2lkIjtpOjE7czo0OiJ0eXBlIjtpOjI7czoxMToibW9kdWxlX25hbWUiO2k6MztzOjEzOiJkaXZpZGVyX3RpdGxlIjtpOjQ7czoxMDoiaWNvbl9jbGFzcyI7aTo1O3M6MzoidXJsIjtpOjY7czo1OiJvcmRlciI7aTo3O3M6OToicGFyZW50X2lkIjtpOjg7czo2OiJ0YXJnZXQiO31zOjEzOiIAKgBjb25uZWN0aW9uIjtzOjU6Im15c3FsIjtzOjg6IgAqAHRhYmxlIjtzOjc6Im1vZHVsZXMiO3M6MTM6IgAqAHByaW1hcnlLZXkiO3M6MjoiaWQiO3M6MTA6IgAqAGtleVR5cGUiO3M6MzoiaW50IjtzOjEyOiJpbmNyZW1lbnRpbmciO2I6MTtzOjc6IgAqAHdpdGgiO2E6MDp7fXM6MTI6IgAqAHdpdGhDb3VudCI7YTowOnt9czoxMDoiACoAcGVyUGFnZSI7aToxNTtzOjY6ImV4aXN0cyI7YjoxO3M6MTg6Indhc1JlY2VudGx5Q3JlYXRlZCI7YjowO3M6MTM6IgAqAGF0dHJpYnV0ZXMiO2E6MTI6e3M6MjoiaWQiO2k6NDE7czo3OiJtZW51X2lkIjtpOjE7czo0OiJ0eXBlIjtzOjE6IjIiO3M6MTE6Im1vZHVsZV9uYW1lIjtzOjEwOiJBdHRlbmRhbmNlIjtzOjEzOiJkaXZpZGVyX3RpdGxlIjtOO3M6MTA6Imljb25fY2xhc3MiO3M6MjA6ImZhcyBmYS1idXNpbmVzcy10aW1lIjtzOjM6InVybCI7czoxMDoiYXR0ZW5kYW5jZSI7czo1OiJvcmRlciI7aTozO3M6OToicGFyZW50X2lkIjtpOjM4O3M6NjoidGFyZ2V0IjtzOjU6Il9zZWxmIjtzOjEwOiJjcmVhdGVkX2F0IjtzOjE5OiIyMDIxLTAyLTAyIDE0OjU1OjA3IjtzOjEwOiJ1cGRhdGVkX2F0IjtzOjE5OiIyMDIxLTAyLTAyIDE0OjU3OjU2Ijt9czoxMToiACoAb3JpZ2luYWwiO2E6MTI6e3M6MjoiaWQiO2k6NDE7czo3OiJtZW51X2lkIjtpOjE7czo0OiJ0eXBlIjtzOjE6IjIiO3M6MTE6Im1vZHVsZV9uYW1lIjtzOjEwOiJBdHRlbmRhbmNlIjtzOjEzOiJkaXZpZGVyX3RpdGxlIjtOO3M6MTA6Imljb25fY2xhc3MiO3M6MjA6ImZhcyBmYS1idXNpbmVzcy10aW1lIjtzOjM6InVybCI7czoxMDoiYXR0ZW5kYW5jZSI7czo1OiJvcmRlciI7aTozO3M6OToicGFyZW50X2lkIjtpOjM4O3M6NjoidGFyZ2V0IjtzOjU6Il9zZWxmIjtzOjEwOiJjcmVhdGVkX2F0IjtzOjE5OiIyMDIxLTAyLTAyIDE0OjU1OjA3IjtzOjEwOiJ1cGRhdGVkX2F0IjtzOjE5OiIyMDIxLTAyLTAyIDE0OjU3OjU2Ijt9czoxMDoiACoAY2hhbmdlcyI7YTowOnt9czo4OiIAKgBjYXN0cyI7YTowOnt9czoxNzoiACoAY2xhc3NDYXN0Q2FjaGUiO2E6MDp7fXM6ODoiACoAZGF0ZXMiO2E6MDp7fXM6MTM6IgAqAGRhdGVGb3JtYXQiO047czoxMDoiACoAYXBwZW5kcyI7YTowOnt9czoxOToiACoAZGlzcGF0Y2hlc0V2ZW50cyI7YTowOnt9czoxNDoiACoAb2JzZXJ2YWJsZXMiO2E6MDp7fXM6MTI6IgAqAHJlbGF0aW9ucyI7YTowOnt9czoxMDoiACoAdG91Y2hlcyI7YTowOnt9czoxMDoidGltZXN0YW1wcyI7YjoxO3M6OToiACoAaGlkZGVuIjthOjA6e31zOjEwOiIAKgB2aXNpYmxlIjthOjA6e31zOjEwOiIAKgBndWFyZGVkIjthOjE6e2k6MDtzOjE6IioiO319aTozO086MTc6IkFwcFxNb2RlbHNcTW9kdWxlIjoyNzp7czoxMToiACoAZmlsbGFibGUiO2E6OTp7aTowO3M6NzoibWVudV9pZCI7aToxO3M6NDoidHlwZSI7aToyO3M6MTE6Im1vZHVsZV9uYW1lIjtpOjM7czoxMzoiZGl2aWRlcl90aXRsZSI7aTo0O3M6MTA6Imljb25fY2xhc3MiO2k6NTtzOjM6InVybCI7aTo2O3M6NToib3JkZXIiO2k6NztzOjk6InBhcmVudF9pZCI7aTo4O3M6NjoidGFyZ2V0Ijt9czoxMzoiACoAY29ubmVjdGlvbiI7czo1OiJteXNxbCI7czo4OiIAKgB0YWJsZSI7czo3OiJtb2R1bGVzIjtzOjEzOiIAKgBwcmltYXJ5S2V5IjtzOjI6ImlkIjtzOjEwOiIAKgBrZXlUeXBlIjtzOjM6ImludCI7czoxMjoiaW5jcmVtZW50aW5nIjtiOjE7czo3OiIAKgB3aXRoIjthOjA6e31zOjEyOiIAKgB3aXRoQ291bnQiO2E6MDp7fXM6MTA6IgAqAHBlclBhZ2UiO2k6MTU7czo2OiJleGlzdHMiO2I6MTtzOjE4OiJ3YXNSZWNlbnRseUNyZWF0ZWQiO2I6MDtzOjEzOiIAKgBhdHRyaWJ1dGVzIjthOjEyOntzOjI6ImlkIjtpOjQyO3M6NzoibWVudV9pZCI7aToxO3M6NDoidHlwZSI7czoxOiIyIjtzOjExOiJtb2R1bGVfbmFtZSI7czo3OiJQYXlyb2xsIjtzOjEzOiJkaXZpZGVyX3RpdGxlIjtOO3M6MTA6Imljb25fY2xhc3MiO3M6MjE6ImZhciBmYS1tb25leS1iaWxsLWFsdCI7czozOiJ1cmwiO3M6NzoicGF5cm9sbCI7czo1OiJvcmRlciI7aTo0O3M6OToicGFyZW50X2lkIjtpOjM4O3M6NjoidGFyZ2V0IjtzOjU6Il9zZWxmIjtzOjEwOiJjcmVhdGVkX2F0IjtzOjE5OiIyMDIxLTAyLTAyIDE0OjU1OjUwIjtzOjEwOiJ1cGRhdGVkX2F0IjtzOjE5OiIyMDIxLTAyLTAyIDE0OjU4OjAxIjt9czoxMToiACoAb3JpZ2luYWwiO2E6MTI6e3M6MjoiaWQiO2k6NDI7czo3OiJtZW51X2lkIjtpOjE7czo0OiJ0eXBlIjtzOjE6IjIiO3M6MTE6Im1vZHVsZV9uYW1lIjtzOjc6IlBheXJvbGwiO3M6MTM6ImRpdmlkZXJfdGl0bGUiO047czoxMDoiaWNvbl9jbGFzcyI7czoyMToiZmFyIGZhLW1vbmV5LWJpbGwtYWx0IjtzOjM6InVybCI7czo3OiJwYXlyb2xsIjtzOjU6Im9yZGVyIjtpOjQ7czo5OiJwYXJlbnRfaWQiO2k6Mzg7czo2OiJ0YXJnZXQiO3M6NToiX3NlbGYiO3M6MTA6ImNyZWF0ZWRfYXQiO3M6MTk6IjIwMjEtMDItMDIgMTQ6NTU6NTAiO3M6MTA6InVwZGF0ZWRfYXQiO3M6MTk6IjIwMjEtMDItMDIgMTQ6NTg6MDEiO31zOjEwOiIAKgBjaGFuZ2VzIjthOjA6e31zOjg6IgAqAGNhc3RzIjthOjA6e31zOjE3OiIAKgBjbGFzc0Nhc3RDYWNoZSI7YTowOnt9czo4OiIAKgBkYXRlcyI7YTowOnt9czoxMzoiACoAZGF0ZUZvcm1hdCI7TjtzOjEwOiIAKgBhcHBlbmRzIjthOjA6e31zOjE5OiIAKgBkaXNwYXRjaGVzRXZlbnRzIjthOjA6e31zOjE0OiIAKgBvYnNlcnZhYmxlcyI7YTowOnt9czoxMjoiACoAcmVsYXRpb25zIjthOjA6e31zOjEwOiIAKgB0b3VjaGVzIjthOjA6e31zOjEwOiJ0aW1lc3RhbXBzIjtiOjE7czo5OiIAKgBoaWRkZW4iO2E6MDp7fXM6MTA6IgAqAHZpc2libGUiO2E6MDp7fXM6MTA6IgAqAGd1YXJkZWQiO2E6MTp7aTowO3M6MToiKiI7fX19fX1zOjEwOiIAKgB0b3VjaGVzIjthOjA6e31zOjEwOiJ0aW1lc3RhbXBzIjtiOjE7czo5OiIAKgBoaWRkZW4iO2E6MDp7fXM6MTA6IgAqAHZpc2libGUiO2E6MDp7fXM6MTA6IgAqAGd1YXJkZWQiO2E6MTp7aTowO3M6MToiKiI7fX1pOjEwO086MTc6IkFwcFxNb2RlbHNcTW9kdWxlIjoyNzp7czoxMToiACoAZmlsbGFibGUiO2E6OTp7aTowO3M6NzoibWVudV9pZCI7aToxO3M6NDoidHlwZSI7aToyO3M6MTE6Im1vZHVsZV9uYW1lIjtpOjM7czoxMzoiZGl2aWRlcl90aXRsZSI7aTo0O3M6MTA6Imljb25fY2xhc3MiO2k6NTtzOjM6InVybCI7aTo2O3M6NToib3JkZXIiO2k6NztzOjk6InBhcmVudF9pZCI7aTo4O3M6NjoidGFyZ2V0Ijt9czoxMzoiACoAY29ubmVjdGlvbiI7czo1OiJteXNxbCI7czo4OiIAKgB0YWJsZSI7czo3OiJtb2R1bGVzIjtzOjEzOiIAKgBwcmltYXJ5S2V5IjtzOjI6ImlkIjtzOjEwOiIAKgBrZXlUeXBlIjtzOjM6ImludCI7czoxMjoiaW5jcmVtZW50aW5nIjtiOjE7czo3OiIAKgB3aXRoIjthOjA6e31zOjEyOiIAKgB3aXRoQ291bnQiO2E6MDp7fXM6MTA6IgAqAHBlclBhZ2UiO2k6MTU7czo2OiJleGlzdHMiO2I6MTtzOjE4OiJ3YXNSZWNlbnRseUNyZWF0ZWQiO2I6MDtzOjEzOiIAKgBhdHRyaWJ1dGVzIjthOjEyOntzOjI6ImlkIjtpOjQ2O3M6NzoibWVudV9pZCI7aToxO3M6NDoidHlwZSI7czoxOiIyIjtzOjExOiJtb2R1bGVfbmFtZSI7czo2OiJSZXBvcnQiO3M6MTM6ImRpdmlkZXJfdGl0bGUiO047czoxMDoiaWNvbl9jbGFzcyI7czoyMToiZmFzIGZhLWZpbGUtc2lnbmF0dXJlIjtzOjM6InVybCI7TjtzOjU6Im9yZGVyIjtpOjExO3M6OToicGFyZW50X2lkIjtOO3M6NjoidGFyZ2V0IjtzOjU6Il9zZWxmIjtzOjEwOiJjcmVhdGVkX2F0IjtzOjE5OiIyMDIxLTAyLTA4IDE0OjQyOjU2IjtzOjEwOiJ1cGRhdGVkX2F0IjtzOjE5OiIyMDIxLTAyLTA4IDE0OjQ4OjI1Ijt9czoxMToiACoAb3JpZ2luYWwiO2E6MTI6e3M6MjoiaWQiO2k6NDY7czo3OiJtZW51X2lkIjtpOjE7czo0OiJ0eXBlIjtzOjE6IjIiO3M6MTE6Im1vZHVsZV9uYW1lIjtzOjY6IlJlcG9ydCI7czoxMzoiZGl2aWRlcl90aXRsZSI7TjtzOjEwOiJpY29uX2NsYXNzIjtzOjIxOiJmYXMgZmEtZmlsZS1zaWduYXR1cmUiO3M6MzoidXJsIjtOO3M6NToib3JkZXIiO2k6MTE7czo5OiJwYXJlbnRfaWQiO047czo2OiJ0YXJnZXQiO3M6NToiX3NlbGYiO3M6MTA6ImNyZWF0ZWRfYXQiO3M6MTk6IjIwMjEtMDItMDggMTQ6NDI6NTYiO3M6MTA6InVwZGF0ZWRfYXQiO3M6MTk6IjIwMjEtMDItMDggMTQ6NDg6MjUiO31zOjEwOiIAKgBjaGFuZ2VzIjthOjA6e31zOjg6IgAqAGNhc3RzIjthOjA6e31zOjE3OiIAKgBjbGFzc0Nhc3RDYWNoZSI7YTowOnt9czo4OiIAKgBkYXRlcyI7YTowOnt9czoxMzoiACoAZGF0ZUZvcm1hdCI7TjtzOjEwOiIAKgBhcHBlbmRzIjthOjA6e31zOjE5OiIAKgBkaXNwYXRjaGVzRXZlbnRzIjthOjA6e31zOjE0OiIAKgBvYnNlcnZhYmxlcyI7YTowOnt9czoxMjoiACoAcmVsYXRpb25zIjthOjE6e3M6ODoiY2hpbGRyZW4iO086MjY6IlR5cGlDTVNcTmVzdGFibGVDb2xsZWN0aW9uIjo3OntzOjg6IgAqAHRvdGFsIjtpOjY7czoxNToiACoAcGFyZW50Q29sdW1uIjtzOjk6InBhcmVudF9pZCI7czozMzoiACoAcmVtb3ZlSXRlbXNXaXRoTWlzc2luZ0FuY2VzdG9yIjtiOjE7czoxNDoiACoAaW5kZW50Q2hhcnMiO3M6ODoiwqDCoMKgwqAiO3M6MTU6IgAqAGNoaWxkcmVuTmFtZSI7czo1OiJpdGVtcyI7czoxNzoiACoAcGFyZW50UmVsYXRpb24iO3M6NjoicGFyZW50IjtzOjg6IgAqAGl0ZW1zIjthOjY6e2k6MDtPOjE3OiJBcHBcTW9kZWxzXE1vZHVsZSI6Mjc6e3M6MTE6IgAqAGZpbGxhYmxlIjthOjk6e2k6MDtzOjc6Im1lbnVfaWQiO2k6MTtzOjQ6InR5cGUiO2k6MjtzOjExOiJtb2R1bGVfbmFtZSI7aTozO3M6MTM6ImRpdmlkZXJfdGl0bGUiO2k6NDtzOjEwOiJpY29uX2NsYXNzIjtpOjU7czozOiJ1cmwiO2k6NjtzOjU6Im9yZGVyIjtpOjc7czo5OiJwYXJlbnRfaWQiO2k6ODtzOjY6InRhcmdldCI7fXM6MTM6IgAqAGNvbm5lY3Rpb24iO3M6NToibXlzcWwiO3M6ODoiACoAdGFibGUiO3M6NzoibW9kdWxlcyI7czoxMzoiACoAcHJpbWFyeUtleSI7czoyOiJpZCI7czoxMDoiACoAa2V5VHlwZSI7czozOiJpbnQiO3M6MTI6ImluY3JlbWVudGluZyI7YjoxO3M6NzoiACoAd2l0aCI7YTowOnt9czoxMjoiACoAd2l0aENvdW50IjthOjA6e31zOjEwOiIAKgBwZXJQYWdlIjtpOjE1O3M6NjoiZXhpc3RzIjtiOjE7czoxODoid2FzUmVjZW50bHlDcmVhdGVkIjtiOjA7czoxMzoiACoAYXR0cmlidXRlcyI7YToxMjp7czoyOiJpZCI7aTo0NztzOjc6Im1lbnVfaWQiO2k6MTtzOjQ6InR5cGUiO3M6MToiMiI7czoxMToibW9kdWxlX25hbWUiO3M6MTQ6IlN1bW1hcnkgUmVwb3J0IjtzOjEzOiJkaXZpZGVyX3RpdGxlIjtOO3M6MTA6Imljb25fY2xhc3MiO3M6MTc6ImZhcyBmYS1kb3QtY2lyY2xlIjtzOjM6InVybCI7czoxNDoic3VtbWFyeS1yZXBvcnQiO3M6NToib3JkZXIiO2k6MTtzOjk6InBhcmVudF9pZCI7aTo0NjtzOjY6InRhcmdldCI7czo1OiJfc2VsZiI7czoxMDoiY3JlYXRlZF9hdCI7czoxOToiMjAyMS0wMi0wOCAxNDo0Mzo1MyI7czoxMDoidXBkYXRlZF9hdCI7czoxOToiMjAyMS0wMi0wOCAxNDo0NTowMSI7fXM6MTE6IgAqAG9yaWdpbmFsIjthOjEyOntzOjI6ImlkIjtpOjQ3O3M6NzoibWVudV9pZCI7aToxO3M6NDoidHlwZSI7czoxOiIyIjtzOjExOiJtb2R1bGVfbmFtZSI7czoxNDoiU3VtbWFyeSBSZXBvcnQiO3M6MTM6ImRpdmlkZXJfdGl0bGUiO047czoxMDoiaWNvbl9jbGFzcyI7czoxNzoiZmFzIGZhLWRvdC1jaXJjbGUiO3M6MzoidXJsIjtzOjE0OiJzdW1tYXJ5LXJlcG9ydCI7czo1OiJvcmRlciI7aToxO3M6OToicGFyZW50X2lkIjtpOjQ2O3M6NjoidGFyZ2V0IjtzOjU6Il9zZWxmIjtzOjEwOiJjcmVhdGVkX2F0IjtzOjE5OiIyMDIxLTAyLTA4IDE0OjQzOjUzIjtzOjEwOiJ1cGRhdGVkX2F0IjtzOjE5OiIyMDIxLTAyLTA4IDE0OjQ1OjAxIjt9czoxMDoiACoAY2hhbmdlcyI7YTowOnt9czo4OiIAKgBjYXN0cyI7YTowOnt9czoxNzoiACoAY2xhc3NDYXN0Q2FjaGUiO2E6MDp7fXM6ODoiACoAZGF0ZXMiO2E6MDp7fXM6MTM6IgAqAGRhdGVGb3JtYXQiO047czoxMDoiACoAYXBwZW5kcyI7YTowOnt9czoxOToiACoAZGlzcGF0Y2hlc0V2ZW50cyI7YTowOnt9czoxNDoiACoAb2JzZXJ2YWJsZXMiO2E6MDp7fXM6MTI6IgAqAHJlbGF0aW9ucyI7YTowOnt9czoxMDoiACoAdG91Y2hlcyI7YTowOnt9czoxMDoidGltZXN0YW1wcyI7YjoxO3M6OToiACoAaGlkZGVuIjthOjA6e31zOjEwOiIAKgB2aXNpYmxlIjthOjA6e31zOjEwOiIAKgBndWFyZGVkIjthOjE6e2k6MDtzOjE6IioiO319aToxO086MTc6IkFwcFxNb2RlbHNcTW9kdWxlIjoyNzp7czoxMToiACoAZmlsbGFibGUiO2E6OTp7aTowO3M6NzoibWVudV9pZCI7aToxO3M6NDoidHlwZSI7aToyO3M6MTE6Im1vZHVsZV9uYW1lIjtpOjM7czoxMzoiZGl2aWRlcl90aXRsZSI7aTo0O3M6MTA6Imljb25fY2xhc3MiO2k6NTtzOjM6InVybCI7aTo2O3M6NToib3JkZXIiO2k6NztzOjk6InBhcmVudF9pZCI7aTo4O3M6NjoidGFyZ2V0Ijt9czoxMzoiACoAY29ubmVjdGlvbiI7czo1OiJteXNxbCI7czo4OiIAKgB0YWJsZSI7czo3OiJtb2R1bGVzIjtzOjEzOiIAKgBwcmltYXJ5S2V5IjtzOjI6ImlkIjtzOjEwOiIAKgBrZXlUeXBlIjtzOjM6ImludCI7czoxMjoiaW5jcmVtZW50aW5nIjtiOjE7czo3OiIAKgB3aXRoIjthOjA6e31zOjEyOiIAKgB3aXRoQ291bnQiO2E6MDp7fXM6MTA6IgAqAHBlclBhZ2UiO2k6MTU7czo2OiJleGlzdHMiO2I6MTtzOjE4OiJ3YXNSZWNlbnRseUNyZWF0ZWQiO2I6MDtzOjEzOiIAKgBhdHRyaWJ1dGVzIjthOjEyOntzOjI6ImlkIjtpOjQ4O3M6NzoibWVudV9pZCI7aToxO3M6NDoidHlwZSI7czoxOiIyIjtzOjExOiJtb2R1bGVfbmFtZSI7czoxNDoiUHJvZHVjdCBSZXBvcnQiO3M6MTM6ImRpdmlkZXJfdGl0bGUiO047czoxMDoiaWNvbl9jbGFzcyI7czoxNzoiZmFzIGZhLWRvdC1jaXJjbGUiO3M6MzoidXJsIjtzOjE0OiJwcm9kdWN0LXJlcG9ydCI7czo1OiJvcmRlciI7aToyO3M6OToicGFyZW50X2lkIjtpOjQ2O3M6NjoidGFyZ2V0IjtzOjU6Il9zZWxmIjtzOjEwOiJjcmVhdGVkX2F0IjtzOjE5OiIyMDIxLTAyLTA4IDE0OjQ0OjQ5IjtzOjEwOiJ1cGRhdGVkX2F0IjtzOjE5OiIyMDIxLTAyLTA4IDE0OjQ1OjAzIjt9czoxMToiACoAb3JpZ2luYWwiO2E6MTI6e3M6MjoiaWQiO2k6NDg7czo3OiJtZW51X2lkIjtpOjE7czo0OiJ0eXBlIjtzOjE6IjIiO3M6MTE6Im1vZHVsZV9uYW1lIjtzOjE0OiJQcm9kdWN0IFJlcG9ydCI7czoxMzoiZGl2aWRlcl90aXRsZSI7TjtzOjEwOiJpY29uX2NsYXNzIjtzOjE3OiJmYXMgZmEtZG90LWNpcmNsZSI7czozOiJ1cmwiO3M6MTQ6InByb2R1Y3QtcmVwb3J0IjtzOjU6Im9yZGVyIjtpOjI7czo5OiJwYXJlbnRfaWQiO2k6NDY7czo2OiJ0YXJnZXQiO3M6NToiX3NlbGYiO3M6MTA6ImNyZWF0ZWRfYXQiO3M6MTk6IjIwMjEtMDItMDggMTQ6NDQ6NDkiO3M6MTA6InVwZGF0ZWRfYXQiO3M6MTk6IjIwMjEtMDItMDggMTQ6NDU6MDMiO31zOjEwOiIAKgBjaGFuZ2VzIjthOjA6e31zOjg6IgAqAGNhc3RzIjthOjA6e31zOjE3OiIAKgBjbGFzc0Nhc3RDYWNoZSI7YTowOnt9czo4OiIAKgBkYXRlcyI7YTowOnt9czoxMzoiACoAZGF0ZUZvcm1hdCI7TjtzOjEwOiIAKgBhcHBlbmRzIjthOjA6e31zOjE5OiIAKgBkaXNwYXRjaGVzRXZlbnRzIjthOjA6e31zOjE0OiIAKgBvYnNlcnZhYmxlcyI7YTowOnt9czoxMjoiACoAcmVsYXRpb25zIjthOjA6e31zOjEwOiIAKgB0b3VjaGVzIjthOjA6e31zOjEwOiJ0aW1lc3RhbXBzIjtiOjE7czo5OiIAKgBoaWRkZW4iO2E6MDp7fXM6MTA6IgAqAHZpc2libGUiO2E6MDp7fXM6MTA6IgAqAGd1YXJkZWQiO2E6MTp7aTowO3M6MToiKiI7fX1pOjI7TzoxNzoiQXBwXE1vZGVsc1xNb2R1bGUiOjI3OntzOjExOiIAKgBmaWxsYWJsZSI7YTo5OntpOjA7czo3OiJtZW51X2lkIjtpOjE7czo0OiJ0eXBlIjtpOjI7czoxMToibW9kdWxlX25hbWUiO2k6MztzOjEzOiJkaXZpZGVyX3RpdGxlIjtpOjQ7czoxMDoiaWNvbl9jbGFzcyI7aTo1O3M6MzoidXJsIjtpOjY7czo1OiJvcmRlciI7aTo3O3M6OToicGFyZW50X2lkIjtpOjg7czo2OiJ0YXJnZXQiO31zOjEzOiIAKgBjb25uZWN0aW9uIjtzOjU6Im15c3FsIjtzOjg6IgAqAHRhYmxlIjtzOjc6Im1vZHVsZXMiO3M6MTM6IgAqAHByaW1hcnlLZXkiO3M6MjoiaWQiO3M6MTA6IgAqAGtleVR5cGUiO3M6MzoiaW50IjtzOjEyOiJpbmNyZW1lbnRpbmciO2I6MTtzOjc6IgAqAHdpdGgiO2E6MDp7fXM6MTI6IgAqAHdpdGhDb3VudCI7YTowOnt9czoxMDoiACoAcGVyUGFnZSI7aToxNTtzOjY6ImV4aXN0cyI7YjoxO3M6MTg6Indhc1JlY2VudGx5Q3JlYXRlZCI7YjowO3M6MTM6IgAqAGF0dHJpYnV0ZXMiO2E6MTI6e3M6MjoiaWQiO2k6NDk7czo3OiJtZW51X2lkIjtpOjE7czo0OiJ0eXBlIjtzOjE6IjIiO3M6MTE6Im1vZHVsZV9uYW1lIjtzOjEwOiJEYWlseSBTYWxlIjtzOjEzOiJkaXZpZGVyX3RpdGxlIjtOO3M6MTA6Imljb25fY2xhc3MiO3M6MTc6ImZhcyBmYS1kb3QtY2lyY2xlIjtzOjM6InVybCI7czoxMDoiZGFpbHktc2FsZSI7czo1OiJvcmRlciI7aTozO3M6OToicGFyZW50X2lkIjtpOjQ2O3M6NjoidGFyZ2V0IjtzOjU6Il9zZWxmIjtzOjEwOiJjcmVhdGVkX2F0IjtzOjE5OiIyMDIxLTAyLTA4IDE0OjQ1OjI3IjtzOjEwOiJ1cGRhdGVkX2F0IjtzOjE5OiIyMDIxLTAyLTE5IDE3OjI5OjUwIjt9czoxMToiACoAb3JpZ2luYWwiO2E6MTI6e3M6MjoiaWQiO2k6NDk7czo3OiJtZW51X2lkIjtpOjE7czo0OiJ0eXBlIjtzOjE6IjIiO3M6MTE6Im1vZHVsZV9uYW1lIjtzOjEwOiJEYWlseSBTYWxlIjtzOjEzOiJkaXZpZGVyX3RpdGxlIjtOO3M6MTA6Imljb25fY2xhc3MiO3M6MTc6ImZhcyBmYS1kb3QtY2lyY2xlIjtzOjM6InVybCI7czoxMDoiZGFpbHktc2FsZSI7czo1OiJvcmRlciI7aTozO3M6OToicGFyZW50X2lkIjtpOjQ2O3M6NjoidGFyZ2V0IjtzOjU6Il9zZWxmIjtzOjEwOiJjcmVhdGVkX2F0IjtzOjE5OiIyMDIxLTAyLTA4IDE0OjQ1OjI3IjtzOjEwOiJ1cGRhdGVkX2F0IjtzOjE5OiIyMDIxLTAyLTE5IDE3OjI5OjUwIjt9czoxMDoiACoAY2hhbmdlcyI7YTowOnt9czo4OiIAKgBjYXN0cyI7YTowOnt9czoxNzoiACoAY2xhc3NDYXN0Q2FjaGUiO2E6MDp7fXM6ODoiACoAZGF0ZXMiO2E6MDp7fXM6MTM6IgAqAGRhdGVGb3JtYXQiO047czoxMDoiACoAYXBwZW5kcyI7YTowOnt9czoxOToiACoAZGlzcGF0Y2hlc0V2ZW50cyI7YTowOnt9czoxNDoiACoAb2JzZXJ2YWJsZXMiO2E6MDp7fXM6MTI6IgAqAHJlbGF0aW9ucyI7YTowOnt9czoxMDoiACoAdG91Y2hlcyI7YTowOnt9czoxMDoidGltZXN0YW1wcyI7YjoxO3M6OToiACoAaGlkZGVuIjthOjA6e31zOjEwOiIAKgB2aXNpYmxlIjthOjA6e31zOjEwOiIAKgBndWFyZGVkIjthOjE6e2k6MDtzOjE6IioiO319aTozO086MTc6IkFwcFxNb2RlbHNcTW9kdWxlIjoyNzp7czoxMToiACoAZmlsbGFibGUiO2E6OTp7aTowO3M6NzoibWVudV9pZCI7aToxO3M6NDoidHlwZSI7aToyO3M6MTE6Im1vZHVsZV9uYW1lIjtpOjM7czoxMzoiZGl2aWRlcl90aXRsZSI7aTo0O3M6MTA6Imljb25fY2xhc3MiO2k6NTtzOjM6InVybCI7aTo2O3M6NToib3JkZXIiO2k6NztzOjk6InBhcmVudF9pZCI7aTo4O3M6NjoidGFyZ2V0Ijt9czoxMzoiACoAY29ubmVjdGlvbiI7czo1OiJteXNxbCI7czo4OiIAKgB0YWJsZSI7czo3OiJtb2R1bGVzIjtzOjEzOiIAKgBwcmltYXJ5S2V5IjtzOjI6ImlkIjtzOjEwOiIAKgBrZXlUeXBlIjtzOjM6ImludCI7czoxMjoiaW5jcmVtZW50aW5nIjtiOjE7czo3OiIAKgB3aXRoIjthOjA6e31zOjEyOiIAKgB3aXRoQ291bnQiO2E6MDp7fXM6MTA6IgAqAHBlclBhZ2UiO2k6MTU7czo2OiJleGlzdHMiO2I6MTtzOjE4OiJ3YXNSZWNlbnRseUNyZWF0ZWQiO2I6MDtzOjEzOiIAKgBhdHRyaWJ1dGVzIjthOjEyOntzOjI6ImlkIjtpOjUwO3M6NzoibWVudV9pZCI7aToxO3M6NDoidHlwZSI7czoxOiIyIjtzOjExOiJtb2R1bGVfbmFtZSI7czoxMjoiTW9udGhseSBTYWxlIjtzOjEzOiJkaXZpZGVyX3RpdGxlIjtOO3M6MTA6Imljb25fY2xhc3MiO3M6MTc6ImZhcyBmYS1kb3QtY2lyY2xlIjtzOjM6InVybCI7czoxMjoibW9udGhseS1zYWxlIjtzOjU6Im9yZGVyIjtpOjQ7czo5OiJwYXJlbnRfaWQiO2k6NDY7czo2OiJ0YXJnZXQiO3M6NToiX3NlbGYiO3M6MTA6ImNyZWF0ZWRfYXQiO3M6MTk6IjIwMjEtMDItMDggMTQ6NDU6NTEiO3M6MTA6InVwZGF0ZWRfYXQiO3M6MTk6IjIwMjEtMDItMDggMTQ6NDc6MTQiO31zOjExOiIAKgBvcmlnaW5hbCI7YToxMjp7czoyOiJpZCI7aTo1MDtzOjc6Im1lbnVfaWQiO2k6MTtzOjQ6InR5cGUiO3M6MToiMiI7czoxMToibW9kdWxlX25hbWUiO3M6MTI6Ik1vbnRobHkgU2FsZSI7czoxMzoiZGl2aWRlcl90aXRsZSI7TjtzOjEwOiJpY29uX2NsYXNzIjtzOjE3OiJmYXMgZmEtZG90LWNpcmNsZSI7czozOiJ1cmwiO3M6MTI6Im1vbnRobHktc2FsZSI7czo1OiJvcmRlciI7aTo0O3M6OToicGFyZW50X2lkIjtpOjQ2O3M6NjoidGFyZ2V0IjtzOjU6Il9zZWxmIjtzOjEwOiJjcmVhdGVkX2F0IjtzOjE5OiIyMDIxLTAyLTA4IDE0OjQ1OjUxIjtzOjEwOiJ1cGRhdGVkX2F0IjtzOjE5OiIyMDIxLTAyLTA4IDE0OjQ3OjE0Ijt9czoxMDoiACoAY2hhbmdlcyI7YTowOnt9czo4OiIAKgBjYXN0cyI7YTowOnt9czoxNzoiACoAY2xhc3NDYXN0Q2FjaGUiO2E6MDp7fXM6ODoiACoAZGF0ZXMiO2E6MDp7fXM6MTM6IgAqAGRhdGVGb3JtYXQiO047czoxMDoiACoAYXBwZW5kcyI7YTowOnt9czoxOToiACoAZGlzcGF0Y2hlc0V2ZW50cyI7YTowOnt9czoxNDoiACoAb2JzZXJ2YWJsZXMiO2E6MDp7fXM6MTI6IgAqAHJlbGF0aW9ucyI7YTowOnt9czoxMDoiACoAdG91Y2hlcyI7YTowOnt9czoxMDoidGltZXN0YW1wcyI7YjoxO3M6OToiACoAaGlkZGVuIjthOjA6e31zOjEwOiIAKgB2aXNpYmxlIjthOjA6e31zOjEwOiIAKgBndWFyZGVkIjthOjE6e2k6MDtzOjE6IioiO319aTo0O086MTc6IkFwcFxNb2RlbHNcTW9kdWxlIjoyNzp7czoxMToiACoAZmlsbGFibGUiO2E6OTp7aTowO3M6NzoibWVudV9pZCI7aToxO3M6NDoidHlwZSI7aToyO3M6MTE6Im1vZHVsZV9uYW1lIjtpOjM7czoxMzoiZGl2aWRlcl90aXRsZSI7aTo0O3M6MTA6Imljb25fY2xhc3MiO2k6NTtzOjM6InVybCI7aTo2O3M6NToib3JkZXIiO2k6NztzOjk6InBhcmVudF9pZCI7aTo4O3M6NjoidGFyZ2V0Ijt9czoxMzoiACoAY29ubmVjdGlvbiI7czo1OiJteXNxbCI7czo4OiIAKgB0YWJsZSI7czo3OiJtb2R1bGVzIjtzOjEzOiIAKgBwcmltYXJ5S2V5IjtzOjI6ImlkIjtzOjEwOiIAKgBrZXlUeXBlIjtzOjM6ImludCI7czoxMjoiaW5jcmVtZW50aW5nIjtiOjE7czo3OiIAKgB3aXRoIjthOjA6e31zOjEyOiIAKgB3aXRoQ291bnQiO2E6MDp7fXM6MTA6IgAqAHBlclBhZ2UiO2k6MTU7czo2OiJleGlzdHMiO2I6MTtzOjE4OiJ3YXNSZWNlbnRseUNyZWF0ZWQiO2I6MDtzOjEzOiIAKgBhdHRyaWJ1dGVzIjthOjEyOntzOjI6ImlkIjtpOjUxO3M6NzoibWVudV9pZCI7aToxO3M6NDoidHlwZSI7czoxOiIyIjtzOjExOiJtb2R1bGVfbmFtZSI7czoxNDoiRGFpbHkgUHVyY2hhc2UiO3M6MTM6ImRpdmlkZXJfdGl0bGUiO047czoxMDoiaWNvbl9jbGFzcyI7czoxNzoiZmFzIGZhLWRvdC1jaXJjbGUiO3M6MzoidXJsIjtzOjE0OiJkYWlseS1wdXJjaGFzZSI7czo1OiJvcmRlciI7aTo1O3M6OToicGFyZW50X2lkIjtpOjQ2O3M6NjoidGFyZ2V0IjtzOjU6Il9zZWxmIjtzOjEwOiJjcmVhdGVkX2F0IjtzOjE5OiIyMDIxLTAyLTA4IDE0OjQ2OjM0IjtzOjEwOiJ1cGRhdGVkX2F0IjtzOjE5OiIyMDIxLTAyLTA4IDE0OjQ3OjE3Ijt9czoxMToiACoAb3JpZ2luYWwiO2E6MTI6e3M6MjoiaWQiO2k6NTE7czo3OiJtZW51X2lkIjtpOjE7czo0OiJ0eXBlIjtzOjE6IjIiO3M6MTE6Im1vZHVsZV9uYW1lIjtzOjE0OiJEYWlseSBQdXJjaGFzZSI7czoxMzoiZGl2aWRlcl90aXRsZSI7TjtzOjEwOiJpY29uX2NsYXNzIjtzOjE3OiJmYXMgZmEtZG90LWNpcmNsZSI7czozOiJ1cmwiO3M6MTQ6ImRhaWx5LXB1cmNoYXNlIjtzOjU6Im9yZGVyIjtpOjU7czo5OiJwYXJlbnRfaWQiO2k6NDY7czo2OiJ0YXJnZXQiO3M6NToiX3NlbGYiO3M6MTA6ImNyZWF0ZWRfYXQiO3M6MTk6IjIwMjEtMDItMDggMTQ6NDY6MzQiO3M6MTA6InVwZGF0ZWRfYXQiO3M6MTk6IjIwMjEtMDItMDggMTQ6NDc6MTciO31zOjEwOiIAKgBjaGFuZ2VzIjthOjA6e31zOjg6IgAqAGNhc3RzIjthOjA6e31zOjE3OiIAKgBjbGFzc0Nhc3RDYWNoZSI7YTowOnt9czo4OiIAKgBkYXRlcyI7YTowOnt9czoxMzoiACoAZGF0ZUZvcm1hdCI7TjtzOjEwOiIAKgBhcHBlbmRzIjthOjA6e31zOjE5OiIAKgBkaXNwYXRjaGVzRXZlbnRzIjthOjA6e31zOjE0OiIAKgBvYnNlcnZhYmxlcyI7YTowOnt9czoxMjoiACoAcmVsYXRpb25zIjthOjA6e31zOjEwOiIAKgB0b3VjaGVzIjthOjA6e31zOjEwOiJ0aW1lc3RhbXBzIjtiOjE7czo5OiIAKgBoaWRkZW4iO2E6MDp7fXM6MTA6IgAqAHZpc2libGUiO2E6MDp7fXM6MTA6IgAqAGd1YXJkZWQiO2E6MTp7aTowO3M6MToiKiI7fX1pOjU7TzoxNzoiQXBwXE1vZGVsc1xNb2R1bGUiOjI3OntzOjExOiIAKgBmaWxsYWJsZSI7YTo5OntpOjA7czo3OiJtZW51X2lkIjtpOjE7czo0OiJ0eXBlIjtpOjI7czoxMToibW9kdWxlX25hbWUiO2k6MztzOjEzOiJkaXZpZGVyX3RpdGxlIjtpOjQ7czoxMDoiaWNvbl9jbGFzcyI7aTo1O3M6MzoidXJsIjtpOjY7czo1OiJvcmRlciI7aTo3O3M6OToicGFyZW50X2lkIjtpOjg7czo2OiJ0YXJnZXQiO31zOjEzOiIAKgBjb25uZWN0aW9uIjtzOjU6Im15c3FsIjtzOjg6IgAqAHRhYmxlIjtzOjc6Im1vZHVsZXMiO3M6MTM6IgAqAHByaW1hcnlLZXkiO3M6MjoiaWQiO3M6MTA6IgAqAGtleVR5cGUiO3M6MzoiaW50IjtzOjEyOiJpbmNyZW1lbnRpbmciO2I6MTtzOjc6IgAqAHdpdGgiO2E6MDp7fXM6MTI6IgAqAHdpdGhDb3VudCI7YTowOnt9czoxMDoiACoAcGVyUGFnZSI7aToxNTtzOjY6ImV4aXN0cyI7YjoxO3M6MTg6Indhc1JlY2VudGx5Q3JlYXRlZCI7YjowO3M6MTM6IgAqAGF0dHJpYnV0ZXMiO2E6MTI6e3M6MjoiaWQiO2k6NTI7czo3OiJtZW51X2lkIjtpOjE7czo0OiJ0eXBlIjtzOjE6IjIiO3M6MTE6Im1vZHVsZV9uYW1lIjtzOjE2OiJNb250aGx5IFB1cmNoYXNlIjtzOjEzOiJkaXZpZGVyX3RpdGxlIjtOO3M6MTA6Imljb25fY2xhc3MiO3M6MTc6ImZhcyBmYS1kb3QtY2lyY2xlIjtzOjM6InVybCI7czoxNjoibW9udGhseS1wdXJjaGFzZSI7czo1OiJvcmRlciI7aTo2O3M6OToicGFyZW50X2lkIjtpOjQ2O3M6NjoidGFyZ2V0IjtzOjU6Il9zZWxmIjtzOjEwOiJjcmVhdGVkX2F0IjtzOjE5OiIyMDIxLTAyLTA4IDE0OjQ2OjU0IjtzOjEwOiJ1cGRhdGVkX2F0IjtzOjE5OiIyMDIxLTAyLTA4IDE0OjQ3OjIwIjt9czoxMToiACoAb3JpZ2luYWwiO2E6MTI6e3M6MjoiaWQiO2k6NTI7czo3OiJtZW51X2lkIjtpOjE7czo0OiJ0eXBlIjtzOjE6IjIiO3M6MTE6Im1vZHVsZV9uYW1lIjtzOjE2OiJNb250aGx5IFB1cmNoYXNlIjtzOjEzOiJkaXZpZGVyX3RpdGxlIjtOO3M6MTA6Imljb25fY2xhc3MiO3M6MTc6ImZhcyBmYS1kb3QtY2lyY2xlIjtzOjM6InVybCI7czoxNjoibW9udGhseS1wdXJjaGFzZSI7czo1OiJvcmRlciI7aTo2O3M6OToicGFyZW50X2lkIjtpOjQ2O3M6NjoidGFyZ2V0IjtzOjU6Il9zZWxmIjtzOjEwOiJjcmVhdGVkX2F0IjtzOjE5OiIyMDIxLTAyLTA4IDE0OjQ2OjU0IjtzOjEwOiJ1cGRhdGVkX2F0IjtzOjE5OiIyMDIxLTAyLTA4IDE0OjQ3OjIwIjt9czoxMDoiACoAY2hhbmdlcyI7YTowOnt9czo4OiIAKgBjYXN0cyI7YTowOnt9czoxNzoiACoAY2xhc3NDYXN0Q2FjaGUiO2E6MDp7fXM6ODoiACoAZGF0ZXMiO2E6MDp7fXM6MTM6IgAqAGRhdGVGb3JtYXQiO047czoxMDoiACoAYXBwZW5kcyI7YTowOnt9czoxOToiACoAZGlzcGF0Y2hlc0V2ZW50cyI7YTowOnt9czoxNDoiACoAb2JzZXJ2YWJsZXMiO2E6MDp7fXM6MTI6IgAqAHJlbGF0aW9ucyI7YTowOnt9czoxMDoiACoAdG91Y2hlcyI7YTowOnt9czoxMDoidGltZXN0YW1wcyI7YjoxO3M6OToiACoAaGlkZGVuIjthOjA6e31zOjEwOiIAKgB2aXNpYmxlIjthOjA6e31zOjEwOiIAKgBndWFyZGVkIjthOjE6e2k6MDtzOjE6IioiO319fX19czoxMDoiACoAdG91Y2hlcyI7YTowOnt9czoxMDoidGltZXN0YW1wcyI7YjoxO3M6OToiACoAaGlkZGVuIjthOjA6e31zOjEwOiIAKgB2aXNpYmxlIjthOjA6e31zOjEwOiIAKgBndWFyZGVkIjthOjE6e2k6MDtzOjE6IioiO319aToxMTtPOjE3OiJBcHBcTW9kZWxzXE1vZHVsZSI6Mjc6e3M6MTE6IgAqAGZpbGxhYmxlIjthOjk6e2k6MDtzOjc6Im1lbnVfaWQiO2k6MTtzOjQ6InR5cGUiO2k6MjtzOjExOiJtb2R1bGVfbmFtZSI7aTozO3M6MTM6ImRpdmlkZXJfdGl0bGUiO2k6NDtzOjEwOiJpY29uX2NsYXNzIjtpOjU7czozOiJ1cmwiO2k6NjtzOjU6Im9yZGVyIjtpOjc7czo5OiJwYXJlbnRfaWQiO2k6ODtzOjY6InRhcmdldCI7fXM6MTM6IgAqAGNvbm5lY3Rpb24iO3M6NToibXlzcWwiO3M6ODoiACoAdGFibGUiO3M6NzoibW9kdWxlcyI7czoxMzoiACoAcHJpbWFyeUtleSI7czoyOiJpZCI7czoxMDoiACoAa2V5VHlwZSI7czozOiJpbnQiO3M6MTI6ImluY3JlbWVudGluZyI7YjoxO3M6NzoiACoAd2l0aCI7YTowOnt9czoxMjoiACoAd2l0aENvdW50IjthOjA6e31zOjEwOiIAKgBwZXJQYWdlIjtpOjE1O3M6NjoiZXhpc3RzIjtiOjE7czoxODoid2FzUmVjZW50bHlDcmVhdGVkIjtiOjA7czoxMzoiACoAYXR0cmlidXRlcyI7YToxMjp7czoyOiJpZCI7aTozO3M6NzoibWVudV9pZCI7aToxO3M6NDoidHlwZSI7czoxOiIxIjtzOjExOiJtb2R1bGVfbmFtZSI7TjtzOjEzOiJkaXZpZGVyX3RpdGxlIjtzOjE0OiJBY2Nlc3MgQ29udHJvbCI7czoxMDoiaWNvbl9jbGFzcyI7TjtzOjM6InVybCI7TjtzOjU6Im9yZGVyIjtpOjEyO3M6OToicGFyZW50X2lkIjtOO3M6NjoidGFyZ2V0IjtzOjU6Il9zZWxmIjtzOjEwOiJjcmVhdGVkX2F0IjtOO3M6MTA6InVwZGF0ZWRfYXQiO3M6MTk6IjIwMjEtMDItMDggMTQ6NDc6MjAiO31zOjExOiIAKgBvcmlnaW5hbCI7YToxMjp7czoyOiJpZCI7aTozO3M6NzoibWVudV9pZCI7aToxO3M6NDoidHlwZSI7czoxOiIxIjtzOjExOiJtb2R1bGVfbmFtZSI7TjtzOjEzOiJkaXZpZGVyX3RpdGxlIjtzOjE0OiJBY2Nlc3MgQ29udHJvbCI7czoxMDoiaWNvbl9jbGFzcyI7TjtzOjM6InVybCI7TjtzOjU6Im9yZGVyIjtpOjEyO3M6OToicGFyZW50X2lkIjtOO3M6NjoidGFyZ2V0IjtzOjU6Il9zZWxmIjtzOjEwOiJjcmVhdGVkX2F0IjtOO3M6MTA6InVwZGF0ZWRfYXQiO3M6MTk6IjIwMjEtMDItMDggMTQ6NDc6MjAiO31zOjEwOiIAKgBjaGFuZ2VzIjthOjA6e31zOjg6IgAqAGNhc3RzIjthOjA6e31zOjE3OiIAKgBjbGFzc0Nhc3RDYWNoZSI7YTowOnt9czo4OiIAKgBkYXRlcyI7YTowOnt9czoxMzoiACoAZGF0ZUZvcm1hdCI7TjtzOjEwOiIAKgBhcHBlbmRzIjthOjA6e31zOjE5OiIAKgBkaXNwYXRjaGVzRXZlbnRzIjthOjA6e31zOjE0OiIAKgBvYnNlcnZhYmxlcyI7YTowOnt9czoxMjoiACoAcmVsYXRpb25zIjthOjE6e3M6ODoiY2hpbGRyZW4iO086MjY6IlR5cGlDTVNcTmVzdGFibGVDb2xsZWN0aW9uIjo3OntzOjg6IgAqAHRvdGFsIjtpOjA7czoxNToiACoAcGFyZW50Q29sdW1uIjtzOjk6InBhcmVudF9pZCI7czozMzoiACoAcmVtb3ZlSXRlbXNXaXRoTWlzc2luZ0FuY2VzdG9yIjtiOjE7czoxNDoiACoAaW5kZW50Q2hhcnMiO3M6ODoiwqDCoMKgwqAiO3M6MTU6IgAqAGNoaWxkcmVuTmFtZSI7czo1OiJpdGVtcyI7czoxNzoiACoAcGFyZW50UmVsYXRpb24iO3M6NjoicGFyZW50IjtzOjg6IgAqAGl0ZW1zIjthOjA6e319fXM6MTA6IgAqAHRvdWNoZXMiO2E6MDp7fXM6MTA6InRpbWVzdGFtcHMiO2I6MTtzOjk6IgAqAGhpZGRlbiI7YTowOnt9czoxMDoiACoAdmlzaWJsZSI7YTowOnt9czoxMDoiACoAZ3VhcmRlZCI7YToxOntpOjA7czoxOiIqIjt9fWk6MTI7TzoxNzoiQXBwXE1vZGVsc1xNb2R1bGUiOjI3OntzOjExOiIAKgBmaWxsYWJsZSI7YTo5OntpOjA7czo3OiJtZW51X2lkIjtpOjE7czo0OiJ0eXBlIjtpOjI7czoxMToibW9kdWxlX25hbWUiO2k6MztzOjEzOiJkaXZpZGVyX3RpdGxlIjtpOjQ7czoxMDoiaWNvbl9jbGFzcyI7aTo1O3M6MzoidXJsIjtpOjY7czo1OiJvcmRlciI7aTo3O3M6OToicGFyZW50X2lkIjtpOjg7czo2OiJ0YXJnZXQiO31zOjEzOiIAKgBjb25uZWN0aW9uIjtzOjU6Im15c3FsIjtzOjg6IgAqAHRhYmxlIjtzOjc6Im1vZHVsZXMiO3M6MTM6IgAqAHByaW1hcnlLZXkiO3M6MjoiaWQiO3M6MTA6IgAqAGtleVR5cGUiO3M6MzoiaW50IjtzOjEyOiJpbmNyZW1lbnRpbmciO2I6MTtzOjc6IgAqAHdpdGgiO2E6MDp7fXM6MTI6IgAqAHdpdGhDb3VudCI7YTowOnt9czoxMDoiACoAcGVyUGFnZSI7aToxNTtzOjY6ImV4aXN0cyI7YjoxO3M6MTg6Indhc1JlY2VudGx5Q3JlYXRlZCI7YjowO3M6MTM6IgAqAGF0dHJpYnV0ZXMiO2E6MTI6e3M6MjoiaWQiO2k6NDtzOjc6Im1lbnVfaWQiO2k6MTtzOjQ6InR5cGUiO3M6MToiMiI7czoxMToibW9kdWxlX25hbWUiO3M6NDoiVXNlciI7czoxMzoiZGl2aWRlcl90aXRsZSI7TjtzOjEwOiJpY29uX2NsYXNzIjtzOjEyOiJmYXMgZmEtdXNlcnMiO3M6MzoidXJsIjtzOjQ6InVzZXIiO3M6NToib3JkZXIiO2k6MTM7czo5OiJwYXJlbnRfaWQiO047czo2OiJ0YXJnZXQiO3M6NToiX3NlbGYiO3M6MTA6ImNyZWF0ZWRfYXQiO047czoxMDoidXBkYXRlZF9hdCI7czoxOToiMjAyMS0wMi0wOCAxNDo0NzoyMCI7fXM6MTE6IgAqAG9yaWdpbmFsIjthOjEyOntzOjI6ImlkIjtpOjQ7czo3OiJtZW51X2lkIjtpOjE7czo0OiJ0eXBlIjtzOjE6IjIiO3M6MTE6Im1vZHVsZV9uYW1lIjtzOjQ6IlVzZXIiO3M6MTM6ImRpdmlkZXJfdGl0bGUiO047czoxMDoiaWNvbl9jbGFzcyI7czoxMjoiZmFzIGZhLXVzZXJzIjtzOjM6InVybCI7czo0OiJ1c2VyIjtzOjU6Im9yZGVyIjtpOjEzO3M6OToicGFyZW50X2lkIjtOO3M6NjoidGFyZ2V0IjtzOjU6Il9zZWxmIjtzOjEwOiJjcmVhdGVkX2F0IjtOO3M6MTA6InVwZGF0ZWRfYXQiO3M6MTk6IjIwMjEtMDItMDggMTQ6NDc6MjAiO31zOjEwOiIAKgBjaGFuZ2VzIjthOjA6e31zOjg6IgAqAGNhc3RzIjthOjA6e31zOjE3OiIAKgBjbGFzc0Nhc3RDYWNoZSI7YTowOnt9czo4OiIAKgBkYXRlcyI7YTowOnt9czoxMzoiACoAZGF0ZUZvcm1hdCI7TjtzOjEwOiIAKgBhcHBlbmRzIjthOjA6e31zOjE5OiIAKgBkaXNwYXRjaGVzRXZlbnRzIjthOjA6e31zOjE0OiIAKgBvYnNlcnZhYmxlcyI7YTowOnt9czoxMjoiACoAcmVsYXRpb25zIjthOjE6e3M6ODoiY2hpbGRyZW4iO086MjY6IlR5cGlDTVNcTmVzdGFibGVDb2xsZWN0aW9uIjo3OntzOjg6IgAqAHRvdGFsIjtpOjA7czoxNToiACoAcGFyZW50Q29sdW1uIjtzOjk6InBhcmVudF9pZCI7czozMzoiACoAcmVtb3ZlSXRlbXNXaXRoTWlzc2luZ0FuY2VzdG9yIjtiOjE7czoxNDoiACoAaW5kZW50Q2hhcnMiO3M6ODoiwqDCoMKgwqAiO3M6MTU6IgAqAGNoaWxkcmVuTmFtZSI7czo1OiJpdGVtcyI7czoxNzoiACoAcGFyZW50UmVsYXRpb24iO3M6NjoicGFyZW50IjtzOjg6IgAqAGl0ZW1zIjthOjA6e319fXM6MTA6IgAqAHRvdWNoZXMiO2E6MDp7fXM6MTA6InRpbWVzdGFtcHMiO2I6MTtzOjk6IgAqAGhpZGRlbiI7YTowOnt9czoxMDoiACoAdmlzaWJsZSI7YTowOnt9czoxMDoiACoAZ3VhcmRlZCI7YToxOntpOjA7czoxOiIqIjt9fWk6MTM7TzoxNzoiQXBwXE1vZGVsc1xNb2R1bGUiOjI3OntzOjExOiIAKgBmaWxsYWJsZSI7YTo5OntpOjA7czo3OiJtZW51X2lkIjtpOjE7czo0OiJ0eXBlIjtpOjI7czoxMToibW9kdWxlX25hbWUiO2k6MztzOjEzOiJkaXZpZGVyX3RpdGxlIjtpOjQ7czoxMDoiaWNvbl9jbGFzcyI7aTo1O3M6MzoidXJsIjtpOjY7czo1OiJvcmRlciI7aTo3O3M6OToicGFyZW50X2lkIjtpOjg7czo2OiJ0YXJnZXQiO31zOjEzOiIAKgBjb25uZWN0aW9uIjtzOjU6Im15c3FsIjtzOjg6IgAqAHRhYmxlIjtzOjc6Im1vZHVsZXMiO3M6MTM6IgAqAHByaW1hcnlLZXkiO3M6MjoiaWQiO3M6MTA6IgAqAGtleVR5cGUiO3M6MzoiaW50IjtzOjEyOiJpbmNyZW1lbnRpbmciO2I6MTtzOjc6IgAqAHdpdGgiO2E6MDp7fXM6MTI6IgAqAHdpdGhDb3VudCI7YTowOnt9czoxMDoiACoAcGVyUGFnZSI7aToxNTtzOjY6ImV4aXN0cyI7YjoxO3M6MTg6Indhc1JlY2VudGx5Q3JlYXRlZCI7YjowO3M6MTM6IgAqAGF0dHJpYnV0ZXMiO2E6MTI6e3M6MjoiaWQiO2k6NTtzOjc6Im1lbnVfaWQiO2k6MTtzOjQ6InR5cGUiO3M6MToiMiI7czoxMToibW9kdWxlX25hbWUiO3M6NDoiUm9sZSI7czoxMzoiZGl2aWRlcl90aXRsZSI7TjtzOjEwOiJpY29uX2NsYXNzIjtzOjE1OiJmYXMgZmEtdXNlci10YWciO3M6MzoidXJsIjtzOjQ6InJvbGUiO3M6NToib3JkZXIiO2k6MTQ7czo5OiJwYXJlbnRfaWQiO047czo2OiJ0YXJnZXQiO3M6NToiX3NlbGYiO3M6MTA6ImNyZWF0ZWRfYXQiO047czoxMDoidXBkYXRlZF9hdCI7czoxOToiMjAyMS0wMi0wOCAxNDo0NzoyMCI7fXM6MTE6IgAqAG9yaWdpbmFsIjthOjEyOntzOjI6ImlkIjtpOjU7czo3OiJtZW51X2lkIjtpOjE7czo0OiJ0eXBlIjtzOjE6IjIiO3M6MTE6Im1vZHVsZV9uYW1lIjtzOjQ6IlJvbGUiO3M6MTM6ImRpdmlkZXJfdGl0bGUiO047czoxMDoiaWNvbl9jbGFzcyI7czoxNToiZmFzIGZhLXVzZXItdGFnIjtzOjM6InVybCI7czo0OiJyb2xlIjtzOjU6Im9yZGVyIjtpOjE0O3M6OToicGFyZW50X2lkIjtOO3M6NjoidGFyZ2V0IjtzOjU6Il9zZWxmIjtzOjEwOiJjcmVhdGVkX2F0IjtOO3M6MTA6InVwZGF0ZWRfYXQiO3M6MTk6IjIwMjEtMDItMDggMTQ6NDc6MjAiO31zOjEwOiIAKgBjaGFuZ2VzIjthOjA6e31zOjg6IgAqAGNhc3RzIjthOjA6e31zOjE3OiIAKgBjbGFzc0Nhc3RDYWNoZSI7YTowOnt9czo4OiIAKgBkYXRlcyI7YTowOnt9czoxMzoiACoAZGF0ZUZvcm1hdCI7TjtzOjEwOiIAKgBhcHBlbmRzIjthOjA6e31zOjE5OiIAKgBkaXNwYXRjaGVzRXZlbnRzIjthOjA6e31zOjE0OiIAKgBvYnNlcnZhYmxlcyI7YTowOnt9czoxMjoiACoAcmVsYXRpb25zIjthOjE6e3M6ODoiY2hpbGRyZW4iO086MjY6IlR5cGlDTVNcTmVzdGFibGVDb2xsZWN0aW9uIjo3OntzOjg6IgAqAHRvdGFsIjtpOjA7czoxNToiACoAcGFyZW50Q29sdW1uIjtzOjk6InBhcmVudF9pZCI7czozMzoiACoAcmVtb3ZlSXRlbXNXaXRoTWlzc2luZ0FuY2VzdG9yIjtiOjE7czoxNDoiACoAaW5kZW50Q2hhcnMiO3M6ODoiwqDCoMKgwqAiO3M6MTU6IgAqAGNoaWxkcmVuTmFtZSI7czo1OiJpdGVtcyI7czoxNzoiACoAcGFyZW50UmVsYXRpb24iO3M6NjoicGFyZW50IjtzOjg6IgAqAGl0ZW1zIjthOjA6e319fXM6MTA6IgAqAHRvdWNoZXMiO2E6MDp7fXM6MTA6InRpbWVzdGFtcHMiO2I6MTtzOjk6IgAqAGhpZGRlbiI7YTowOnt9czoxMDoiACoAdmlzaWJsZSI7YTowOnt9czoxMDoiACoAZ3VhcmRlZCI7YToxOntpOjA7czoxOiIqIjt9fWk6MTQ7TzoxNzoiQXBwXE1vZGVsc1xNb2R1bGUiOjI3OntzOjExOiIAKgBmaWxsYWJsZSI7YTo5OntpOjA7czo3OiJtZW51X2lkIjtpOjE7czo0OiJ0eXBlIjtpOjI7czoxMToibW9kdWxlX25hbWUiO2k6MztzOjEzOiJkaXZpZGVyX3RpdGxlIjtpOjQ7czoxMDoiaWNvbl9jbGFzcyI7aTo1O3M6MzoidXJsIjtpOjY7czo1OiJvcmRlciI7aTo3O3M6OToicGFyZW50X2lkIjtpOjg7czo2OiJ0YXJnZXQiO31zOjEzOiIAKgBjb25uZWN0aW9uIjtzOjU6Im15c3FsIjtzOjg6IgAqAHRhYmxlIjtzOjc6Im1vZHVsZXMiO3M6MTM6IgAqAHByaW1hcnlLZXkiO3M6MjoiaWQiO3M6MTA6IgAqAGtleVR5cGUiO3M6MzoiaW50IjtzOjEyOiJpbmNyZW1lbnRpbmciO2I6MTtzOjc6IgAqAHdpdGgiO2E6MDp7fXM6MTI6IgAqAHdpdGhDb3VudCI7YTowOnt9czoxMDoiACoAcGVyUGFnZSI7aToxNTtzOjY6ImV4aXN0cyI7YjoxO3M6MTg6Indhc1JlY2VudGx5Q3JlYXRlZCI7YjowO3M6MTM6IgAqAGF0dHJpYnV0ZXMiO2E6MTI6e3M6MjoiaWQiO2k6NjtzOjc6Im1lbnVfaWQiO2k6MTtzOjQ6InR5cGUiO3M6MToiMSI7czoxMToibW9kdWxlX25hbWUiO047czoxMzoiZGl2aWRlcl90aXRsZSI7czo2OiJTeXN0ZW0iO3M6MTA6Imljb25fY2xhc3MiO047czozOiJ1cmwiO047czo1OiJvcmRlciI7aToxNTtzOjk6InBhcmVudF9pZCI7TjtzOjY6InRhcmdldCI7czo1OiJfc2VsZiI7czoxMDoiY3JlYXRlZF9hdCI7TjtzOjEwOiJ1cGRhdGVkX2F0IjtzOjE5OiIyMDIxLTAyLTA4IDE0OjQ3OjIwIjt9czoxMToiACoAb3JpZ2luYWwiO2E6MTI6e3M6MjoiaWQiO2k6NjtzOjc6Im1lbnVfaWQiO2k6MTtzOjQ6InR5cGUiO3M6MToiMSI7czoxMToibW9kdWxlX25hbWUiO047czoxMzoiZGl2aWRlcl90aXRsZSI7czo2OiJTeXN0ZW0iO3M6MTA6Imljb25fY2xhc3MiO047czozOiJ1cmwiO047czo1OiJvcmRlciI7aToxNTtzOjk6InBhcmVudF9pZCI7TjtzOjY6InRhcmdldCI7czo1OiJfc2VsZiI7czoxMDoiY3JlYXRlZF9hdCI7TjtzOjEwOiJ1cGRhdGVkX2F0IjtzOjE5OiIyMDIxLTAyLTA4IDE0OjQ3OjIwIjt9czoxMDoiACoAY2hhbmdlcyI7YTowOnt9czo4OiIAKgBjYXN0cyI7YTowOnt9czoxNzoiACoAY2xhc3NDYXN0Q2FjaGUiO2E6MDp7fXM6ODoiACoAZGF0ZXMiO2E6MDp7fXM6MTM6IgAqAGRhdGVGb3JtYXQiO047czoxMDoiACoAYXBwZW5kcyI7YTowOnt9czoxOToiACoAZGlzcGF0Y2hlc0V2ZW50cyI7YTowOnt9czoxNDoiACoAb2JzZXJ2YWJsZXMiO2E6MDp7fXM6MTI6IgAqAHJlbGF0aW9ucyI7YToxOntzOjg6ImNoaWxkcmVuIjtPOjI2OiJUeXBpQ01TXE5lc3RhYmxlQ29sbGVjdGlvbiI6Nzp7czo4OiIAKgB0b3RhbCI7aTowO3M6MTU6IgAqAHBhcmVudENvbHVtbiI7czo5OiJwYXJlbnRfaWQiO3M6MzM6IgAqAHJlbW92ZUl0ZW1zV2l0aE1pc3NpbmdBbmNlc3RvciI7YjoxO3M6MTQ6IgAqAGluZGVudENoYXJzIjtzOjg6IsKgwqDCoMKgIjtzOjE1OiIAKgBjaGlsZHJlbk5hbWUiO3M6NToiaXRlbXMiO3M6MTc6IgAqAHBhcmVudFJlbGF0aW9uIjtzOjY6InBhcmVudCI7czo4OiIAKgBpdGVtcyI7YTowOnt9fX1zOjEwOiIAKgB0b3VjaGVzIjthOjA6e31zOjEwOiJ0aW1lc3RhbXBzIjtiOjE7czo5OiIAKgBoaWRkZW4iO2E6MDp7fXM6MTA6IgAqAHZpc2libGUiO2E6MDp7fXM6MTA6IgAqAGd1YXJkZWQiO2E6MTp7aTowO3M6MToiKiI7fX1pOjE1O086MTc6IkFwcFxNb2RlbHNcTW9kdWxlIjoyNzp7czoxMToiACoAZmlsbGFibGUiO2E6OTp7aTowO3M6NzoibWVudV9pZCI7aToxO3M6NDoidHlwZSI7aToyO3M6MTE6Im1vZHVsZV9uYW1lIjtpOjM7czoxMzoiZGl2aWRlcl90aXRsZSI7aTo0O3M6MTA6Imljb25fY2xhc3MiO2k6NTtzOjM6InVybCI7aTo2O3M6NToib3JkZXIiO2k6NztzOjk6InBhcmVudF9pZCI7aTo4O3M6NjoidGFyZ2V0Ijt9czoxMzoiACoAY29ubmVjdGlvbiI7czo1OiJteXNxbCI7czo4OiIAKgB0YWJsZSI7czo3OiJtb2R1bGVzIjtzOjEzOiIAKgBwcmltYXJ5S2V5IjtzOjI6ImlkIjtzOjEwOiIAKgBrZXlUeXBlIjtzOjM6ImludCI7czoxMjoiaW5jcmVtZW50aW5nIjtiOjE7czo3OiIAKgB3aXRoIjthOjA6e31zOjEyOiIAKgB3aXRoQ291bnQiO2E6MDp7fXM6MTA6IgAqAHBlclBhZ2UiO2k6MTU7czo2OiJleGlzdHMiO2I6MTtzOjE4OiJ3YXNSZWNlbnRseUNyZWF0ZWQiO2I6MDtzOjEzOiIAKgBhdHRyaWJ1dGVzIjthOjEyOntzOjI6ImlkIjtpOjg7czo3OiJtZW51X2lkIjtpOjE7czo0OiJ0eXBlIjtzOjE6IjIiO3M6MTE6Im1vZHVsZV9uYW1lIjtzOjc6IlNldHRpbmciO3M6MTM6ImRpdmlkZXJfdGl0bGUiO047czoxMDoiaWNvbl9jbGFzcyI7czoxMToiZmFzIGZhLWNvZ3MiO3M6MzoidXJsIjtzOjc6InNldHRpbmciO3M6NToib3JkZXIiO2k6MTY7czo5OiJwYXJlbnRfaWQiO047czo2OiJ0YXJnZXQiO3M6NToiX3NlbGYiO3M6MTA6ImNyZWF0ZWRfYXQiO047czoxMDoidXBkYXRlZF9hdCI7czoxOToiMjAyMS0wMi0wOCAxNDo0NzoyMCI7fXM6MTE6IgAqAG9yaWdpbmFsIjthOjEyOntzOjI6ImlkIjtpOjg7czo3OiJtZW51X2lkIjtpOjE7czo0OiJ0eXBlIjtzOjE6IjIiO3M6MTE6Im1vZHVsZV9uYW1lIjtzOjc6IlNldHRpbmciO3M6MTM6ImRpdmlkZXJfdGl0bGUiO047czoxMDoiaWNvbl9jbGFzcyI7czoxMToiZmFzIGZhLWNvZ3MiO3M6MzoidXJsIjtzOjc6InNldHRpbmciO3M6NToib3JkZXIiO2k6MTY7czo5OiJwYXJlbnRfaWQiO047czo2OiJ0YXJnZXQiO3M6NToiX3NlbGYiO3M6MTA6ImNyZWF0ZWRfYXQiO047czoxMDoidXBkYXRlZF9hdCI7czoxOToiMjAyMS0wMi0wOCAxNDo0NzoyMCI7fXM6MTA6IgAqAGNoYW5nZXMiO2E6MDp7fXM6ODoiACoAY2FzdHMiO2E6MDp7fXM6MTc6IgAqAGNsYXNzQ2FzdENhY2hlIjthOjA6e31zOjg6IgAqAGRhdGVzIjthOjA6e31zOjEzOiIAKgBkYXRlRm9ybWF0IjtOO3M6MTA6IgAqAGFwcGVuZHMiO2E6MDp7fXM6MTk6IgAqAGRpc3BhdGNoZXNFdmVudHMiO2E6MDp7fXM6MTQ6IgAqAG9ic2VydmFibGVzIjthOjA6e31zOjEyOiIAKgByZWxhdGlvbnMiO2E6MTp7czo4OiJjaGlsZHJlbiI7TzoyNjoiVHlwaUNNU1xOZXN0YWJsZUNvbGxlY3Rpb24iOjc6e3M6ODoiACoAdG90YWwiO2k6MDtzOjE1OiIAKgBwYXJlbnRDb2x1bW4iO3M6OToicGFyZW50X2lkIjtzOjMzOiIAKgByZW1vdmVJdGVtc1dpdGhNaXNzaW5nQW5jZXN0b3IiO2I6MTtzOjE0OiIAKgBpbmRlbnRDaGFycyI7czo4OiLCoMKgwqDCoCI7czoxNToiACoAY2hpbGRyZW5OYW1lIjtzOjU6Iml0ZW1zIjtzOjE3OiIAKgBwYXJlbnRSZWxhdGlvbiI7czo2OiJwYXJlbnQiO3M6ODoiACoAaXRlbXMiO2E6MDp7fX19czoxMDoiACoAdG91Y2hlcyI7YTowOnt9czoxMDoidGltZXN0YW1wcyI7YjoxO3M6OToiACoAaGlkZGVuIjthOjA6e31zOjEwOiIAKgB2aXNpYmxlIjthOjA6e31zOjEwOiIAKgBndWFyZGVkIjthOjE6e2k6MDtzOjE6IioiO319aToxNjtPOjE3OiJBcHBcTW9kZWxzXE1vZHVsZSI6Mjc6e3M6MTE6IgAqAGZpbGxhYmxlIjthOjk6e2k6MDtzOjc6Im1lbnVfaWQiO2k6MTtzOjQ6InR5cGUiO2k6MjtzOjExOiJtb2R1bGVfbmFtZSI7aTozO3M6MTM6ImRpdmlkZXJfdGl0bGUiO2k6NDtzOjEwOiJpY29uX2NsYXNzIjtpOjU7czozOiJ1cmwiO2k6NjtzOjU6Im9yZGVyIjtpOjc7czo5OiJwYXJlbnRfaWQiO2k6ODtzOjY6InRhcmdldCI7fXM6MTM6IgAqAGNvbm5lY3Rpb24iO3M6NToibXlzcWwiO3M6ODoiACoAdGFibGUiO3M6NzoibW9kdWxlcyI7czoxMzoiACoAcHJpbWFyeUtleSI7czoyOiJpZCI7czoxMDoiACoAa2V5VHlwZSI7czozOiJpbnQiO3M6MTI6ImluY3JlbWVudGluZyI7YjoxO3M6NzoiACoAd2l0aCI7YTowOnt9czoxMjoiACoAd2l0aENvdW50IjthOjA6e31zOjEwOiIAKgBwZXJQYWdlIjtpOjE1O3M6NjoiZXhpc3RzIjtiOjE7czoxODoid2FzUmVjZW50bHlDcmVhdGVkIjtiOjA7czoxMzoiACoAYXR0cmlidXRlcyI7YToxMjp7czoyOiJpZCI7aTo0NDtzOjc6Im1lbnVfaWQiO2k6MTtzOjQ6InR5cGUiO3M6MToiMiI7czoxMToibW9kdWxlX25hbWUiO3M6MTE6IkhSTSBTZXR0aW5nIjtzOjEzOiJkaXZpZGVyX3RpdGxlIjtOO3M6MTA6Imljb25fY2xhc3MiO3M6MTM6ImZhcyBmYS13cmVuY2giO3M6MzoidXJsIjtzOjExOiJocm0tc2V0dGluZyI7czo1OiJvcmRlciI7aToxNztzOjk6InBhcmVudF9pZCI7TjtzOjY6InRhcmdldCI7czo1OiJfc2VsZiI7czoxMDoiY3JlYXRlZF9hdCI7czoxOToiMjAyMS0wMi0wNSAxNDoxOTo1MyI7czoxMDoidXBkYXRlZF9hdCI7czoxOToiMjAyMS0wMi0wOCAxNDo0NzoyMCI7fXM6MTE6IgAqAG9yaWdpbmFsIjthOjEyOntzOjI6ImlkIjtpOjQ0O3M6NzoibWVudV9pZCI7aToxO3M6NDoidHlwZSI7czoxOiIyIjtzOjExOiJtb2R1bGVfbmFtZSI7czoxMToiSFJNIFNldHRpbmciO3M6MTM6ImRpdmlkZXJfdGl0bGUiO047czoxMDoiaWNvbl9jbGFzcyI7czoxMzoiZmFzIGZhLXdyZW5jaCI7czozOiJ1cmwiO3M6MTE6ImhybS1zZXR0aW5nIjtzOjU6Im9yZGVyIjtpOjE3O3M6OToicGFyZW50X2lkIjtOO3M6NjoidGFyZ2V0IjtzOjU6Il9zZWxmIjtzOjEwOiJjcmVhdGVkX2F0IjtzOjE5OiIyMDIxLTAyLTA1IDE0OjE5OjUzIjtzOjEwOiJ1cGRhdGVkX2F0IjtzOjE5OiIyMDIxLTAyLTA4IDE0OjQ3OjIwIjt9czoxMDoiACoAY2hhbmdlcyI7YTowOnt9czo4OiIAKgBjYXN0cyI7YTowOnt9czoxNzoiACoAY2xhc3NDYXN0Q2FjaGUiO2E6MDp7fXM6ODoiACoAZGF0ZXMiO2E6MDp7fXM6MTM6IgAqAGRhdGVGb3JtYXQiO047czoxMDoiACoAYXBwZW5kcyI7YTowOnt9czoxOToiACoAZGlzcGF0Y2hlc0V2ZW50cyI7YTowOnt9czoxNDoiACoAb2JzZXJ2YWJsZXMiO2E6MDp7fXM6MTI6IgAqAHJlbGF0aW9ucyI7YToxOntzOjg6ImNoaWxkcmVuIjtPOjI2OiJUeXBpQ01TXE5lc3RhYmxlQ29sbGVjdGlvbiI6Nzp7czo4OiIAKgB0b3RhbCI7aTowO3M6MTU6IgAqAHBhcmVudENvbHVtbiI7czo5OiJwYXJlbnRfaWQiO3M6MzM6IgAqAHJlbW92ZUl0ZW1zV2l0aE1pc3NpbmdBbmNlc3RvciI7YjoxO3M6MTQ6IgAqAGluZGVudENoYXJzIjtzOjg6IsKgwqDCoMKgIjtzOjE1OiIAKgBjaGlsZHJlbk5hbWUiO3M6NToiaXRlbXMiO3M6MTc6IgAqAHBhcmVudFJlbGF0aW9uIjtzOjY6InBhcmVudCI7czo4OiIAKgBpdGVtcyI7YTowOnt9fX1zOjEwOiIAKgB0b3VjaGVzIjthOjA6e31zOjEwOiJ0aW1lc3RhbXBzIjtiOjE7czo5OiIAKgBoaWRkZW4iO2E6MDp7fXM6MTA6IgAqAHZpc2libGUiO2E6MDp7fXM6MTA6IgAqAGd1YXJkZWQiO2E6MTp7aTowO3M6MToiKiI7fX1pOjE3O086MTc6IkFwcFxNb2RlbHNcTW9kdWxlIjoyNzp7czoxMToiACoAZmlsbGFibGUiO2E6OTp7aTowO3M6NzoibWVudV9pZCI7aToxO3M6NDoidHlwZSI7aToyO3M6MTE6Im1vZHVsZV9uYW1lIjtpOjM7czoxMzoiZGl2aWRlcl90aXRsZSI7aTo0O3M6MTA6Imljb25fY2xhc3MiO2k6NTtzOjM6InVybCI7aTo2O3M6NToib3JkZXIiO2k6NztzOjk6InBhcmVudF9pZCI7aTo4O3M6NjoidGFyZ2V0Ijt9czoxMzoiACoAY29ubmVjdGlvbiI7czo1OiJteXNxbCI7czo4OiIAKgB0YWJsZSI7czo3OiJtb2R1bGVzIjtzOjEzOiIAKgBwcmltYXJ5S2V5IjtzOjI6ImlkIjtzOjEwOiIAKgBrZXlUeXBlIjtzOjM6ImludCI7czoxMjoiaW5jcmVtZW50aW5nIjtiOjE7czo3OiIAKgB3aXRoIjthOjA6e31zOjEyOiIAKgB3aXRoQ291bnQiO2E6MDp7fXM6MTA6IgAqAHBlclBhZ2UiO2k6MTU7czo2OiJleGlzdHMiO2I6MTtzOjE4OiJ3YXNSZWNlbnRseUNyZWF0ZWQiO2I6MDtzOjEzOiIAKgBhdHRyaWJ1dGVzIjthOjEyOntzOjI6ImlkIjtpOjc7czo3OiJtZW51X2lkIjtpOjE7czo0OiJ0eXBlIjtzOjE6IjIiO3M6MTE6Im1vZHVsZV9uYW1lIjtzOjQ6Ik1lbnUiO3M6MTM6ImRpdmlkZXJfdGl0bGUiO047czoxMDoiaWNvbl9jbGFzcyI7czoxNDoiZmFzIGZhLXRoLWxpc3QiO3M6MzoidXJsIjtzOjQ6Im1lbnUiO3M6NToib3JkZXIiO2k6MTg7czo5OiJwYXJlbnRfaWQiO047czo2OiJ0YXJnZXQiO3M6NToiX3NlbGYiO3M6MTA6ImNyZWF0ZWRfYXQiO047czoxMDoidXBkYXRlZF9hdCI7czoxOToiMjAyMS0wMi0wOCAxNDo0NzoyMCI7fXM6MTE6IgAqAG9yaWdpbmFsIjthOjEyOntzOjI6ImlkIjtpOjc7czo3OiJtZW51X2lkIjtpOjE7czo0OiJ0eXBlIjtzOjE6IjIiO3M6MTE6Im1vZHVsZV9uYW1lIjtzOjQ6Ik1lbnUiO3M6MTM6ImRpdmlkZXJfdGl0bGUiO047czoxMDoiaWNvbl9jbGFzcyI7czoxNDoiZmFzIGZhLXRoLWxpc3QiO3M6MzoidXJsIjtzOjQ6Im1lbnUiO3M6NToib3JkZXIiO2k6MTg7czo5OiJwYXJlbnRfaWQiO047czo2OiJ0YXJnZXQiO3M6NToiX3NlbGYiO3M6MTA6ImNyZWF0ZWRfYXQiO047czoxMDoidXBkYXRlZF9hdCI7czoxOToiMjAyMS0wMi0wOCAxNDo0NzoyMCI7fXM6MTA6IgAqAGNoYW5nZXMiO2E6MDp7fXM6ODoiACoAY2FzdHMiO2E6MDp7fXM6MTc6IgAqAGNsYXNzQ2FzdENhY2hlIjthOjA6e31zOjg6IgAqAGRhdGVzIjthOjA6e31zOjEzOiIAKgBkYXRlRm9ybWF0IjtOO3M6MTA6IgAqAGFwcGVuZHMiO2E6MDp7fXM6MTk6IgAqAGRpc3BhdGNoZXNFdmVudHMiO2E6MDp7fXM6MTQ6IgAqAG9ic2VydmFibGVzIjthOjA6e31zOjEyOiIAKgByZWxhdGlvbnMiO2E6MTp7czo4OiJjaGlsZHJlbiI7TzoyNjoiVHlwaUNNU1xOZXN0YWJsZUNvbGxlY3Rpb24iOjc6e3M6ODoiACoAdG90YWwiO2k6MDtzOjE1OiIAKgBwYXJlbnRDb2x1bW4iO3M6OToicGFyZW50X2lkIjtzOjMzOiIAKgByZW1vdmVJdGVtc1dpdGhNaXNzaW5nQW5jZXN0b3IiO2I6MTtzOjE0OiIAKgBpbmRlbnRDaGFycyI7czo4OiLCoMKgwqDCoCI7czoxNToiACoAY2hpbGRyZW5OYW1lIjtzOjU6Iml0ZW1zIjtzOjE3OiIAKgBwYXJlbnRSZWxhdGlvbiI7czo2OiJwYXJlbnQiO3M6ODoiACoAaXRlbXMiO2E6MDp7fX19czoxMDoiACoAdG91Y2hlcyI7YTowOnt9czoxMDoidGltZXN0YW1wcyI7YjoxO3M6OToiACoAaGlkZGVuIjthOjA6e31zOjEwOiIAKgB2aXNpYmxlIjthOjA6e31zOjEwOiIAKgBndWFyZGVkIjthOjE6e2k6MDtzOjE6IioiO319aToxODtPOjE3OiJBcHBcTW9kZWxzXE1vZHVsZSI6Mjc6e3M6MTE6IgAqAGZpbGxhYmxlIjthOjk6e2k6MDtzOjc6Im1lbnVfaWQiO2k6MTtzOjQ6InR5cGUiO2k6MjtzOjExOiJtb2R1bGVfbmFtZSI7aTozO3M6MTM6ImRpdmlkZXJfdGl0bGUiO2k6NDtzOjEwOiJpY29uX2NsYXNzIjtpOjU7czozOiJ1cmwiO2k6NjtzOjU6Im9yZGVyIjtpOjc7czo5OiJwYXJlbnRfaWQiO2k6ODtzOjY6InRhcmdldCI7fXM6MTM6IgAqAGNvbm5lY3Rpb24iO3M6NToibXlzcWwiO3M6ODoiACoAdGFibGUiO3M6NzoibW9kdWxlcyI7czoxMzoiACoAcHJpbWFyeUtleSI7czoyOiJpZCI7czoxMDoiACoAa2V5VHlwZSI7czozOiJpbnQiO3M6MTI6ImluY3JlbWVudGluZyI7YjoxO3M6NzoiACoAd2l0aCI7YTowOnt9czoxMjoiACoAd2l0aENvdW50IjthOjA6e31zOjEwOiIAKgBwZXJQYWdlIjtpOjE1O3M6NjoiZXhpc3RzIjtiOjE7czoxODoid2FzUmVjZW50bHlDcmVhdGVkIjtiOjA7czoxMzoiACoAYXR0cmlidXRlcyI7YToxMjp7czoyOiJpZCI7aTo5O3M6NzoibWVudV9pZCI7aToxO3M6NDoidHlwZSI7czoxOiIyIjtzOjExOiJtb2R1bGVfbmFtZSI7czoxMDoiUGVybWlzc2lvbiI7czoxMzoiZGl2aWRlcl90aXRsZSI7TjtzOjEwOiJpY29uX2NsYXNzIjtzOjEyOiJmYXMgZmEtdGFza3MiO3M6MzoidXJsIjtzOjIyOiJtZW51L21vZHVsZS9wZXJtaXNzaW9uIjtzOjU6Im9yZGVyIjtpOjE5O3M6OToicGFyZW50X2lkIjtOO3M6NjoidGFyZ2V0IjtzOjU6Il9zZWxmIjtzOjEwOiJjcmVhdGVkX2F0IjtOO3M6MTA6InVwZGF0ZWRfYXQiO3M6MTk6IjIwMjEtMDItMDggMTQ6NDc6MjAiO31zOjExOiIAKgBvcmlnaW5hbCI7YToxMjp7czoyOiJpZCI7aTo5O3M6NzoibWVudV9pZCI7aToxO3M6NDoidHlwZSI7czoxOiIyIjtzOjExOiJtb2R1bGVfbmFtZSI7czoxMDoiUGVybWlzc2lvbiI7czoxMzoiZGl2aWRlcl90aXRsZSI7TjtzOjEwOiJpY29uX2NsYXNzIjtzOjEyOiJmYXMgZmEtdGFza3MiO3M6MzoidXJsIjtzOjIyOiJtZW51L21vZHVsZS9wZXJtaXNzaW9uIjtzOjU6Im9yZGVyIjtpOjE5O3M6OToicGFyZW50X2lkIjtOO3M6NjoidGFyZ2V0IjtzOjU6Il9zZWxmIjtzOjEwOiJjcmVhdGVkX2F0IjtOO3M6MTA6InVwZGF0ZWRfYXQiO3M6MTk6IjIwMjEtMDItMDggMTQ6NDc6MjAiO31zOjEwOiIAKgBjaGFuZ2VzIjthOjA6e31zOjg6IgAqAGNhc3RzIjthOjA6e31zOjE3OiIAKgBjbGFzc0Nhc3RDYWNoZSI7YTowOnt9czo4OiIAKgBkYXRlcyI7YTowOnt9czoxMzoiACoAZGF0ZUZvcm1hdCI7TjtzOjEwOiIAKgBhcHBlbmRzIjthOjA6e31zOjE5OiIAKgBkaXNwYXRjaGVzRXZlbnRzIjthOjA6e31zOjE0OiIAKgBvYnNlcnZhYmxlcyI7YTowOnt9czoxMjoiACoAcmVsYXRpb25zIjthOjE6e3M6ODoiY2hpbGRyZW4iO086MjY6IlR5cGlDTVNcTmVzdGFibGVDb2xsZWN0aW9uIjo3OntzOjg6IgAqAHRvdGFsIjtpOjA7czoxNToiACoAcGFyZW50Q29sdW1uIjtzOjk6InBhcmVudF9pZCI7czozMzoiACoAcmVtb3ZlSXRlbXNXaXRoTWlzc2luZ0FuY2VzdG9yIjtiOjE7czoxNDoiACoAaW5kZW50Q2hhcnMiO3M6ODoiwqDCoMKgwqAiO3M6MTU6IgAqAGNoaWxkcmVuTmFtZSI7czo1OiJpdGVtcyI7czoxNzoiACoAcGFyZW50UmVsYXRpb24iO3M6NjoicGFyZW50IjtzOjg6IgAqAGl0ZW1zIjthOjA6e319fXM6MTA6IgAqAHRvdWNoZXMiO2E6MDp7fXM6MTA6InRpbWVzdGFtcHMiO2I6MTtzOjk6IgAqAGhpZGRlbiI7YTowOnt9czoxMDoiACoAdmlzaWJsZSI7YTowOnt9czoxMDoiACoAZ3VhcmRlZCI7YToxOntpOjA7czoxOiIqIjt9fWk6MTk7TzoxNzoiQXBwXE1vZGVsc1xNb2R1bGUiOjI3OntzOjExOiIAKgBmaWxsYWJsZSI7YTo5OntpOjA7czo3OiJtZW51X2lkIjtpOjE7czo0OiJ0eXBlIjtpOjI7czoxMToibW9kdWxlX25hbWUiO2k6MztzOjEzOiJkaXZpZGVyX3RpdGxlIjtpOjQ7czoxMDoiaWNvbl9jbGFzcyI7aTo1O3M6MzoidXJsIjtpOjY7czo1OiJvcmRlciI7aTo3O3M6OToicGFyZW50X2lkIjtpOjg7czo2OiJ0YXJnZXQiO31zOjEzOiIAKgBjb25uZWN0aW9uIjtzOjU6Im15c3FsIjtzOjg6IgAqAHRhYmxlIjtzOjc6Im1vZHVsZXMiO3M6MTM6IgAqAHByaW1hcnlLZXkiO3M6MjoiaWQiO3M6MTA6IgAqAGtleVR5cGUiO3M6MzoiaW50IjtzOjEyOiJpbmNyZW1lbnRpbmciO2I6MTtzOjc6IgAqAHdpdGgiO2E6MDp7fXM6MTI6IgAqAHdpdGhDb3VudCI7YTowOnt9czoxMDoiACoAcGVyUGFnZSI7aToxNTtzOjY6ImV4aXN0cyI7YjoxO3M6MTg6Indhc1JlY2VudGx5Q3JlYXRlZCI7YjowO3M6MTM6IgAqAGF0dHJpYnV0ZXMiO2E6MTI6e3M6MjoiaWQiO2k6MTk7czo3OiJtZW51X2lkIjtpOjE7czo0OiJ0eXBlIjtzOjE6IjIiO3M6MTE6Im1vZHVsZV9uYW1lIjtzOjE0OiJDdXN0b21lciBHcm91cCI7czoxMzoiZGl2aWRlcl90aXRsZSI7TjtzOjEwOiJpY29uX2NsYXNzIjtzOjE5OiJmYXMgZmEtdXNlci1mcmllbmRzIjtzOjM6InVybCI7czoxNDoiY3VzdG9tZXItZ3JvdXAiO3M6NToib3JkZXIiO2k6MjA7czo5OiJwYXJlbnRfaWQiO047czo2OiJ0YXJnZXQiO3M6NToiX3NlbGYiO3M6MTA6ImNyZWF0ZWRfYXQiO3M6MTk6IjIwMjAtMTItMjQgMTQ6MjU6NTUiO3M6MTA6InVwZGF0ZWRfYXQiO3M6MTk6IjIwMjEtMDItMDggMTQ6NDc6MjAiO31zOjExOiIAKgBvcmlnaW5hbCI7YToxMjp7czoyOiJpZCI7aToxOTtzOjc6Im1lbnVfaWQiO2k6MTtzOjQ6InR5cGUiO3M6MToiMiI7czoxMToibW9kdWxlX25hbWUiO3M6MTQ6IkN1c3RvbWVyIEdyb3VwIjtzOjEzOiJkaXZpZGVyX3RpdGxlIjtOO3M6MTA6Imljb25fY2xhc3MiO3M6MTk6ImZhcyBmYS11c2VyLWZyaWVuZHMiO3M6MzoidXJsIjtzOjE0OiJjdXN0b21lci1ncm91cCI7czo1OiJvcmRlciI7aToyMDtzOjk6InBhcmVudF9pZCI7TjtzOjY6InRhcmdldCI7czo1OiJfc2VsZiI7czoxMDoiY3JlYXRlZF9hdCI7czoxOToiMjAyMC0xMi0yNCAxNDoyNTo1NSI7czoxMDoidXBkYXRlZF9hdCI7czoxOToiMjAyMS0wMi0wOCAxNDo0NzoyMCI7fXM6MTA6IgAqAGNoYW5nZXMiO2E6MDp7fXM6ODoiACoAY2FzdHMiO2E6MDp7fXM6MTc6IgAqAGNsYXNzQ2FzdENhY2hlIjthOjA6e31zOjg6IgAqAGRhdGVzIjthOjA6e31zOjEzOiIAKgBkYXRlRm9ybWF0IjtOO3M6MTA6IgAqAGFwcGVuZHMiO2E6MDp7fXM6MTk6IgAqAGRpc3BhdGNoZXNFdmVudHMiO2E6MDp7fXM6MTQ6IgAqAG9ic2VydmFibGVzIjthOjA6e31zOjEyOiIAKgByZWxhdGlvbnMiO2E6MTp7czo4OiJjaGlsZHJlbiI7TzoyNjoiVHlwaUNNU1xOZXN0YWJsZUNvbGxlY3Rpb24iOjc6e3M6ODoiACoAdG90YWwiO2k6MDtzOjE1OiIAKgBwYXJlbnRDb2x1bW4iO3M6OToicGFyZW50X2lkIjtzOjMzOiIAKgByZW1vdmVJdGVtc1dpdGhNaXNzaW5nQW5jZXN0b3IiO2I6MTtzOjE0OiIAKgBpbmRlbnRDaGFycyI7czo4OiLCoMKgwqDCoCI7czoxNToiACoAY2hpbGRyZW5OYW1lIjtzOjU6Iml0ZW1zIjtzOjE3OiIAKgBwYXJlbnRSZWxhdGlvbiI7czo2OiJwYXJlbnQiO3M6ODoiACoAaXRlbXMiO2E6MDp7fX19czoxMDoiACoAdG91Y2hlcyI7YTowOnt9czoxMDoidGltZXN0YW1wcyI7YjoxO3M6OToiACoAaGlkZGVuIjthOjA6e31zOjEwOiIAKgB2aXNpYmxlIjthOjA6e31zOjEwOiIAKgBndWFyZGVkIjthOjE6e2k6MDtzOjE6IioiO319aToyMDtPOjE3OiJBcHBcTW9kZWxzXE1vZHVsZSI6Mjc6e3M6MTE6IgAqAGZpbGxhYmxlIjthOjk6e2k6MDtzOjc6Im1lbnVfaWQiO2k6MTtzOjQ6InR5cGUiO2k6MjtzOjExOiJtb2R1bGVfbmFtZSI7aTozO3M6MTM6ImRpdmlkZXJfdGl0bGUiO2k6NDtzOjEwOiJpY29uX2NsYXNzIjtpOjU7czozOiJ1cmwiO2k6NjtzOjU6Im9yZGVyIjtpOjc7czo5OiJwYXJlbnRfaWQiO2k6ODtzOjY6InRhcmdldCI7fXM6MTM6IgAqAGNvbm5lY3Rpb24iO3M6NToibXlzcWwiO3M6ODoiACoAdGFibGUiO3M6NzoibW9kdWxlcyI7czoxMzoiACoAcHJpbWFyeUtleSI7czoyOiJpZCI7czoxMDoiACoAa2V5VHlwZSI7czozOiJpbnQiO3M6MTI6ImluY3JlbWVudGluZyI7YjoxO3M6NzoiACoAd2l0aCI7YTowOnt9czoxMjoiACoAd2l0aENvdW50IjthOjA6e31zOjEwOiIAKgBwZXJQYWdlIjtpOjE1O3M6NjoiZXhpc3RzIjtiOjE7czoxODoid2FzUmVjZW50bHlDcmVhdGVkIjtiOjA7czoxMzoiACoAYXR0cmlidXRlcyI7YToxMjp7czoyOiJpZCI7aToxNDtzOjc6Im1lbnVfaWQiO2k6MTtzOjQ6InR5cGUiO3M6MToiMiI7czoxMToibW9kdWxlX25hbWUiO3M6OToiV2FyZWhvdXNlIjtzOjEzOiJkaXZpZGVyX3RpdGxlIjtOO3M6MTA6Imljb25fY2xhc3MiO3M6MTY6ImZhcyBmYS13YXJlaG91c2UiO3M6MzoidXJsIjtzOjk6IndhcmVob3VzZSI7czo1OiJvcmRlciI7aToyMTtzOjk6InBhcmVudF9pZCI7TjtzOjY6InRhcmdldCI7czo1OiJfc2VsZiI7czoxMDoiY3JlYXRlZF9hdCI7czoxOToiMjAyMC0xMi0yMSAxNjowNzowNSI7czoxMDoidXBkYXRlZF9hdCI7czoxOToiMjAyMS0wMi0wOCAxNDo0NzoyMCI7fXM6MTE6IgAqAG9yaWdpbmFsIjthOjEyOntzOjI6ImlkIjtpOjE0O3M6NzoibWVudV9pZCI7aToxO3M6NDoidHlwZSI7czoxOiIyIjtzOjExOiJtb2R1bGVfbmFtZSI7czo5OiJXYXJlaG91c2UiO3M6MTM6ImRpdmlkZXJfdGl0bGUiO047czoxMDoiaWNvbl9jbGFzcyI7czoxNjoiZmFzIGZhLXdhcmVob3VzZSI7czozOiJ1cmwiO3M6OToid2FyZWhvdXNlIjtzOjU6Im9yZGVyIjtpOjIxO3M6OToicGFyZW50X2lkIjtOO3M6NjoidGFyZ2V0IjtzOjU6Il9zZWxmIjtzOjEwOiJjcmVhdGVkX2F0IjtzOjE5OiIyMDIwLTEyLTIxIDE2OjA3OjA1IjtzOjEwOiJ1cGRhdGVkX2F0IjtzOjE5OiIyMDIxLTAyLTA4IDE0OjQ3OjIwIjt9czoxMDoiACoAY2hhbmdlcyI7YTowOnt9czo4OiIAKgBjYXN0cyI7YTowOnt9czoxNzoiACoAY2xhc3NDYXN0Q2FjaGUiO2E6MDp7fXM6ODoiACoAZGF0ZXMiO2E6MDp7fXM6MTM6IgAqAGRhdGVGb3JtYXQiO047czoxMDoiACoAYXBwZW5kcyI7YTowOnt9czoxOToiACoAZGlzcGF0Y2hlc0V2ZW50cyI7YTowOnt9czoxNDoiACoAb2JzZXJ2YWJsZXMiO2E6MDp7fXM6MTI6IgAqAHJlbGF0aW9ucyI7YToxOntzOjg6ImNoaWxkcmVuIjtPOjI2OiJUeXBpQ01TXE5lc3RhYmxlQ29sbGVjdGlvbiI6Nzp7czo4OiIAKgB0b3RhbCI7aTowO3M6MTU6IgAqAHBhcmVudENvbHVtbiI7czo5OiJwYXJlbnRfaWQiO3M6MzM6IgAqAHJlbW92ZUl0ZW1zV2l0aE1pc3NpbmdBbmNlc3RvciI7YjoxO3M6MTQ6IgAqAGluZGVudENoYXJzIjtzOjg6IsKgwqDCoMKgIjtzOjE1OiIAKgBjaGlsZHJlbk5hbWUiO3M6NToiaXRlbXMiO3M6MTc6IgAqAHBhcmVudFJlbGF0aW9uIjtzOjY6InBhcmVudCI7czo4OiIAKgBpdGVtcyI7YTowOnt9fX1zOjEwOiIAKgB0b3VjaGVzIjthOjA6e31zOjEwOiJ0aW1lc3RhbXBzIjtiOjE7czo5OiIAKgBoaWRkZW4iO2E6MDp7fXM6MTA6IgAqAHZpc2libGUiO2E6MDp7fXM6MTA6IgAqAGd1YXJkZWQiO2E6MTp7aTowO3M6MToiKiI7fX1pOjIxO086MTc6IkFwcFxNb2RlbHNcTW9kdWxlIjoyNzp7czoxMToiACoAZmlsbGFibGUiO2E6OTp7aTowO3M6NzoibWVudV9pZCI7aToxO3M6NDoidHlwZSI7aToyO3M6MTE6Im1vZHVsZV9uYW1lIjtpOjM7czoxMzoiZGl2aWRlcl90aXRsZSI7aTo0O3M6MTA6Imljb25fY2xhc3MiO2k6NTtzOjM6InVybCI7aTo2O3M6NToib3JkZXIiO2k6NztzOjk6InBhcmVudF9pZCI7aTo4O3M6NjoidGFyZ2V0Ijt9czoxMzoiACoAY29ubmVjdGlvbiI7czo1OiJteXNxbCI7czo4OiIAKgB0YWJsZSI7czo3OiJtb2R1bGVzIjtzOjEzOiIAKgBwcmltYXJ5S2V5IjtzOjI6ImlkIjtzOjEwOiIAKgBrZXlUeXBlIjtzOjM6ImludCI7czoxMjoiaW5jcmVtZW50aW5nIjtiOjE7czo3OiIAKgB3aXRoIjthOjA6e31zOjEyOiIAKgB3aXRoQ291bnQiO2E6MDp7fXM6MTA6IgAqAHBlclBhZ2UiO2k6MTU7czo2OiJleGlzdHMiO2I6MTtzOjE4OiJ3YXNSZWNlbnRseUNyZWF0ZWQiO2I6MDtzOjEzOiIAKgBhdHRyaWJ1dGVzIjthOjEyOntzOjI6ImlkIjtpOjQzO3M6NzoibWVudV9pZCI7aToxO3M6NDoidHlwZSI7czoxOiIyIjtzOjExOiJtb2R1bGVfbmFtZSI7czo3OiJIb2xpZGF5IjtzOjEzOiJkaXZpZGVyX3RpdGxlIjtOO3M6MTA6Imljb25fY2xhc3MiO3M6MTU6ImZhcyBmYS1maWxlLWFsdCI7czozOiJ1cmwiO3M6NzoiaG9saWRheSI7czo1OiJvcmRlciI7aToyMjtzOjk6InBhcmVudF9pZCI7TjtzOjY6InRhcmdldCI7czo1OiJfc2VsZiI7czoxMDoiY3JlYXRlZF9hdCI7czoxOToiMjAyMS0wMi0wMiAxNDo1NjozNCI7czoxMDoidXBkYXRlZF9hdCI7czoxOToiMjAyMS0wMi0wOCAxNDo0NzoyMCI7fXM6MTE6IgAqAG9yaWdpbmFsIjthOjEyOntzOjI6ImlkIjtpOjQzO3M6NzoibWVudV9pZCI7aToxO3M6NDoidHlwZSI7czoxOiIyIjtzOjExOiJtb2R1bGVfbmFtZSI7czo3OiJIb2xpZGF5IjtzOjEzOiJkaXZpZGVyX3RpdGxlIjtOO3M6MTA6Imljb25fY2xhc3MiO3M6MTU6ImZhcyBmYS1maWxlLWFsdCI7czozOiJ1cmwiO3M6NzoiaG9saWRheSI7czo1OiJvcmRlciI7aToyMjtzOjk6InBhcmVudF9pZCI7TjtzOjY6InRhcmdldCI7czo1OiJfc2VsZiI7czoxMDoiY3JlYXRlZF9hdCI7czoxOToiMjAyMS0wMi0wMiAxNDo1NjozNCI7czoxMDoidXBkYXRlZF9hdCI7czoxOToiMjAyMS0wMi0wOCAxNDo0NzoyMCI7fXM6MTA6IgAqAGNoYW5nZXMiO2E6MDp7fXM6ODoiACoAY2FzdHMiO2E6MDp7fXM6MTc6IgAqAGNsYXNzQ2FzdENhY2hlIjthOjA6e31zOjg6IgAqAGRhdGVzIjthOjA6e31zOjEzOiIAKgBkYXRlRm9ybWF0IjtOO3M6MTA6IgAqAGFwcGVuZHMiO2E6MDp7fXM6MTk6IgAqAGRpc3BhdGNoZXNFdmVudHMiO2E6MDp7fXM6MTQ6IgAqAG9ic2VydmFibGVzIjthOjA6e31zOjEyOiIAKgByZWxhdGlvbnMiO2E6MTp7czo4OiJjaGlsZHJlbiI7TzoyNjoiVHlwaUNNU1xOZXN0YWJsZUNvbGxlY3Rpb24iOjc6e3M6ODoiACoAdG90YWwiO2k6MDtzOjE1OiIAKgBwYXJlbnRDb2x1bW4iO3M6OToicGFyZW50X2lkIjtzOjMzOiIAKgByZW1vdmVJdGVtc1dpdGhNaXNzaW5nQW5jZXN0b3IiO2I6MTtzOjE0OiIAKgBpbmRlbnRDaGFycyI7czo4OiLCoMKgwqDCoCI7czoxNToiACoAY2hpbGRyZW5OYW1lIjtzOjU6Iml0ZW1zIjtzOjE3OiIAKgBwYXJlbnRSZWxhdGlvbiI7czo2OiJwYXJlbnQiO3M6ODoiACoAaXRlbXMiO2E6MDp7fX19czoxMDoiACoAdG91Y2hlcyI7YTowOnt9czoxMDoidGltZXN0YW1wcyI7YjoxO3M6OToiACoAaGlkZGVuIjthOjA6e31zOjEwOiIAKgB2aXNpYmxlIjthOjA6e31zOjEwOiIAKgBndWFyZGVkIjthOjE6e2k6MDtzOjE6IioiO319aToyMjtPOjE3OiJBcHBcTW9kZWxzXE1vZHVsZSI6Mjc6e3M6MTE6IgAqAGZpbGxhYmxlIjthOjk6e2k6MDtzOjc6Im1lbnVfaWQiO2k6MTtzOjQ6InR5cGUiO2k6MjtzOjExOiJtb2R1bGVfbmFtZSI7aTozO3M6MTM6ImRpdmlkZXJfdGl0bGUiO2k6NDtzOjEwOiJpY29uX2NsYXNzIjtpOjU7czozOiJ1cmwiO2k6NjtzOjU6Im9yZGVyIjtpOjc7czo5OiJwYXJlbnRfaWQiO2k6ODtzOjY6InRhcmdldCI7fXM6MTM6IgAqAGNvbm5lY3Rpb24iO3M6NToibXlzcWwiO3M6ODoiACoAdGFibGUiO3M6NzoibW9kdWxlcyI7czoxMzoiACoAcHJpbWFyeUtleSI7czoyOiJpZCI7czoxMDoiACoAa2V5VHlwZSI7czozOiJpbnQiO3M6MTI6ImluY3JlbWVudGluZyI7YjoxO3M6NzoiACoAd2l0aCI7YTowOnt9czoxMjoiACoAd2l0aENvdW50IjthOjA6e31zOjEwOiIAKgBwZXJQYWdlIjtpOjE1O3M6NjoiZXhpc3RzIjtiOjE7czoxODoid2FzUmVjZW50bHlDcmVhdGVkIjtiOjA7czoxMzoiACoAYXR0cmlidXRlcyI7YToxMjp7czoyOiJpZCI7aToxMjtzOjc6Im1lbnVfaWQiO2k6MTtzOjQ6InR5cGUiO3M6MToiMiI7czoxMToibW9kdWxlX25hbWUiO3M6NToiQnJhbmQiO3M6MTM6ImRpdmlkZXJfdGl0bGUiO047czoxMDoiaWNvbl9jbGFzcyI7czoxNjoiZmFiIGZhLWJvb3RzdHJhcCI7czozOiJ1cmwiO3M6NToiYnJhbmQiO3M6NToib3JkZXIiO2k6MjM7czo5OiJwYXJlbnRfaWQiO047czo2OiJ0YXJnZXQiO3M6NToiX3NlbGYiO3M6MTA6ImNyZWF0ZWRfYXQiO3M6MTk6IjIwMjAtMTItMTAgMTY6MjE6NDMiO3M6MTA6InVwZGF0ZWRfYXQiO3M6MTk6IjIwMjEtMDItMDggMTQ6NDc6MjAiO31zOjExOiIAKgBvcmlnaW5hbCI7YToxMjp7czoyOiJpZCI7aToxMjtzOjc6Im1lbnVfaWQiO2k6MTtzOjQ6InR5cGUiO3M6MToiMiI7czoxMToibW9kdWxlX25hbWUiO3M6NToiQnJhbmQiO3M6MTM6ImRpdmlkZXJfdGl0bGUiO047czoxMDoiaWNvbl9jbGFzcyI7czoxNjoiZmFiIGZhLWJvb3RzdHJhcCI7czozOiJ1cmwiO3M6NToiYnJhbmQiO3M6NToib3JkZXIiO2k6MjM7czo5OiJwYXJlbnRfaWQiO047czo2OiJ0YXJnZXQiO3M6NToiX3NlbGYiO3M6MTA6ImNyZWF0ZWRfYXQiO3M6MTk6IjIwMjAtMTItMTAgMTY6MjE6NDMiO3M6MTA6InVwZGF0ZWRfYXQiO3M6MTk6IjIwMjEtMDItMDggMTQ6NDc6MjAiO31zOjEwOiIAKgBjaGFuZ2VzIjthOjA6e31zOjg6IgAqAGNhc3RzIjthOjA6e31zOjE3OiIAKgBjbGFzc0Nhc3RDYWNoZSI7YTowOnt9czo4OiIAKgBkYXRlcyI7YTowOnt9czoxMzoiACoAZGF0ZUZvcm1hdCI7TjtzOjEwOiIAKgBhcHBlbmRzIjthOjA6e31zOjE5OiIAKgBkaXNwYXRjaGVzRXZlbnRzIjthOjA6e31zOjE0OiIAKgBvYnNlcnZhYmxlcyI7YTowOnt9czoxMjoiACoAcmVsYXRpb25zIjthOjE6e3M6ODoiY2hpbGRyZW4iO086MjY6IlR5cGlDTVNcTmVzdGFibGVDb2xsZWN0aW9uIjo3OntzOjg6IgAqAHRvdGFsIjtpOjA7czoxNToiACoAcGFyZW50Q29sdW1uIjtzOjk6InBhcmVudF9pZCI7czozMzoiACoAcmVtb3ZlSXRlbXNXaXRoTWlzc2luZ0FuY2VzdG9yIjtiOjE7czoxNDoiACoAaW5kZW50Q2hhcnMiO3M6ODoiwqDCoMKgwqAiO3M6MTU6IgAqAGNoaWxkcmVuTmFtZSI7czo1OiJpdGVtcyI7czoxNzoiACoAcGFyZW50UmVsYXRpb24iO3M6NjoicGFyZW50IjtzOjg6IgAqAGl0ZW1zIjthOjA6e319fXM6MTA6IgAqAHRvdWNoZXMiO2E6MDp7fXM6MTA6InRpbWVzdGFtcHMiO2I6MTtzOjk6IgAqAGhpZGRlbiI7YTowOnt9czoxMDoiACoAdmlzaWJsZSI7YTowOnt9czoxMDoiACoAZ3VhcmRlZCI7YToxOntpOjA7czoxOiIqIjt9fWk6MjM7TzoxNzoiQXBwXE1vZGVsc1xNb2R1bGUiOjI3OntzOjExOiIAKgBmaWxsYWJsZSI7YTo5OntpOjA7czo3OiJtZW51X2lkIjtpOjE7czo0OiJ0eXBlIjtpOjI7czoxMToibW9kdWxlX25hbWUiO2k6MztzOjEzOiJkaXZpZGVyX3RpdGxlIjtpOjQ7czoxMDoiaWNvbl9jbGFzcyI7aTo1O3M6MzoidXJsIjtpOjY7czo1OiJvcmRlciI7aTo3O3M6OToicGFyZW50X2lkIjtpOjg7czo2OiJ0YXJnZXQiO31zOjEzOiIAKgBjb25uZWN0aW9uIjtzOjU6Im15c3FsIjtzOjg6IgAqAHRhYmxlIjtzOjc6Im1vZHVsZXMiO3M6MTM6IgAqAHByaW1hcnlLZXkiO3M6MjoiaWQiO3M6MTA6IgAqAGtleVR5cGUiO3M6MzoiaW50IjtzOjEyOiJpbmNyZW1lbnRpbmciO2I6MTtzOjc6IgAqAHdpdGgiO2E6MDp7fXM6MTI6IgAqAHdpdGhDb3VudCI7YTowOnt9czoxMDoiACoAcGVyUGFnZSI7aToxNTtzOjY6ImV4aXN0cyI7YjoxO3M6MTg6Indhc1JlY2VudGx5Q3JlYXRlZCI7YjowO3M6MTM6IgAqAGF0dHJpYnV0ZXMiO2E6MTI6e3M6MjoiaWQiO2k6MjE7czo3OiJtZW51X2lkIjtpOjE7czo0OiJ0eXBlIjtzOjE6IjIiO3M6MTE6Im1vZHVsZV9uYW1lIjtzOjQ6IlVuaXQiO3M6MTM6ImRpdmlkZXJfdGl0bGUiO047czoxMDoiaWNvbl9jbGFzcyI7czoyMToiZmFzIGZhLXdlaWdodC1oYW5naW5nIjtzOjM6InVybCI7czo0OiJ1bml0IjtzOjU6Im9yZGVyIjtpOjI0O3M6OToicGFyZW50X2lkIjtOO3M6NjoidGFyZ2V0IjtzOjU6Il9zZWxmIjtzOjEwOiJjcmVhdGVkX2F0IjtzOjE5OiIyMDIwLTEyLTI1IDE4OjAwOjMyIjtzOjEwOiJ1cGRhdGVkX2F0IjtzOjE5OiIyMDIxLTAyLTA4IDE0OjQ3OjIwIjt9czoxMToiACoAb3JpZ2luYWwiO2E6MTI6e3M6MjoiaWQiO2k6MjE7czo3OiJtZW51X2lkIjtpOjE7czo0OiJ0eXBlIjtzOjE6IjIiO3M6MTE6Im1vZHVsZV9uYW1lIjtzOjQ6IlVuaXQiO3M6MTM6ImRpdmlkZXJfdGl0bGUiO047czoxMDoiaWNvbl9jbGFzcyI7czoyMToiZmFzIGZhLXdlaWdodC1oYW5naW5nIjtzOjM6InVybCI7czo0OiJ1bml0IjtzOjU6Im9yZGVyIjtpOjI0O3M6OToicGFyZW50X2lkIjtOO3M6NjoidGFyZ2V0IjtzOjU6Il9zZWxmIjtzOjEwOiJjcmVhdGVkX2F0IjtzOjE5OiIyMDIwLTEyLTI1IDE4OjAwOjMyIjtzOjEwOiJ1cGRhdGVkX2F0IjtzOjE5OiIyMDIxLTAyLTA4IDE0OjQ3OjIwIjt9czoxMDoiACoAY2hhbmdlcyI7YTowOnt9czo4OiIAKgBjYXN0cyI7YTowOnt9czoxNzoiACoAY2xhc3NDYXN0Q2FjaGUiO2E6MDp7fXM6ODoiACoAZGF0ZXMiO2E6MDp7fXM6MTM6IgAqAGRhdGVGb3JtYXQiO047czoxMDoiACoAYXBwZW5kcyI7YTowOnt9czoxOToiACoAZGlzcGF0Y2hlc0V2ZW50cyI7YTowOnt9czoxNDoiACoAb2JzZXJ2YWJsZXMiO2E6MDp7fXM6MTI6IgAqAHJlbGF0aW9ucyI7YToxOntzOjg6ImNoaWxkcmVuIjtPOjI2OiJUeXBpQ01TXE5lc3RhYmxlQ29sbGVjdGlvbiI6Nzp7czo4OiIAKgB0b3RhbCI7aTowO3M6MTU6IgAqAHBhcmVudENvbHVtbiI7czo5OiJwYXJlbnRfaWQiO3M6MzM6IgAqAHJlbW92ZUl0ZW1zV2l0aE1pc3NpbmdBbmNlc3RvciI7YjoxO3M6MTQ6IgAqAGluZGVudENoYXJzIjtzOjg6IsKgwqDCoMKgIjtzOjE1OiIAKgBjaGlsZHJlbk5hbWUiO3M6NToiaXRlbXMiO3M6MTc6IgAqAHBhcmVudFJlbGF0aW9uIjtzOjY6InBhcmVudCI7czo4OiIAKgBpdGVtcyI7YTowOnt9fX1zOjEwOiIAKgB0b3VjaGVzIjthOjA6e31zOjEwOiJ0aW1lc3RhbXBzIjtiOjE7czo5OiIAKgBoaWRkZW4iO2E6MDp7fXM6MTA6IgAqAHZpc2libGUiO2E6MDp7fXM6MTA6IgAqAGd1YXJkZWQiO2E6MTp7aTowO3M6MToiKiI7fX1pOjI0O086MTc6IkFwcFxNb2RlbHNcTW9kdWxlIjoyNzp7czoxMToiACoAZmlsbGFibGUiO2E6OTp7aTowO3M6NzoibWVudV9pZCI7aToxO3M6NDoidHlwZSI7aToyO3M6MTE6Im1vZHVsZV9uYW1lIjtpOjM7czoxMzoiZGl2aWRlcl90aXRsZSI7aTo0O3M6MTA6Imljb25fY2xhc3MiO2k6NTtzOjM6InVybCI7aTo2O3M6NToib3JkZXIiO2k6NztzOjk6InBhcmVudF9pZCI7aTo4O3M6NjoidGFyZ2V0Ijt9czoxMzoiACoAY29ubmVjdGlvbiI7czo1OiJteXNxbCI7czo4OiIAKgB0YWJsZSI7czo3OiJtb2R1bGVzIjtzOjEzOiIAKgBwcmltYXJ5S2V5IjtzOjI6ImlkIjtzOjEwOiIAKgBrZXlUeXBlIjtzOjM6ImludCI7czoxMjoiaW5jcmVtZW50aW5nIjtiOjE7czo3OiIAKgB3aXRoIjthOjA6e31zOjEyOiIAKgB3aXRoQ291bnQiO2E6MDp7fXM6MTA6IgAqAHBlclBhZ2UiO2k6MTU7czo2OiJleGlzdHMiO2I6MTtzOjE4OiJ3YXNSZWNlbnRseUNyZWF0ZWQiO2I6MDtzOjEzOiIAKgBhdHRyaWJ1dGVzIjthOjEyOntzOjI6ImlkIjtpOjEzO3M6NzoibWVudV9pZCI7aToxO3M6NDoidHlwZSI7czoxOiIyIjtzOjExOiJtb2R1bGVfbmFtZSI7czozOiJUYXgiO3M6MTM6ImRpdmlkZXJfdGl0bGUiO047czoxMDoiaWNvbl9jbGFzcyI7czoxNDoiZmFzIGZhLXBlcmNlbnQiO3M6MzoidXJsIjtzOjM6InRheCI7czo1OiJvcmRlciI7aToyNTtzOjk6InBhcmVudF9pZCI7TjtzOjY6InRhcmdldCI7czo1OiJfc2VsZiI7czoxMDoiY3JlYXRlZF9hdCI7czoxOToiMjAyMC0xMi0xMCAxNzoyMjo1MCI7czoxMDoidXBkYXRlZF9hdCI7czoxOToiMjAyMS0wMi0wOCAxNDo0NzoyMCI7fXM6MTE6IgAqAG9yaWdpbmFsIjthOjEyOntzOjI6ImlkIjtpOjEzO3M6NzoibWVudV9pZCI7aToxO3M6NDoidHlwZSI7czoxOiIyIjtzOjExOiJtb2R1bGVfbmFtZSI7czozOiJUYXgiO3M6MTM6ImRpdmlkZXJfdGl0bGUiO047czoxMDoiaWNvbl9jbGFzcyI7czoxNDoiZmFzIGZhLXBlcmNlbnQiO3M6MzoidXJsIjtzOjM6InRheCI7czo1OiJvcmRlciI7aToyNTtzOjk6InBhcmVudF9pZCI7TjtzOjY6InRhcmdldCI7czo1OiJfc2VsZiI7czoxMDoiY3JlYXRlZF9hdCI7czoxOToiMjAyMC0xMi0xMCAxNzoyMjo1MCI7czoxMDoidXBkYXRlZF9hdCI7czoxOToiMjAyMS0wMi0wOCAxNDo0NzoyMCI7fXM6MTA6IgAqAGNoYW5nZXMiO2E6MDp7fXM6ODoiACoAY2FzdHMiO2E6MDp7fXM6MTc6IgAqAGNsYXNzQ2FzdENhY2hlIjthOjA6e31zOjg6IgAqAGRhdGVzIjthOjA6e31zOjEzOiIAKgBkYXRlRm9ybWF0IjtOO3M6MTA6IgAqAGFwcGVuZHMiO2E6MDp7fXM6MTk6IgAqAGRpc3BhdGNoZXNFdmVudHMiO2E6MDp7fXM6MTQ6IgAqAG9ic2VydmFibGVzIjthOjA6e31zOjEyOiIAKgByZWxhdGlvbnMiO2E6MTp7czo4OiJjaGlsZHJlbiI7TzoyNjoiVHlwaUNNU1xOZXN0YWJsZUNvbGxlY3Rpb24iOjc6e3M6ODoiACoAdG90YWwiO2k6MDtzOjE1OiIAKgBwYXJlbnRDb2x1bW4iO3M6OToicGFyZW50X2lkIjtzOjMzOiIAKgByZW1vdmVJdGVtc1dpdGhNaXNzaW5nQW5jZXN0b3IiO2I6MTtzOjE0OiIAKgBpbmRlbnRDaGFycyI7czo4OiLCoMKgwqDCoCI7czoxNToiACoAY2hpbGRyZW5OYW1lIjtzOjU6Iml0ZW1zIjtzOjE3OiIAKgBwYXJlbnRSZWxhdGlvbiI7czo2OiJwYXJlbnQiO3M6ODoiACoAaXRlbXMiO2E6MDp7fX19czoxMDoiACoAdG91Y2hlcyI7YTowOnt9czoxMDoidGltZXN0YW1wcyI7YjoxO3M6OToiACoAaGlkZGVuIjthOjA6e31zOjEwOiIAKgB2aXNpYmxlIjthOjA6e31zOjEwOiIAKgBndWFyZGVkIjthOjE6e2k6MDtzOjE6IioiO319fX1zOjEwOiJwZXJtaXNzaW9uIjthOjE3MDp7aTowO3M6MTQ6ImFjY291bnQtYWNjZXNzIjtpOjE7czoxMToiYWNjb3VudC1hZGQiO2k6MjtzOjE5OiJhY2NvdW50LWJ1bGstZGVsZXRlIjtpOjM7czoxNDoiYWNjb3VudC1kZWxldGUiO2k6NDtzOjEyOiJhY2NvdW50LWVkaXQiO2k6NTtzOjE0OiJhY2NvdW50LXJlcG9ydCI7aTo2O3M6MTc6ImF0dGVuZGFuY2UtYWNjZXNzIjtpOjc7czoxNDoiYXR0ZW5kYW5jZS1hZGQiO2k6ODtzOjIyOiJhdHRlbmRhbmNlLWJ1bGstZGVsZXRlIjtpOjk7czoxNzoiYXR0ZW5kYW5jZS1kZWxldGUiO2k6MTA7czoxNToiYXR0ZW5kYW5jZS1lZGl0IjtpOjExO3M6MTc6ImF0dGVuZGFuY2UtcmVwb3J0IjtpOjEyO3M6MjA6ImJhbGFuY2Utc2hlZXQtYWNjZXNzIjtpOjEzO3M6MTI6ImJyYW5kLWFjY2VzcyI7aToxNDtzOjk6ImJyYW5kLWFkZCI7aToxNTtzOjE3OiJicmFuZC1idWxrLWRlbGV0ZSI7aToxNjtzOjEyOiJicmFuZC1kZWxldGUiO2k6MTc7czoxMDoiYnJhbmQtZWRpdCI7aToxODtzOjEyOiJicmFuZC1yZXBvcnQiO2k6MTk7czoxNToiY2F0ZWdvcnktYWNjZXNzIjtpOjIwO3M6MTI6ImNhdGVnb3J5LWFkZCI7aToyMTtzOjIwOiJjYXRlZ29yeS1idWxrLWRlbGV0ZSI7aToyMjtzOjE1OiJjYXRlZ29yeS1kZWxldGUiO2k6MjM7czoxMzoiY2F0ZWdvcnktZWRpdCI7aToyNDtzOjE1OiJjYXRlZ29yeS1yZXBvcnQiO2k6MjU7czoxNToiY3VzdG9tZXItYWNjZXNzIjtpOjI2O3M6MTI6ImN1c3RvbWVyLWFkZCI7aToyNztzOjIwOiJjdXN0b21lci1idWxrLWRlbGV0ZSI7aToyODtzOjE1OiJjdXN0b21lci1kZWxldGUiO2k6Mjk7czoxMzoiY3VzdG9tZXItZWRpdCI7aTozMDtzOjIxOiJjdXN0b21lci1ncm91cC1hY2Nlc3MiO2k6MzE7czoxODoiY3VzdG9tZXItZ3JvdXAtYWRkIjtpOjMyO3M6MjY6ImN1c3RvbWVyLWdyb3VwLWJ1bGstZGVsZXRlIjtpOjMzO3M6MjE6ImN1c3RvbWVyLWdyb3VwLWRlbGV0ZSI7aTozNDtzOjE5OiJjdXN0b21lci1ncm91cC1lZGl0IjtpOjM1O3M6MjE6ImN1c3RvbWVyLWdyb3VwLXJlcG9ydCI7aTozNjtzOjE1OiJjdXN0b21lci1yZXBvcnQiO2k6Mzc7czoxMzoiY3VzdG9tZXItdmlldyI7aTozODtzOjIxOiJkYWlseS1wdXJjaGFzZS1hY2Nlc3MiO2k6Mzk7czoxNzoiZGFpbHktc2FsZS1hY2Nlc3MiO2k6NDA7czoxNjoiZGFzaGJvYXJkLWFjY2VzcyI7aTo0MTtzOjE3OiJkZXBhcnRtZW50LWFjY2VzcyI7aTo0MjtzOjE0OiJkZXBhcnRtZW50LWFkZCI7aTo0MztzOjIyOiJkZXBhcnRtZW50LWJ1bGstZGVsZXRlIjtpOjQ0O3M6MTc6ImRlcGFydG1lbnQtZGVsZXRlIjtpOjQ1O3M6MTU6ImRlcGFydG1lbnQtZWRpdCI7aTo0NjtzOjE3OiJkZXBhcnRtZW50LXJlcG9ydCI7aTo0NztzOjE1OiJlbXBsb3llZS1hY2Nlc3MiO2k6NDg7czoxMjoiZW1wbG95ZWUtYWRkIjtpOjQ5O3M6MjA6ImVtcGxveWVlLWJ1bGstZGVsZXRlIjtpOjUwO3M6MTU6ImVtcGxveWVlLWRlbGV0ZSI7aTo1MTtzOjEzOiJlbXBsb3llZS1lZGl0IjtpOjUyO3M6MTU6ImVtcGxveWVlLXJlcG9ydCI7aTo1MztzOjEzOiJlbXBsb3llZS12aWV3IjtpOjU0O3M6MTQ6ImV4cGVuc2UtYWNjZXNzIjtpOjU1O3M6MTE6ImV4cGVuc2UtYWRkIjtpOjU2O3M6MTk6ImV4cGVuc2UtYnVsay1kZWxldGUiO2k6NTc7czoyMzoiZXhwZW5zZS1jYXRlZ29yeS1hY2Nlc3MiO2k6NTg7czoyMDoiZXhwZW5zZS1jYXRlZ29yeS1hZGQiO2k6NTk7czoyODoiZXhwZW5zZS1jYXRlZ29yeS1idWxrLWRlbGV0ZSI7aTo2MDtzOjIzOiJleHBlbnNlLWNhdGVnb3J5LWRlbGV0ZSI7aTo2MTtzOjIxOiJleHBlbnNlLWNhdGVnb3J5LWVkaXQiO2k6NjI7czoyMzoiZXhwZW5zZS1jYXRlZ29yeS1yZXBvcnQiO2k6NjM7czoxNDoiZXhwZW5zZS1kZWxldGUiO2k6NjQ7czoxMjoiZXhwZW5zZS1lZGl0IjtpOjY1O3M6MTQ6ImV4cGVuc2UtcmVwb3J0IjtpOjY2O3M6MTQ6ImhvbGlkYXktYWNjZXNzIjtpOjY3O3M6MTE6ImhvbGlkYXktYWRkIjtpOjY4O3M6MTk6ImhvbGlkYXktYnVsay1kZWxldGUiO2k6Njk7czoxNDoiaG9saWRheS1kZWxldGUiO2k6NzA7czoxMjoiaG9saWRheS1lZGl0IjtpOjcxO3M6MTQ6ImhvbGlkYXktcmVwb3J0IjtpOjcyO3M6MTg6ImhybS1zZXR0aW5nLWFjY2VzcyI7aTo3MztzOjExOiJtZW51LWFjY2VzcyI7aTo3NDtzOjg6Im1lbnUtYWRkIjtpOjc1O3M6MTI6Im1lbnUtYnVpbGRlciI7aTo3NjtzOjE2OiJtZW51LWJ1bGstZGVsZXRlIjtpOjc3O3M6MTE6Im1lbnUtZGVsZXRlIjtpOjc4O3M6OToibWVudS1lZGl0IjtpOjc5O3M6MTU6Im1lbnUtbW9kdWxlLWFkZCI7aTo4MDtzOjE4OiJtZW51LW1vZHVsZS1kZWxldGUiO2k6ODE7czoxNjoibWVudS1tb2R1bGUtZWRpdCI7aTo4MjtzOjExOiJtZW51LXJlcG9ydCI7aTo4MztzOjIzOiJtb250aGx5LXB1cmNoYXNlLWFjY2VzcyI7aTo4NDtzOjE5OiJtb250aGx5LXNhbGUtYWNjZXNzIjtpOjg1O3M6MTQ6InBheXJvbGwtYWNjZXNzIjtpOjg2O3M6MTE6InBheXJvbGwtYWRkIjtpOjg3O3M6MTk6InBheXJvbGwtYnVsay1kZWxldGUiO2k6ODg7czoxNDoicGF5cm9sbC1kZWxldGUiO2k6ODk7czoxMjoicGF5cm9sbC1lZGl0IjtpOjkwO3M6MTQ6InBheXJvbGwtcmVwb3J0IjtpOjkxO3M6MTc6InBlcm1pc3Npb24tYWNjZXNzIjtpOjkyO3M6MTQ6InBlcm1pc3Npb24tYWRkIjtpOjkzO3M6MjI6InBlcm1pc3Npb24tYnVsay1kZWxldGUiO2k6OTQ7czoxNzoicGVybWlzc2lvbi1kZWxldGUiO2k6OTU7czoxNToicGVybWlzc2lvbi1lZGl0IjtpOjk2O3M6MTc6InBlcm1pc3Npb24tcmVwb3J0IjtpOjk3O3M6MjA6InByaW50LWJhcmNvZGUtYWNjZXNzIjtpOjk4O3M6MTQ6InByb2R1Y3QtYWNjZXNzIjtpOjk5O3M6MTE6InByb2R1Y3QtYWRkIjtpOjEwMDtzOjE5OiJwcm9kdWN0LWJ1bGstZGVsZXRlIjtpOjEwMTtzOjE0OiJwcm9kdWN0LWRlbGV0ZSI7aToxMDI7czoxMjoicHJvZHVjdC1lZGl0IjtpOjEwMztzOjE0OiJwcm9kdWN0LXJlcG9ydCI7aToxMDQ7czoyMToicHJvZHVjdC1yZXBvcnQtYWNjZXNzIjtpOjEwNTtzOjEyOiJwcm9kdWN0LXZpZXciO2k6MTA2O3M6MTU6InB1cmNoYXNlLWFjY2VzcyI7aToxMDc7czoxMjoicHVyY2hhc2UtYWRkIjtpOjEwODtzOjIwOiJwdXJjaGFzZS1idWxrLWRlbGV0ZSI7aToxMDk7czoxNToicHVyY2hhc2UtZGVsZXRlIjtpOjExMDtzOjEzOiJwdXJjaGFzZS1lZGl0IjtpOjExMTtzOjE2OiJwdXJjaGFzZS1pbnZvaWNlIjtpOjExMjtzOjIwOiJwdXJjaGFzZS1wYXltZW50LWFkZCI7aToxMTM7czoyMzoicHVyY2hhc2UtcGF5bWVudC1kZWxldGUiO2k6MTE0O3M6MjE6InB1cmNoYXNlLXBheW1lbnQtZWRpdCI7aToxMTU7czoyMToicHVyY2hhc2UtcGF5bWVudC12aWV3IjtpOjExNjtzOjE1OiJwdXJjaGFzZS1yZXBvcnQiO2k6MTE3O3M6MTM6InB1cmNoYXNlLXZpZXciO2k6MTE4O3M6MTE6InJvbGUtYWNjZXNzIjtpOjExOTtzOjg6InJvbGUtYWRkIjtpOjEyMDtzOjE2OiJyb2xlLWJ1bGstZGVsZXRlIjtpOjEyMTtzOjExOiJyb2xlLWRlbGV0ZSI7aToxMjI7czo5OiJyb2xlLWVkaXQiO2k6MTIzO3M6MTE6InJvbGUtcmVwb3J0IjtpOjEyNDtzOjk6InJvbGUtdmlldyI7aToxMjU7czoxMToic2FsZS1hY2Nlc3MiO2k6MTI2O3M6ODoic2FsZS1hZGQiO2k6MTI3O3M6MTY6InNhbGUtYnVsay1kZWxldGUiO2k6MTI4O3M6MTE6InNhbGUtZGVsZXRlIjtpOjEyOTtzOjk6InNhbGUtZWRpdCI7aToxMzA7czoxNjoic2FsZS1wYXltZW50LWFkZCI7aToxMzE7czoxOToic2FsZS1wYXltZW50LWRlbGV0ZSI7aToxMzI7czoxNzoic2FsZS1wYXltZW50LWVkaXQiO2k6MTMzO3M6MTc6InNhbGUtcGF5bWVudC12aWV3IjtpOjEzNDtzOjExOiJzYWxlLXJlcG9ydCI7aToxMzU7czo5OiJzYWxlLXZpZXciO2k6MTM2O3M6MTQ6InNldHRpbmctYWNjZXNzIjtpOjEzNztzOjIxOiJzdW1tYXJ5LXJlcG9ydC1hY2Nlc3MiO2k6MTM4O3M6MTU6InN1cHBsaWVyLWFjY2VzcyI7aToxMzk7czoxMjoic3VwcGxpZXItYWRkIjtpOjE0MDtzOjIwOiJzdXBwbGllci1idWxrLWRlbGV0ZSI7aToxNDE7czoxNToic3VwcGxpZXItZGVsZXRlIjtpOjE0MjtzOjEzOiJzdXBwbGllci1lZGl0IjtpOjE0MztzOjE1OiJzdXBwbGllci1yZXBvcnQiO2k6MTQ0O3M6MTM6InN1cHBsaWVyLXZpZXciO2k6MTQ1O3M6MTA6InRheC1hY2Nlc3MiO2k6MTQ2O3M6NzoidGF4LWFkZCI7aToxNDc7czoxNToidGF4LWJ1bGstZGVsZXRlIjtpOjE0ODtzOjEwOiJ0YXgtZGVsZXRlIjtpOjE0OTtzOjg6InRheC1lZGl0IjtpOjE1MDtzOjEwOiJ0YXgtcmVwb3J0IjtpOjE1MTtzOjExOiJ1bml0LWFjY2VzcyI7aToxNTI7czo4OiJ1bml0LWFkZCI7aToxNTM7czoxNjoidW5pdC1idWxrLWRlbGV0ZSI7aToxNTQ7czoxMToidW5pdC1kZWxldGUiO2k6MTU1O3M6OToidW5pdC1lZGl0IjtpOjE1NjtzOjExOiJ1bml0LXJlcG9ydCI7aToxNTc7czoxMToidXNlci1hY2Nlc3MiO2k6MTU4O3M6ODoidXNlci1hZGQiO2k6MTU5O3M6MTY6InVzZXItYnVsay1kZWxldGUiO2k6MTYwO3M6MTE6InVzZXItZGVsZXRlIjtpOjE2MTtzOjk6InVzZXItZWRpdCI7aToxNjI7czoxMToidXNlci1yZXBvcnQiO2k6MTYzO3M6OToidXNlci12aWV3IjtpOjE2NDtzOjE2OiJ3YXJlaG91c2UtYWNjZXNzIjtpOjE2NTtzOjEzOiJ3YXJlaG91c2UtYWRkIjtpOjE2NjtzOjIxOiJ3YXJlaG91c2UtYnVsay1kZWxldGUiO2k6MTY3O3M6MTY6IndhcmVob3VzZS1kZWxldGUiO2k6MTY4O3M6MTQ6IndhcmVob3VzZS1lZGl0IjtpOjE2OTtzOjE2OiJ3YXJlaG91c2UtcmVwb3J0Ijt9fQ==', 1613888120);

-- --------------------------------------------------------

--
-- Table structure for table `settings`
--

CREATE TABLE `settings` (
  `id` bigint(20) UNSIGNED NOT NULL,
  `name` varchar(255) COLLATE utf8mb4_unicode_ci NOT NULL,
  `value` varchar(255) COLLATE utf8mb4_unicode_ci DEFAULT NULL,
  `created_at` timestamp NULL DEFAULT NULL,
  `updated_at` timestamp NULL DEFAULT NULL
) ENGINE=InnoDB DEFAULT CHARSET=utf8mb4 COLLATE=utf8mb4_unicode_ci;

--
-- Dumping data for table `settings`
--

INSERT INTO `settings` (`id`, `name`, `value`, `created_at`, `updated_at`) VALUES
(1, 'title', 'Instructory', NULL, NULL),
(2, 'address', 'Lorem Ipsum Dollar', NULL, NULL),
(3, 'currency_code', 'BDT', NULL, NULL),
(4, 'currency_position', 'suffix', NULL, NULL),
(5, 'timezone', 'Asia/Dhaka', NULL, NULL),
(6, 'invoice_prefix', 'INV-', NULL, NULL),
(7, 'invoice_number', '1000', NULL, NULL),
(8, 'logo', 'logo-blue_beta-398435.png', NULL, NULL),
(9, 'favicon', 'index-685343.png', NULL, NULL),
(10, 'currency_symbol', 'Tk', NULL, NULL),
(11, 'date_format', 'd-M-Y', NULL, NULL);

-- --------------------------------------------------------

--
-- Table structure for table `suppliers`
--

CREATE TABLE `suppliers` (
  `id` bigint(20) UNSIGNED NOT NULL,
  `name` varchar(255) COLLATE utf8mb4_unicode_ci NOT NULL,
  `company_name` varchar(255) COLLATE utf8mb4_unicode_ci DEFAULT NULL,
  `vat_number` varchar(255) COLLATE utf8mb4_unicode_ci DEFAULT NULL,
  `email` varchar(255) COLLATE utf8mb4_unicode_ci DEFAULT NULL,
  `phone` varchar(255) COLLATE utf8mb4_unicode_ci DEFAULT NULL,
  `address` varchar(255) COLLATE utf8mb4_unicode_ci DEFAULT NULL,
  `city` varchar(255) COLLATE utf8mb4_unicode_ci DEFAULT NULL,
  `state` varchar(255) COLLATE utf8mb4_unicode_ci DEFAULT NULL,
  `postal_code` varchar(255) COLLATE utf8mb4_unicode_ci DEFAULT NULL,
  `country` varchar(255) COLLATE utf8mb4_unicode_ci DEFAULT NULL,
  `status` enum('1','2') COLLATE utf8mb4_unicode_ci NOT NULL DEFAULT '1' COMMENT '1=active,2=inactive',
  `created_by` varchar(255) COLLATE utf8mb4_unicode_ci DEFAULT NULL,
  `updated_by` varchar(255) COLLATE utf8mb4_unicode_ci DEFAULT NULL,
  `created_at` timestamp NULL DEFAULT NULL,
  `updated_at` timestamp NULL DEFAULT NULL
) ENGINE=InnoDB DEFAULT CHARSET=utf8mb4 COLLATE=utf8mb4_unicode_ci;

--
-- Dumping data for table `suppliers`
--

INSERT INTO `suppliers` (`id`, `name`, `company_name`, `vat_number`, `email`, `phone`, `address`, `city`, `state`, `postal_code`, `country`, `status`, `created_by`, `updated_by`, `created_at`, `updated_at`) VALUES
(1, 'Mr. AAA', 'Apple', '123456', NULL, '01512223698', NULL, NULL, NULL, NULL, NULL, '1', 'Super Admin', NULL, '2020-12-26 10:12:19', '2020-12-26 10:12:19'),
(2, 'Mr. BBB', 'Samsung', '4646454', NULL, '01521225988', NULL, NULL, NULL, NULL, NULL, '1', 'Super Admin', NULL, '2020-12-26 10:12:44', '2020-12-26 10:12:44'),
(3, 'Mr. CCC', 'Xiaomi', '454464', NULL, '01521225684', 'lorem ipsum dollar', NULL, NULL, NULL, NULL, '1', 'Super Admin', NULL, '2020-12-26 10:13:11', '2020-12-26 10:13:11'),
(4, 'Mr. DDD', 'Huawei', '878646546', NULL, '01521223654', NULL, NULL, NULL, NULL, NULL, '1', 'Super Admin', NULL, '2020-12-26 10:13:32', '2020-12-26 10:13:32'),
(5, 'Mr. EEE', 'Dell', '646454', NULL, '01521225983', NULL, NULL, NULL, NULL, NULL, '1', 'Super Admin', NULL, '2020-12-26 10:13:55', '2020-12-26 10:13:55'),
(6, 'Mr. FFF', NULL, '54564544', NULL, '01521225955', NULL, NULL, NULL, NULL, NULL, '1', 'Super Admin', NULL, '2020-12-26 10:14:15', '2020-12-26 10:14:15');

-- --------------------------------------------------------

--
-- Table structure for table `taxes`
--

CREATE TABLE `taxes` (
  `id` bigint(20) UNSIGNED NOT NULL,
  `name` varchar(255) COLLATE utf8mb4_unicode_ci NOT NULL,
  `rate` varchar(255) COLLATE utf8mb4_unicode_ci NOT NULL,
  `status` enum('1','2') COLLATE utf8mb4_unicode_ci NOT NULL DEFAULT '1' COMMENT '1=active,2=inactive',
  `created_by` varchar(255) COLLATE utf8mb4_unicode_ci DEFAULT NULL,
  `updated_by` varchar(255) COLLATE utf8mb4_unicode_ci DEFAULT NULL,
  `created_at` timestamp NULL DEFAULT NULL,
  `updated_at` timestamp NULL DEFAULT NULL
) ENGINE=InnoDB DEFAULT CHARSET=utf8mb4 COLLATE=utf8mb4_unicode_ci;

--
-- Dumping data for table `taxes`
--

INSERT INTO `taxes` (`id`, `name`, `rate`, `status`, `created_by`, `updated_by`, `created_at`, `updated_at`) VALUES
(1, 'Vat-10', '10', '1', 'Super Admin', NULL, '2020-12-26 10:10:34', '2020-12-26 10:10:34'),
(2, 'vat-15', '15', '1', 'Super Admin', NULL, '2020-12-26 10:10:45', '2020-12-26 10:10:45');

-- --------------------------------------------------------

--
-- Table structure for table `units`
--

CREATE TABLE `units` (
  `id` bigint(20) UNSIGNED NOT NULL,
  `unit_code` varchar(255) COLLATE utf8mb4_unicode_ci NOT NULL,
  `unit_name` varchar(255) COLLATE utf8mb4_unicode_ci NOT NULL,
  `base_unit` int(10) UNSIGNED DEFAULT NULL,
  `operator` varchar(255) COLLATE utf8mb4_unicode_ci DEFAULT '*',
  `operation_value` varchar(255) COLLATE utf8mb4_unicode_ci DEFAULT '1',
  `status` enum('1','2') COLLATE utf8mb4_unicode_ci NOT NULL DEFAULT '1' COMMENT '1=active,2=inactive',
  `created_by` varchar(255) COLLATE utf8mb4_unicode_ci DEFAULT NULL,
  `updated_by` varchar(255) COLLATE utf8mb4_unicode_ci DEFAULT NULL,
  `created_at` timestamp NULL DEFAULT NULL,
  `updated_at` timestamp NULL DEFAULT NULL
) ENGINE=InnoDB DEFAULT CHARSET=utf8mb4 COLLATE=utf8mb4_unicode_ci;

--
-- Dumping data for table `units`
--

INSERT INTO `units` (`id`, `unit_code`, `unit_name`, `base_unit`, `operator`, `operation_value`, `status`, `created_by`, `updated_by`, `created_at`, `updated_at`) VALUES
(1, 'Pc', 'Piece', NULL, '*', '1', '1', 'Super Admin', NULL, '2020-12-25 13:20:46', '2020-12-25 13:20:46'),
(5, 'Ctn', 'Carton', NULL, '*', '1', '2', 'Super Admin', NULL, '2020-12-25 13:29:19', '2020-12-25 13:34:52'),
(6, 'Kg', 'Kilogram', NULL, '*', '1', '1', 'Super Admin', NULL, '2020-12-28 10:38:45', '2020-12-28 10:38:45'),
(7, 'Gm', 'Gram', 6, '/', '1000', '1', 'Super Admin', NULL, '2020-12-28 10:39:07', '2020-12-28 10:39:07'),
(8, 'mg', 'Miligram', 6, '/', '1000000', '1', 'Super Admin', NULL, '2021-01-19 05:22:03', '2021-01-19 05:22:03');

-- --------------------------------------------------------

--
-- Table structure for table `users`
--

CREATE TABLE `users` (
  `id` bigint(20) UNSIGNED NOT NULL,
  `role_id` bigint(20) UNSIGNED NOT NULL,
  `name` varchar(100) COLLATE utf8mb4_unicode_ci NOT NULL,
  `email` varchar(100) COLLATE utf8mb4_unicode_ci NOT NULL,
  `avatar` varchar(255) COLLATE utf8mb4_unicode_ci DEFAULT NULL,
  `mobile_no` varchar(255) COLLATE utf8mb4_unicode_ci DEFAULT NULL,
  `gender` enum('1','2') COLLATE utf8mb4_unicode_ci NOT NULL COMMENT '1=Male,2=Female',
  `email_verified_at` timestamp NULL DEFAULT NULL,
  `password` varchar(255) COLLATE utf8mb4_unicode_ci NOT NULL,
  `status` enum('1','2') COLLATE utf8mb4_unicode_ci NOT NULL DEFAULT '1' COMMENT '1=Active,2=Inactive',
  `remember_token` varchar(100) COLLATE utf8mb4_unicode_ci DEFAULT NULL,
  `created_by` varchar(50) COLLATE utf8mb4_unicode_ci DEFAULT NULL,
  `modified_by` varchar(50) COLLATE utf8mb4_unicode_ci DEFAULT NULL,
  `created_at` timestamp NULL DEFAULT NULL,
  `updated_at` timestamp NULL DEFAULT NULL
) ENGINE=InnoDB DEFAULT CHARSET=utf8mb4 COLLATE=utf8mb4_unicode_ci;

--
-- Dumping data for table `users`
--

INSERT INTO `users` (`id`, `role_id`, `name`, `email`, `avatar`, `mobile_no`, `gender`, `email_verified_at`, `password`, `status`, `remember_token`, `created_by`, `modified_by`, `created_at`, `updated_at`) VALUES
(1, 1, 'Super Admin', 'admin@mail.com', NULL, '01521225987', '1', NULL, '$2y$10$7K3K8JbQ3.6qLaW.KLgvX.zDMtWI6EgBrwPHn.c6ZbmxfL2MtqcNm', '1', NULL, NULL, NULL, '2020-11-14 11:27:29', '2020-11-14 11:27:29'),
(2, 2, 'Mr. Amin', 'amin@gmail.com', NULL, '01521225988', '1', NULL, '$2y$10$59twIPB1jN7TzbzqN2KPq.DWTfJn6OVl5jIgMy4NPUH1AjJscJO96', '1', NULL, 'Super Admin', NULL, '2020-11-14 12:25:53', '2020-11-25 11:53:14');

-- --------------------------------------------------------

--
-- Table structure for table `warehouses`
--

CREATE TABLE `warehouses` (
  `id` bigint(20) UNSIGNED NOT NULL,
  `name` varchar(100) COLLATE utf8mb4_unicode_ci NOT NULL,
  `phone` varchar(15) COLLATE utf8mb4_unicode_ci DEFAULT NULL,
  `email` varchar(50) COLLATE utf8mb4_unicode_ci DEFAULT NULL,
  `address` text COLLATE utf8mb4_unicode_ci,
  `status` enum('1','2') COLLATE utf8mb4_unicode_ci NOT NULL DEFAULT '1' COMMENT '1=active,2=inactive',
  `created_by` varchar(255) COLLATE utf8mb4_unicode_ci DEFAULT NULL,
  `updated_by` varchar(255) COLLATE utf8mb4_unicode_ci DEFAULT NULL,
  `created_at` timestamp NULL DEFAULT NULL,
  `updated_at` timestamp NULL DEFAULT NULL
) ENGINE=InnoDB DEFAULT CHARSET=utf8mb4 COLLATE=utf8mb4_unicode_ci;

--
-- Dumping data for table `warehouses`
--

INSERT INTO `warehouses` (`id`, `name`, `phone`, `email`, `address`, `status`, `created_by`, `updated_by`, `created_at`, `updated_at`) VALUES
(1, 'Warehouse 1', NULL, NULL, NULL, '1', 'Super Admin', NULL, '2021-01-09 13:51:18', '2021-01-09 13:51:18'),
(2, 'Warehouse 2', NULL, NULL, NULL, '1', 'Super Admin', NULL, '2021-01-09 13:51:31', '2021-01-09 13:51:31');

-- --------------------------------------------------------

--
-- Table structure for table `warehouse_products`
--

CREATE TABLE `warehouse_products` (
  `id` bigint(20) UNSIGNED NOT NULL,
  `warehouse_id` bigint(20) UNSIGNED DEFAULT NULL,
  `product_id` bigint(20) UNSIGNED DEFAULT NULL,
  `qty` double NOT NULL,
  `created_at` timestamp NULL DEFAULT NULL,
  `updated_at` timestamp NULL DEFAULT NULL
) ENGINE=InnoDB DEFAULT CHARSET=utf8mb4 COLLATE=utf8mb4_unicode_ci;

--
-- Dumping data for table `warehouse_products`
--

INSERT INTO `warehouse_products` (`id`, `warehouse_id`, `product_id`, `qty`, `created_at`, `updated_at`) VALUES
(1, 1, 2, 3, '2021-01-14 13:14:31', '2021-01-31 03:44:56'),
(2, 1, 3, 14, '2021-01-14 13:14:31', '2021-01-31 03:43:19'),
(3, 2, 1, 5, '2021-01-14 13:16:52', '2021-01-14 13:16:52');

--
-- Indexes for dumped tables
--

--
-- Indexes for table `accounts`
--
ALTER TABLE `accounts`
  ADD PRIMARY KEY (`id`),
  ADD UNIQUE KEY `accounts_account_no_unique` (`account_no`),
  ADD UNIQUE KEY `accounts_name_unique` (`name`);

--
-- Indexes for table `attendances`
--
ALTER TABLE `attendances`
  ADD PRIMARY KEY (`id`),
  ADD KEY `attendances_employee_id_foreign` (`employee_id`);

--
-- Indexes for table `brands`
--
ALTER TABLE `brands`
  ADD PRIMARY KEY (`id`),
  ADD UNIQUE KEY `brands_title_unique` (`title`);

--
-- Indexes for table `cache`
--
ALTER TABLE `cache`
  ADD UNIQUE KEY `cache_key_unique` (`key`);

--
-- Indexes for table `categories`
--
ALTER TABLE `categories`
  ADD PRIMARY KEY (`id`),
  ADD UNIQUE KEY `categories_name_unique` (`name`);

--
-- Indexes for table `customers`
--
ALTER TABLE `customers`
  ADD PRIMARY KEY (`id`),
  ADD KEY `customers_customer_group_id_foreign` (`customer_group_id`);

--
-- Indexes for table `customer_groups`
--
ALTER TABLE `customer_groups`
  ADD PRIMARY KEY (`id`),
  ADD UNIQUE KEY `customer_groups_group_name_unique` (`group_name`);

--
-- Indexes for table `departments`
--
ALTER TABLE `departments`
  ADD PRIMARY KEY (`id`),
  ADD UNIQUE KEY `departments_name_unique` (`name`);

--
-- Indexes for table `employees`
--
ALTER TABLE `employees`
  ADD PRIMARY KEY (`id`),
  ADD KEY `employees_department_id_foreign` (`department_id`);

--
-- Indexes for table `expenses`
--
ALTER TABLE `expenses`
  ADD PRIMARY KEY (`id`),
  ADD KEY `expenses_expense_category_id_foreign` (`expense_category_id`),
  ADD KEY `expenses_warehouse_id_foreign` (`warehouse_id`),
  ADD KEY `expenses_account_id_foreign` (`account_id`);

--
-- Indexes for table `expense_categories`
--
ALTER TABLE `expense_categories`
  ADD PRIMARY KEY (`id`),
  ADD UNIQUE KEY `expense_categories_name_unique` (`name`);

--
-- Indexes for table `failed_jobs`
--
ALTER TABLE `failed_jobs`
  ADD PRIMARY KEY (`id`);

--
-- Indexes for table `hrm_settings`
--
ALTER TABLE `hrm_settings`
  ADD PRIMARY KEY (`id`);

--
-- Indexes for table `menus`
--
ALTER TABLE `menus`
  ADD PRIMARY KEY (`id`),
  ADD UNIQUE KEY `menus_menu_name_unique` (`menu_name`);

--
-- Indexes for table `migrations`
--
ALTER TABLE `migrations`
  ADD PRIMARY KEY (`id`);

--
-- Indexes for table `modules`
--
ALTER TABLE `modules`
  ADD PRIMARY KEY (`id`),
  ADD KEY `modules_menu_id_foreign` (`menu_id`);

--
-- Indexes for table `module_role`
--
ALTER TABLE `module_role`
  ADD PRIMARY KEY (`id`),
  ADD KEY `module_role_module_id_foreign` (`module_id`),
  ADD KEY `module_role_role_id_foreign` (`role_id`);

--
-- Indexes for table `password_resets`
--
ALTER TABLE `password_resets`
  ADD KEY `password_resets_email_index` (`email`);

--
-- Indexes for table `payments`
--
ALTER TABLE `payments`
  ADD PRIMARY KEY (`id`),
  ADD KEY `payments_account_id_foreign` (`account_id`),
  ADD KEY `payments_purchase_id_foreign` (`purchase_id`);

--
-- Indexes for table `payrolls`
--
ALTER TABLE `payrolls`
  ADD PRIMARY KEY (`id`),
  ADD KEY `payrolls_employee_id_foreign` (`employee_id`),
  ADD KEY `payrolls_account_id_foreign` (`account_id`);

--
-- Indexes for table `permissions`
--
ALTER TABLE `permissions`
  ADD PRIMARY KEY (`id`),
  ADD UNIQUE KEY `permissions_slug_unique` (`slug`),
  ADD KEY `permissions_module_id_foreign` (`module_id`);

--
-- Indexes for table `permission_role`
--
ALTER TABLE `permission_role`
  ADD PRIMARY KEY (`id`),
  ADD KEY `permission_role_permission_id_foreign` (`permission_id`),
  ADD KEY `permission_role_role_id_foreign` (`role_id`);

--
-- Indexes for table `products`
--
ALTER TABLE `products`
  ADD PRIMARY KEY (`id`),
  ADD UNIQUE KEY `products_code_unique` (`code`),
  ADD KEY `products_brand_id_foreign` (`brand_id`),
  ADD KEY `products_category_id_foreign` (`category_id`),
  ADD KEY `products_unit_id_foreign` (`unit_id`),
  ADD KEY `products_purchase_unit_id_foreign` (`purchase_unit_id`),
  ADD KEY `products_sale_unit_id_foreign` (`sale_unit_id`),
  ADD KEY `products_tax_id_foreign` (`tax_id`);

--
-- Indexes for table `purchases`
--
ALTER TABLE `purchases`
  ADD PRIMARY KEY (`id`),
  ADD UNIQUE KEY `purchases_purchase_no_unique` (`purchase_no`),
  ADD KEY `purchases_supplier_id_foreign` (`supplier_id`),
  ADD KEY `purchases_warehouse_id_foreign` (`warehouse_id`);

--
-- Indexes for table `purchase_products`
--
ALTER TABLE `purchase_products`
  ADD PRIMARY KEY (`id`),
  ADD KEY `purchase_products_purchase_id_foreign` (`purchase_id`),
  ADD KEY `purchase_products_product_id_foreign` (`product_id`),
  ADD KEY `purchase_products_unit_id_foreign` (`unit_id`);

--
-- Indexes for table `roles`
--
ALTER TABLE `roles`
  ADD PRIMARY KEY (`id`),
  ADD UNIQUE KEY `roles_role_name_unique` (`role_name`);

--
-- Indexes for table `sales`
--
ALTER TABLE `sales`
  ADD PRIMARY KEY (`id`),
  ADD UNIQUE KEY `sales_sale_no_unique` (`sale_no`),
  ADD KEY `sales_customer_id_foreign` (`customer_id`),
  ADD KEY `sales_warehouse_id_foreign` (`warehouse_id`);

--
-- Indexes for table `sale_products`
--
ALTER TABLE `sale_products`
  ADD PRIMARY KEY (`id`),
  ADD KEY `sale_products_sale_id_foreign` (`sale_id`),
  ADD KEY `sale_products_product_id_foreign` (`product_id`),
  ADD KEY `sale_products_sale_unit_id_foreign` (`sale_unit_id`);

--
-- Indexes for table `sessions`
--
ALTER TABLE `sessions`
  ADD PRIMARY KEY (`id`),
  ADD KEY `sessions_user_id_index` (`user_id`),
  ADD KEY `sessions_last_activity_index` (`last_activity`);

--
-- Indexes for table `settings`
--
ALTER TABLE `settings`
  ADD PRIMARY KEY (`id`),
  ADD UNIQUE KEY `settings_name_unique` (`name`);

--
-- Indexes for table `suppliers`
--
ALTER TABLE `suppliers`
  ADD PRIMARY KEY (`id`);

--
-- Indexes for table `taxes`
--
ALTER TABLE `taxes`
  ADD PRIMARY KEY (`id`),
  ADD UNIQUE KEY `taxes_name_unique` (`name`);

--
-- Indexes for table `units`
--
ALTER TABLE `units`
  ADD PRIMARY KEY (`id`);

--
-- Indexes for table `users`
--
ALTER TABLE `users`
  ADD PRIMARY KEY (`id`),
  ADD UNIQUE KEY `users_email_unique` (`email`),
  ADD UNIQUE KEY `users_mobile_no_unique` (`mobile_no`),
  ADD KEY `users_role_id_foreign` (`role_id`);

--
-- Indexes for table `warehouses`
--
ALTER TABLE `warehouses`
  ADD PRIMARY KEY (`id`),
  ADD UNIQUE KEY `warehouses_name_unique` (`name`);

--
-- Indexes for table `warehouse_products`
--
ALTER TABLE `warehouse_products`
  ADD PRIMARY KEY (`id`),
  ADD KEY `warehouse_products_warehouse_id_foreign` (`warehouse_id`),
  ADD KEY `warehouse_products_product_id_foreign` (`product_id`);

--
-- AUTO_INCREMENT for dumped tables
--

--
-- AUTO_INCREMENT for table `accounts`
--
ALTER TABLE `accounts`
  MODIFY `id` bigint(20) UNSIGNED NOT NULL AUTO_INCREMENT, AUTO_INCREMENT=3;

--
-- AUTO_INCREMENT for table `attendances`
--
ALTER TABLE `attendances`
  MODIFY `id` bigint(20) UNSIGNED NOT NULL AUTO_INCREMENT;

--
-- AUTO_INCREMENT for table `brands`
--
ALTER TABLE `brands`
  MODIFY `id` bigint(20) UNSIGNED NOT NULL AUTO_INCREMENT, AUTO_INCREMENT=7;

--
-- AUTO_INCREMENT for table `categories`
--
ALTER TABLE `categories`
  MODIFY `id` bigint(20) UNSIGNED NOT NULL AUTO_INCREMENT, AUTO_INCREMENT=5;

--
-- AUTO_INCREMENT for table `customers`
--
ALTER TABLE `customers`
  MODIFY `id` bigint(20) UNSIGNED NOT NULL AUTO_INCREMENT, AUTO_INCREMENT=5;

--
-- AUTO_INCREMENT for table `customer_groups`
--
ALTER TABLE `customer_groups`
  MODIFY `id` bigint(20) UNSIGNED NOT NULL AUTO_INCREMENT, AUTO_INCREMENT=4;

--
-- AUTO_INCREMENT for table `departments`
--
ALTER TABLE `departments`
  MODIFY `id` bigint(20) UNSIGNED NOT NULL AUTO_INCREMENT, AUTO_INCREMENT=4;

--
-- AUTO_INCREMENT for table `employees`
--
ALTER TABLE `employees`
  MODIFY `id` bigint(20) UNSIGNED NOT NULL AUTO_INCREMENT, AUTO_INCREMENT=3;

--
-- AUTO_INCREMENT for table `expenses`
--
ALTER TABLE `expenses`
  MODIFY `id` bigint(20) UNSIGNED NOT NULL AUTO_INCREMENT, AUTO_INCREMENT=3;

--
-- AUTO_INCREMENT for table `expense_categories`
--
ALTER TABLE `expense_categories`
  MODIFY `id` bigint(20) UNSIGNED NOT NULL AUTO_INCREMENT, AUTO_INCREMENT=4;

--
-- AUTO_INCREMENT for table `failed_jobs`
--
ALTER TABLE `failed_jobs`
  MODIFY `id` bigint(20) UNSIGNED NOT NULL AUTO_INCREMENT;

--
-- AUTO_INCREMENT for table `hrm_settings`
--
ALTER TABLE `hrm_settings`
  MODIFY `id` bigint(20) UNSIGNED NOT NULL AUTO_INCREMENT, AUTO_INCREMENT=2;

--
-- AUTO_INCREMENT for table `menus`
--
ALTER TABLE `menus`
  MODIFY `id` bigint(20) UNSIGNED NOT NULL AUTO_INCREMENT, AUTO_INCREMENT=2;

--
-- AUTO_INCREMENT for table `migrations`
--
ALTER TABLE `migrations`
  MODIFY `id` int(10) UNSIGNED NOT NULL AUTO_INCREMENT, AUTO_INCREMENT=61;

--
-- AUTO_INCREMENT for table `modules`
--
ALTER TABLE `modules`
  MODIFY `id` bigint(20) UNSIGNED NOT NULL AUTO_INCREMENT, AUTO_INCREMENT=53;

--
-- AUTO_INCREMENT for table `module_role`
--
ALTER TABLE `module_role`
  MODIFY `id` bigint(20) UNSIGNED NOT NULL AUTO_INCREMENT, AUTO_INCREMENT=5;

--
-- AUTO_INCREMENT for table `payments`
--
ALTER TABLE `payments`
  MODIFY `id` bigint(20) UNSIGNED NOT NULL AUTO_INCREMENT, AUTO_INCREMENT=7;

--
-- AUTO_INCREMENT for table `payrolls`
--
ALTER TABLE `payrolls`
  MODIFY `id` bigint(20) UNSIGNED NOT NULL AUTO_INCREMENT, AUTO_INCREMENT=3;

--
-- AUTO_INCREMENT for table `permissions`
--
ALTER TABLE `permissions`
  MODIFY `id` bigint(20) UNSIGNED NOT NULL AUTO_INCREMENT, AUTO_INCREMENT=192;

--
-- AUTO_INCREMENT for table `permission_role`
--
ALTER TABLE `permission_role`
  MODIFY `id` bigint(20) UNSIGNED NOT NULL AUTO_INCREMENT;

--
-- AUTO_INCREMENT for table `products`
--
ALTER TABLE `products`
  MODIFY `id` bigint(20) UNSIGNED NOT NULL AUTO_INCREMENT, AUTO_INCREMENT=8;

--
-- AUTO_INCREMENT for table `purchases`
--
ALTER TABLE `purchases`
  MODIFY `id` bigint(20) UNSIGNED NOT NULL AUTO_INCREMENT, AUTO_INCREMENT=3;

--
-- AUTO_INCREMENT for table `purchase_products`
--
ALTER TABLE `purchase_products`
  MODIFY `id` bigint(20) UNSIGNED NOT NULL AUTO_INCREMENT, AUTO_INCREMENT=4;

--
-- AUTO_INCREMENT for table `roles`
--
ALTER TABLE `roles`
  MODIFY `id` bigint(20) UNSIGNED NOT NULL AUTO_INCREMENT, AUTO_INCREMENT=3;

--
-- AUTO_INCREMENT for table `sales`
--
ALTER TABLE `sales`
  MODIFY `id` bigint(20) UNSIGNED NOT NULL AUTO_INCREMENT, AUTO_INCREMENT=3;

--
-- AUTO_INCREMENT for table `sale_products`
--
ALTER TABLE `sale_products`
  MODIFY `id` bigint(20) UNSIGNED NOT NULL AUTO_INCREMENT, AUTO_INCREMENT=4;

--
-- AUTO_INCREMENT for table `settings`
--
ALTER TABLE `settings`
  MODIFY `id` bigint(20) UNSIGNED NOT NULL AUTO_INCREMENT, AUTO_INCREMENT=12;

--
-- AUTO_INCREMENT for table `suppliers`
--
ALTER TABLE `suppliers`
  MODIFY `id` bigint(20) UNSIGNED NOT NULL AUTO_INCREMENT, AUTO_INCREMENT=7;

--
-- AUTO_INCREMENT for table `taxes`
--
ALTER TABLE `taxes`
  MODIFY `id` bigint(20) UNSIGNED NOT NULL AUTO_INCREMENT, AUTO_INCREMENT=3;

--
-- AUTO_INCREMENT for table `units`
--
ALTER TABLE `units`
  MODIFY `id` bigint(20) UNSIGNED NOT NULL AUTO_INCREMENT, AUTO_INCREMENT=9;

--
-- AUTO_INCREMENT for table `users`
--
ALTER TABLE `users`
  MODIFY `id` bigint(20) UNSIGNED NOT NULL AUTO_INCREMENT, AUTO_INCREMENT=3;

--
-- AUTO_INCREMENT for table `warehouses`
--
ALTER TABLE `warehouses`
  MODIFY `id` bigint(20) UNSIGNED NOT NULL AUTO_INCREMENT, AUTO_INCREMENT=3;

--
-- AUTO_INCREMENT for table `warehouse_products`
--
ALTER TABLE `warehouse_products`
  MODIFY `id` bigint(20) UNSIGNED NOT NULL AUTO_INCREMENT, AUTO_INCREMENT=4;

--
-- Constraints for dumped tables
--

--
-- Constraints for table `attendances`
--
ALTER TABLE `attendances`
  ADD CONSTRAINT `attendances_employee_id_foreign` FOREIGN KEY (`employee_id`) REFERENCES `employees` (`id`);

--
-- Constraints for table `customers`
--
ALTER TABLE `customers`
  ADD CONSTRAINT `customers_customer_group_id_foreign` FOREIGN KEY (`customer_group_id`) REFERENCES `customer_groups` (`id`);

--
-- Constraints for table `employees`
--
ALTER TABLE `employees`
  ADD CONSTRAINT `employees_department_id_foreign` FOREIGN KEY (`department_id`) REFERENCES `departments` (`id`);

--
-- Constraints for table `expenses`
--
ALTER TABLE `expenses`
  ADD CONSTRAINT `expenses_account_id_foreign` FOREIGN KEY (`account_id`) REFERENCES `accounts` (`id`),
  ADD CONSTRAINT `expenses_expense_category_id_foreign` FOREIGN KEY (`expense_category_id`) REFERENCES `expense_categories` (`id`),
  ADD CONSTRAINT `expenses_warehouse_id_foreign` FOREIGN KEY (`warehouse_id`) REFERENCES `warehouses` (`id`);

--
-- Constraints for table `modules`
--
ALTER TABLE `modules`
  ADD CONSTRAINT `modules_menu_id_foreign` FOREIGN KEY (`menu_id`) REFERENCES `menus` (`id`);

--
-- Constraints for table `module_role`
--
ALTER TABLE `module_role`
  ADD CONSTRAINT `module_role_module_id_foreign` FOREIGN KEY (`module_id`) REFERENCES `modules` (`id`),
  ADD CONSTRAINT `module_role_role_id_foreign` FOREIGN KEY (`role_id`) REFERENCES `roles` (`id`);

--
-- Constraints for table `payments`
--
ALTER TABLE `payments`
  ADD CONSTRAINT `payments_account_id_foreign` FOREIGN KEY (`account_id`) REFERENCES `accounts` (`id`),
  ADD CONSTRAINT `payments_purchase_id_foreign` FOREIGN KEY (`purchase_id`) REFERENCES `purchases` (`id`);

--
-- Constraints for table `payrolls`
--
ALTER TABLE `payrolls`
  ADD CONSTRAINT `payrolls_account_id_foreign` FOREIGN KEY (`account_id`) REFERENCES `accounts` (`id`),
  ADD CONSTRAINT `payrolls_employee_id_foreign` FOREIGN KEY (`employee_id`) REFERENCES `employees` (`id`);

--
-- Constraints for table `permissions`
--
ALTER TABLE `permissions`
  ADD CONSTRAINT `permissions_module_id_foreign` FOREIGN KEY (`module_id`) REFERENCES `modules` (`id`);

--
-- Constraints for table `permission_role`
--
ALTER TABLE `permission_role`
  ADD CONSTRAINT `permission_role_permission_id_foreign` FOREIGN KEY (`permission_id`) REFERENCES `permissions` (`id`),
  ADD CONSTRAINT `permission_role_role_id_foreign` FOREIGN KEY (`role_id`) REFERENCES `roles` (`id`);

--
-- Constraints for table `products`
--
ALTER TABLE `products`
  ADD CONSTRAINT `products_brand_id_foreign` FOREIGN KEY (`brand_id`) REFERENCES `brands` (`id`),
  ADD CONSTRAINT `products_category_id_foreign` FOREIGN KEY (`category_id`) REFERENCES `categories` (`id`),
  ADD CONSTRAINT `products_purchase_unit_id_foreign` FOREIGN KEY (`purchase_unit_id`) REFERENCES `units` (`id`),
  ADD CONSTRAINT `products_sale_unit_id_foreign` FOREIGN KEY (`sale_unit_id`) REFERENCES `units` (`id`),
  ADD CONSTRAINT `products_tax_id_foreign` FOREIGN KEY (`tax_id`) REFERENCES `taxes` (`id`),
  ADD CONSTRAINT `products_unit_id_foreign` FOREIGN KEY (`unit_id`) REFERENCES `units` (`id`);

--
-- Constraints for table `purchases`
--
ALTER TABLE `purchases`
  ADD CONSTRAINT `purchases_supplier_id_foreign` FOREIGN KEY (`supplier_id`) REFERENCES `suppliers` (`id`),
  ADD CONSTRAINT `purchases_warehouse_id_foreign` FOREIGN KEY (`warehouse_id`) REFERENCES `warehouses` (`id`);

--
-- Constraints for table `purchase_products`
--
ALTER TABLE `purchase_products`
  ADD CONSTRAINT `purchase_products_product_id_foreign` FOREIGN KEY (`product_id`) REFERENCES `products` (`id`),
  ADD CONSTRAINT `purchase_products_purchase_id_foreign` FOREIGN KEY (`purchase_id`) REFERENCES `purchases` (`id`),
  ADD CONSTRAINT `purchase_products_unit_id_foreign` FOREIGN KEY (`unit_id`) REFERENCES `units` (`id`);

--
-- Constraints for table `sales`
--
ALTER TABLE `sales`
  ADD CONSTRAINT `sales_customer_id_foreign` FOREIGN KEY (`customer_id`) REFERENCES `customers` (`id`),
  ADD CONSTRAINT `sales_warehouse_id_foreign` FOREIGN KEY (`warehouse_id`) REFERENCES `warehouses` (`id`);

--
-- Constraints for table `sale_products`
--
ALTER TABLE `sale_products`
  ADD CONSTRAINT `sale_products_product_id_foreign` FOREIGN KEY (`product_id`) REFERENCES `products` (`id`),
  ADD CONSTRAINT `sale_products_sale_id_foreign` FOREIGN KEY (`sale_id`) REFERENCES `sales` (`id`),
  ADD CONSTRAINT `sale_products_sale_unit_id_foreign` FOREIGN KEY (`sale_unit_id`) REFERENCES `units` (`id`);

--
-- Constraints for table `users`
--
ALTER TABLE `users`
  ADD CONSTRAINT `users_role_id_foreign` FOREIGN KEY (`role_id`) REFERENCES `roles` (`id`);

--
-- Constraints for table `warehouse_products`
--
ALTER TABLE `warehouse_products`
  ADD CONSTRAINT `warehouse_products_product_id_foreign` FOREIGN KEY (`product_id`) REFERENCES `products` (`id`),
  ADD CONSTRAINT `warehouse_products_warehouse_id_foreign` FOREIGN KEY (`warehouse_id`) REFERENCES `warehouses` (`id`);
COMMIT;

/*!40101 SET CHARACTER_SET_CLIENT=@OLD_CHARACTER_SET_CLIENT */;
/*!40101 SET CHARACTER_SET_RESULTS=@OLD_CHARACTER_SET_RESULTS */;
/*!40101 SET COLLATION_CONNECTION=@OLD_COLLATION_CONNECTION */;
